CCAA;Nombre CCAA;Provincia;Nombre Provincia;Municipio INE;Municipio;Nombre Municipio;NombredelMunicipioAntiguo;HOJA;AGREGADO;ZONA
1;ANDALUCIA;4;ALMERÍA;1;1;ABLA;;04001A;0;0
1;ANDALUCIA;4;ALMERÍA;2;2;ABRUCENA;;04002A;0;0
1;ANDALUCIA;4;ALMERÍA;3;3;ADRA;;04003A;0;0
1;ANDALUCIA;4;ALMERÍA;4;4;ALBANCHEZ;;04004A;0;0
1;ANDALUCIA;4;ALMERÍA;5;5;ALBOLODUY;;04005A;0;0
1;ANDALUCIA;4;ALMERÍA;6;6;ALBOX;;04006A;0;0
1;ANDALUCIA;4;ALMERÍA;7;7;ALCOLEA;;04007A;0;0
1;ANDALUCIA;4;ALMERÍA;8;8;ALCONTAR;;04008A;0;0
1;ANDALUCIA;4;ALMERÍA;9;9;ALCUDIA DE MONTEAGUD;;04009A;0;0
1;ANDALUCIA;4;ALMERÍA;10;10;ALHABIA;;04010A;0;0
1;ANDALUCIA;4;ALMERÍA;11;11;ALHAMA DE ALMERIA;;04011A;0;0
1;ANDALUCIA;4;ALMERÍA;12;12;ALICUN;;04012A;0;0
1;ANDALUCIA;4;ALMERÍA;13;900;ALMERIA;;04900A;0;0
1;ANDALUCIA;4;ALMERÍA;14;14;ALMOCITA;;04014A;0;0
1;ANDALUCIA;4;ALMERÍA;15;15;ALSODUX;;04015A;0;0
1;ANDALUCIA;4;ALMERÍA;16;16;ANTAS;;04016A;0;0
1;ANDALUCIA;4;ALMERÍA;17;17;ARBOLEAS;;04017A;0;0
1;ANDALUCIA;4;ALMERÍA;18;18;ARMUÑA DEL ALMANZORA;;04018A;0;0
1;ANDALUCIA;4;ALMERÍA;19;19;BACARES;;04019A;0;0
1;ANDALUCIA;4;ALMERÍA;20;20;BAYARCAL;;04020A;0;0
1;ANDALUCIA;4;ALMERÍA;21;21;BAYARQUE;;04021A;0;0
1;ANDALUCIA;4;ALMERÍA;22;22;BEDAR;;04022A;0;0
1;ANDALUCIA;4;ALMERÍA;23;23;BEIRES;;04023A;0;0
1;ANDALUCIA;4;ALMERÍA;24;24;BENAHADUX;;04024A;0;0
1;ANDALUCIA;4;ALMERÍA;26;26;BENITAGLA;;04026A;0;0
1;ANDALUCIA;4;ALMERÍA;27;27;BENIZALON;;04027A;0;0
1;ANDALUCIA;4;ALMERÍA;28;28;BENTARIQUE;;04028A;0;0
1;ANDALUCIA;4;ALMERÍA;29;29;BERJA;;04029A;0;0
1;ANDALUCIA;4;ALMERÍA;30;30;CANJAYAR;;04030A;0;0
1;ANDALUCIA;4;ALMERÍA;31;31;CANTORIA;;04031A;0;0
1;ANDALUCIA;4;ALMERÍA;32;32;CARBONERAS;;04032A;0;0
1;ANDALUCIA;4;ALMERÍA;33;33;CASTRO DE FILABRES;;04033A;0;0
1;ANDALUCIA;4;ALMERÍA;34;34;COBDAR;;04034A;0;0
1;ANDALUCIA;4;ALMERÍA;35;35;CUEVAS DEL ALMANZORA;;04035A;0;0
1;ANDALUCIA;4;ALMERÍA;36;36;CHERCOS;;04036A;0;0
1;ANDALUCIA;4;ALMERÍA;37;37;CHIRIVEL;;04037A;0;0
1;ANDALUCIA;4;ALMERÍA;38;38;DALIAS;;04038A;0;0
1;ANDALUCIA;4;ALMERÍA;41;41;ENIX;;04041A;0;0
1;ANDALUCIA;4;ALMERÍA;43;43;FELIX;;04043A;0;0
1;ANDALUCIA;4;ALMERÍA;44;44;FINES;;04044A;0;0
1;ANDALUCIA;4;ALMERÍA;45;45;FIÑANA;;04045A;0;0
1;ANDALUCIA;4;ALMERÍA;46;46;FONDON;;04046A;0;0
1;ANDALUCIA;4;ALMERÍA;47;47;GADOR;;04047A;0;0
1;ANDALUCIA;4;ALMERÍA;48;48;LOS GALLARDOS;;04048A;0;0
1;ANDALUCIA;4;ALMERÍA;49;49;GARRUCHA;;04049A;0;0
1;ANDALUCIA;4;ALMERÍA;50;50;GERGAL;;04050A;0;0
1;ANDALUCIA;4;ALMERÍA;51;51;HUECIJA;;04051A;0;0
1;ANDALUCIA;4;ALMERÍA;52;52;HUERCAL DE ALMERIA;;04052A;0;0
1;ANDALUCIA;4;ALMERÍA;53;53;HUERCAL-OVERA;;04053A;0;0
1;ANDALUCIA;4;ALMERÍA;54;54;ILLAR;;04054A;0;0
1;ANDALUCIA;4;ALMERÍA;55;55;INSTINCION;;04055A;0;0
1;ANDALUCIA;4;ALMERÍA;56;56;LAROYA;;04056A;0;0
1;ANDALUCIA;4;ALMERÍA;57;57;LAUJAR DE ANDARAX;;04057A;0;0
1;ANDALUCIA;4;ALMERÍA;58;58;LIJAR;;04058A;0;0
1;ANDALUCIA;4;ALMERÍA;59;59;LUBRIN;;04059A;0;0
1;ANDALUCIA;4;ALMERÍA;60;60;LUCAINENA DE LAS TORRES;;04060A;0;0
1;ANDALUCIA;4;ALMERÍA;61;61;LUCAR;;04061A;0;0
1;ANDALUCIA;4;ALMERÍA;62;62;MACAEL;;04062A;0;0
1;ANDALUCIA;4;ALMERÍA;63;63;MARIA;;04063A;0;0
1;ANDALUCIA;4;ALMERÍA;64;64;MOJACAR;;04064A;0;0
1;ANDALUCIA;4;ALMERÍA;65;65;NACIMIENTO;;04065A;0;0
1;ANDALUCIA;4;ALMERÍA;66;66;NIJAR;;04066A;0;0
1;ANDALUCIA;4;ALMERÍA;67;67;OHANES;;04067A;0;0
1;ANDALUCIA;4;ALMERÍA;68;68;OLULA DE CASTRO;;04068A;0;0
1;ANDALUCIA;4;ALMERÍA;69;69;OLULA DEL RIO;;04069A;0;0
1;ANDALUCIA;4;ALMERÍA;70;70;ORIA;;04070A;0;0
1;ANDALUCIA;4;ALMERÍA;71;71;PADULES;;04071A;0;0
1;ANDALUCIA;4;ALMERÍA;72;72;PARTALOA;;04072A;0;0
1;ANDALUCIA;4;ALMERÍA;73;73;PATERNA DEL RIO;;04073A;0;0
1;ANDALUCIA;4;ALMERÍA;74;74;PECHINA;;04074A;0;0
1;ANDALUCIA;4;ALMERÍA;75;75;PULPI;;04075A;0;0
1;ANDALUCIA;4;ALMERÍA;76;76;PURCHENA;;04076A;0;0
1;ANDALUCIA;4;ALMERÍA;77;77;RAGOL;;04077A;0;0
1;ANDALUCIA;4;ALMERÍA;78;78;RIOJA;;04078A;0;0
1;ANDALUCIA;4;ALMERÍA;79;79;ROQUETAS DE MAR;;04079A;0;0
1;ANDALUCIA;4;ALMERÍA;80;80;SANTA CRUZ;;04080A;0;0
1;ANDALUCIA;4;ALMERÍA;81;81;SANTA FE DE MONDUJAR;;04081A;0;0
1;ANDALUCIA;4;ALMERÍA;82;82;SENES;;04082A;0;0
1;ANDALUCIA;4;ALMERÍA;83;83;SERON;;04083A;0;0
1;ANDALUCIA;4;ALMERÍA;84;84;SIERRO;;04084A;0;0
1;ANDALUCIA;4;ALMERÍA;85;85;SOMONTIN;;04085A;0;0
1;ANDALUCIA;4;ALMERÍA;86;86;SORBAS;;04086A;0;0
1;ANDALUCIA;4;ALMERÍA;87;87;SUFLI;;04087A;0;0
1;ANDALUCIA;4;ALMERÍA;88;88;TABERNAS;;04088A;0;0
1;ANDALUCIA;4;ALMERÍA;89;89;TABERNO;;04089A;0;0
1;ANDALUCIA;4;ALMERÍA;90;90;TAHAL;;04090A;0;0
1;ANDALUCIA;4;ALMERÍA;91;91;TERQUE;;04091A;0;0
1;ANDALUCIA;4;ALMERÍA;92;92;TIJOLA;;04092A;0;0
1;ANDALUCIA;4;ALMERÍA;93;93;TURRE;;04093A;0;0
1;ANDALUCIA;4;ALMERÍA;94;94;TURRILLAS;;04094A;0;0
1;ANDALUCIA;4;ALMERÍA;95;95;ULEILA DEL CAMPO;;04095A;0;0
1;ANDALUCIA;4;ALMERÍA;96;96;URRACAL;;04096A;0;0
1;ANDALUCIA;4;ALMERÍA;97;97;VELEFIQUE;;04097A;0;0
1;ANDALUCIA;4;ALMERÍA;98;98;VELEZ BLANCO;;04098A;0;0
1;ANDALUCIA;4;ALMERÍA;99;99;VELEZ RUBIO;;04099A;0;0
1;ANDALUCIA;4;ALMERÍA;100;100;VERA;;04100A;0;0
1;ANDALUCIA;4;ALMERÍA;101;101;VIATOR;;04101A;0;0
1;ANDALUCIA;4;ALMERÍA;102;102;VICAR;;04102A;0;0
1;ANDALUCIA;4;ALMERÍA;103;103;ZURGENA;;04103A;0;0
1;ANDALUCIA;4;ALMERÍA;901;40;LAS TRES VILLAS;;04040A;0;0
1;ANDALUCIA;4;ALMERÍA;902;104;EL EJIDO;;04104A;0;0
1;ANDALUCIA;4;ALMERÍA;903;105;LA MOJONERA;;04105A;0;0
1;ANDALUCIA;4;ALMERÍA;904;106;BALANEGRA;;04029A;0;0
1;ANDALUCIA;11;CÁDIZ;1;1;ALCALA DE LOS GAZULES;;11001A;0;0
1;ANDALUCIA;11;CÁDIZ;2;2;ALCALA DEL VALLE;;11002A;0;0
1;ANDALUCIA;11;CÁDIZ;3;3;ALGAR;;53003A;0;0
1;ANDALUCIA;11;CÁDIZ;4;4;ALGECIRAS;;11004A;0;0
1;ANDALUCIA;11;CÁDIZ;5;5;ALGODONALES;;11005A;0;0
1;ANDALUCIA;11;CÁDIZ;6;6;ARCOS DE LA FRONTERA;;53006A;0;0
1;ANDALUCIA;11;CÁDIZ;7;7;BARBATE;;11007A;0;0
1;ANDALUCIA;11;CÁDIZ;8;8;LOS BARRIOS;;11008A;0;0
1;ANDALUCIA;11;CÁDIZ;9;9;BENAOCAZ;;11009A;0;0
1;ANDALUCIA;11;CÁDIZ;10;10;BORNOS;;53010A;0;0
1;ANDALUCIA;11;CÁDIZ;11;11;EL BOSQUE;;11011A;0;0
1;ANDALUCIA;11;CÁDIZ;12;900;CADIZ;;11900A;0;0
1;ANDALUCIA;11;CÁDIZ;13;13;CASTELLAR DE LA FRONTERA;;11013A;0;0
1;ANDALUCIA;11;CÁDIZ;14;14;CONIL DE LA FRONTERA;;11014A;0;0
1;ANDALUCIA;11;CÁDIZ;15;15;CHICLANA DE LA FRONTERA;;11015A;0;0
1;ANDALUCIA;11;CÁDIZ;16;16;CHIPIONA;;11016A;0;0
1;ANDALUCIA;11;CÁDIZ;17;17;ESPERA;;53017A;0;0
1;ANDALUCIA;11;CÁDIZ;18;18;EL GASTOR;;11018A;0;0
1;ANDALUCIA;11;CÁDIZ;19;19;GRAZALEMA;;11019A;0;0
1;ANDALUCIA;11;CÁDIZ;20;20;JEREZ DE LA FRONTERA;;53020A;0;0
1;ANDALUCIA;11;CÁDIZ;21;21;JIMENA DE LA FRONTERA;;11021A;0;0
1;ANDALUCIA;11;CÁDIZ;22;22;LA LINEA DE LA CONCEPCION;;11022A;0;0
1;ANDALUCIA;11;CÁDIZ;23;23;MEDINA-SIDONIA;;11023A;0;0
1;ANDALUCIA;11;CÁDIZ;24;24;OLVERA;;11024A;0;0
1;ANDALUCIA;11;CÁDIZ;25;25;PATERNA DE RIVERA;;11025A;0;0
1;ANDALUCIA;11;CÁDIZ;26;26;PRADO DEL REY;;53026A;0;0
1;ANDALUCIA;11;CÁDIZ;27;27;EL PUERTO DE SANTA MARIA;;11027A;0;0
1;ANDALUCIA;11;CÁDIZ;28;28;PUERTO REAL;;11028A;0;0
1;ANDALUCIA;11;CÁDIZ;29;29;PUERTO SERRANO;;11029A;0;0
1;ANDALUCIA;11;CÁDIZ;30;30;ROTA;;11027A;0;0
1;ANDALUCIA;11;CÁDIZ;30;30;ROTA;;11030A;0;0
1;ANDALUCIA;11;CÁDIZ;31;31;SAN FERNANDO;;11031A;0;0
1;ANDALUCIA;11;CÁDIZ;32;32;SANLUCAR DE BARRAMEDA;;11032A;0;0
1;ANDALUCIA;11;CÁDIZ;33;33;SAN ROQUE;;11033A;0;0
1;ANDALUCIA;11;CÁDIZ;34;34;SETENIL DE LAS BODEGAS;;11034A;0;0
1;ANDALUCIA;11;CÁDIZ;35;35;TARIFA;;11035A;0;0
1;ANDALUCIA;11;CÁDIZ;36;36;TORRE-ALHAQUIME;;11036A;0;0
1;ANDALUCIA;11;CÁDIZ;37;37;TREBUJENA;;11037A;0;0
1;ANDALUCIA;11;CÁDIZ;38;38;UBRIQUE;;11038A;0;0
1;ANDALUCIA;11;CÁDIZ;39;39;VEJER DE LA FRONTERA;;11039A;0;0
1;ANDALUCIA;11;CÁDIZ;39;39;VEJER DE LA FRONTERA;;11039G;0;0
1;ANDALUCIA;11;CÁDIZ;40;40;VILLALUENGA DEL ROSARIO;;11040A;0;0
1;ANDALUCIA;11;CÁDIZ;41;41;VILLAMARTIN;;53041A;0;0
1;ANDALUCIA;11;CÁDIZ;42;42;ZAHARA DE LA SIERRA;;11042A;0;0
1;ANDALUCIA;11;CÁDIZ;901;43;BENALUP-CASAS VIEJAS;;11043A;0;0
1;ANDALUCIA;11;CÁDIZ;902;44;SAN JOSE DEL VALLE;;53044A;0;0
1;ANDALUCIA;14;CÓRDOBA;1;1;ADAMUZ;;14001A;0;0
1;ANDALUCIA;14;CÓRDOBA;2;2;AGUILAR;;14002A;0;0
1;ANDALUCIA;14;CÓRDOBA;3;3;ALCARACEJOS;;14003A;0;0
1;ANDALUCIA;14;CÓRDOBA;4;4;ALMEDINILLA;;14004A;0;0
1;ANDALUCIA;14;CÓRDOBA;5;5;ALMODOVAR DEL RIO;;14005A;0;0
1;ANDALUCIA;14;CÓRDOBA;6;6;AÑORA;;14006A;0;0
1;ANDALUCIA;14;CÓRDOBA;7;7;BAENA;;14007A;0;0
1;ANDALUCIA;14;CÓRDOBA;8;8;BELALCAZAR;;14008A;0;0
1;ANDALUCIA;14;CÓRDOBA;9;9;BELMEZ;;14009A;0;0
1;ANDALUCIA;14;CÓRDOBA;10;10;BENAMEJI;;14010A;0;0
1;ANDALUCIA;14;CÓRDOBA;11;11;BLAZQUEZ;;14011A;0;0
1;ANDALUCIA;14;CÓRDOBA;12;12;BUJALANCE;;14012A;0;0
1;ANDALUCIA;14;CÓRDOBA;13;13;CABRA;;14013A;0;0
1;ANDALUCIA;14;CÓRDOBA;14;14;CAÑETE DE LAS TORRES;;14014A;0;0
1;ANDALUCIA;14;CÓRDOBA;15;15;CARCABUEY;;14015A;0;0
1;ANDALUCIA;14;CÓRDOBA;16;16;CARDEÑA;;14016A;0;0
1;ANDALUCIA;14;CÓRDOBA;17;17;LA CARLOTA;;14017A;0;0
1;ANDALUCIA;14;CÓRDOBA;18;18;EL CARPIO;;14018A;0;0
1;ANDALUCIA;14;CÓRDOBA;19;19;CASTRO DEL RIO;;14019A;0;0
1;ANDALUCIA;14;CÓRDOBA;20;20;CONQUISTA;;14020A;0;0
1;ANDALUCIA;14;CÓRDOBA;21;900;CORDOBA;;14900A;0;0
1;ANDALUCIA;14;CÓRDOBA;22;22;DOÑA MENCIA;;14022A;0;0
1;ANDALUCIA;14;CÓRDOBA;23;23;DOS TORRES;;14023A;0;0
1;ANDALUCIA;14;CÓRDOBA;24;24;ENCINAS REALES;;14024A;0;0
1;ANDALUCIA;14;CÓRDOBA;25;25;ESPEJO;;14025A;0;0
1;ANDALUCIA;14;CÓRDOBA;26;26;ESPIEL;;14026A;0;0
1;ANDALUCIA;14;CÓRDOBA;27;27;FERNAN NUÑEZ;;14027A;0;0
1;ANDALUCIA;14;CÓRDOBA;28;28;FUENTE LA LANCHA;;14028A;0;0
1;ANDALUCIA;14;CÓRDOBA;29;29;FUENTE OBEJUNA;;14029A;0;0
1;ANDALUCIA;14;CÓRDOBA;30;30;FUENTE PALMERA;;14030A;0;0
1;ANDALUCIA;14;CÓRDOBA;31;31;FUENTE TOJAR;;14031A;0;0
1;ANDALUCIA;14;CÓRDOBA;32;32;LA GRANJUELA;;14032A;0;0
1;ANDALUCIA;14;CÓRDOBA;33;33;GUADALCAZAR;;14033A;0;0
1;ANDALUCIA;14;CÓRDOBA;34;34;GUIJO;;14034A;0;0
1;ANDALUCIA;14;CÓRDOBA;35;35;HINOJOSA DEL DUQUE;;14035A;0;0
1;ANDALUCIA;14;CÓRDOBA;36;36;HORNACHUELOS;;14036A;0;0
1;ANDALUCIA;14;CÓRDOBA;37;37;IZNAJAR;;14037A;0;0
1;ANDALUCIA;14;CÓRDOBA;38;38;LUCENA;;14038A;0;0
1;ANDALUCIA;14;CÓRDOBA;39;39;LUQUE;;14039A;0;0
1;ANDALUCIA;14;CÓRDOBA;40;40;MONTALBAN DE CORDOBA;;14040A;0;0
1;ANDALUCIA;14;CÓRDOBA;41;41;MONTEMAYOR;;14041A;0;0
1;ANDALUCIA;14;CÓRDOBA;42;42;MONTILLA;;14042A;0;0
1;ANDALUCIA;14;CÓRDOBA;43;43;MONTORO;;14043A;0;0
1;ANDALUCIA;14;CÓRDOBA;44;44;MONTURQUE;;14044A;0;0
1;ANDALUCIA;14;CÓRDOBA;45;45;MORILES;;14045A;0;0
1;ANDALUCIA;14;CÓRDOBA;46;46;NUEVA CARTEYA;;14046A;0;0
1;ANDALUCIA;14;CÓRDOBA;47;47;OBEJO;;14047A;0;0
1;ANDALUCIA;14;CÓRDOBA;48;48;PALENCIANA;;14048A;0;0
1;ANDALUCIA;14;CÓRDOBA;49;49;PALMA DEL RIO;;14049A;0;0
1;ANDALUCIA;14;CÓRDOBA;50;50;PEDRO ABAD;;14050A;0;0
1;ANDALUCIA;14;CÓRDOBA;51;51;PEDROCHE;;14051A;0;0
1;ANDALUCIA;14;CÓRDOBA;52;52;PEÑARROYA PUEBLONUEVO;;14052A;0;0
1;ANDALUCIA;14;CÓRDOBA;53;53;POSADAS;;14053A;0;0
1;ANDALUCIA;14;CÓRDOBA;54;54;POZOBLANCO;;14054A;0;0
1;ANDALUCIA;14;CÓRDOBA;55;55;PRIEGO DE CORDOBA;;14055A;0;0
1;ANDALUCIA;14;CÓRDOBA;56;56;PUENTE GENIL;;14056A;0;0
1;ANDALUCIA;14;CÓRDOBA;57;57;LA RAMBLA;;14057A;0;0
1;ANDALUCIA;14;CÓRDOBA;58;58;RUTE;;14058A;0;0
1;ANDALUCIA;14;CÓRDOBA;59;59;SAN SEBASTIAN DE LOS BALLESTER;;14059A;0;0
1;ANDALUCIA;14;CÓRDOBA;60;60;SANTAELLA;;14060A;0;0
1;ANDALUCIA;14;CÓRDOBA;61;61;SANTA EUFEMIA;;14061A;0;0
1;ANDALUCIA;14;CÓRDOBA;62;62;TORRECAMPO;;14062A;0;0
1;ANDALUCIA;14;CÓRDOBA;63;63;VALENZUELA;;14063A;0;0
1;ANDALUCIA;14;CÓRDOBA;64;64;VALSEQUILLO;;14064A;0;0
1;ANDALUCIA;14;CÓRDOBA;65;65;LA VICTORIA;;14065A;0;0
1;ANDALUCIA;14;CÓRDOBA;66;66;VILLA DEL RIO;;14066A;0;0
1;ANDALUCIA;14;CÓRDOBA;67;67;VILLAFRANCA DE CORDOBA;;14067A;0;0
1;ANDALUCIA;14;CÓRDOBA;68;68;VILLAHARTA;;14068A;0;0
1;ANDALUCIA;14;CÓRDOBA;69;69;VILLANUEVA DE CORDOBA;;14069A;0;0
1;ANDALUCIA;14;CÓRDOBA;70;70;VILLANUEVA DEL DUQUE;;14070A;0;0
1;ANDALUCIA;14;CÓRDOBA;71;71;VILLANUEVA DEL REY;;14071A;0;0
1;ANDALUCIA;14;CÓRDOBA;72;72;VILLARALTO;;14072A;0;0
1;ANDALUCIA;14;CÓRDOBA;73;73;VILLAVICIOSA DE CORDOBA;;14073A;0;0
1;ANDALUCIA;14;CÓRDOBA;74;74;EL VISO;;14074A;0;0
1;ANDALUCIA;14;CÓRDOBA;75;75;ZUHEROS;;14075A;0;0
1;ANDALUCIA;18;GRANADA;1;2;AGRON;;18002A;0;0
1;ANDALUCIA;18;GRANADA;2;3;ALAMEDILLA;;18003A;0;0
1;ANDALUCIA;18;GRANADA;3;4;ALBOLOTE;;18004A;0;0
1;ANDALUCIA;18;GRANADA;4;5;ALBONDON;;18005A;0;0
1;ANDALUCIA;18;GRANADA;5;6;ALBUÑAN;;18006A;0;0
1;ANDALUCIA;18;GRANADA;6;7;ALBUÑOL;;18007A;0;0
1;ANDALUCIA;18;GRANADA;7;8;ALBUÑUELAS;;18008A;0;0
1;ANDALUCIA;18;GRANADA;10;11;ALDEIRE;;18011A;0;0
1;ANDALUCIA;18;GRANADA;11;12;ALFACAR;;18012A;0;0
1;ANDALUCIA;18;GRANADA;12;13;ALGARINEJO;;18013A;0;0
1;ANDALUCIA;18;GRANADA;13;14;ALHAMA DE GRANADA;;18014A;0;0
1;ANDALUCIA;18;GRANADA;14;15;ALHENDIN;;18015A;0;0
1;ANDALUCIA;18;GRANADA;15;16;ALICUN DE ORTEGA;;18016A;0;0
1;ANDALUCIA;18;GRANADA;16;17;ALMEGIJAR;;18017A;0;0
1;ANDALUCIA;18;GRANADA;17;18;ALMUÑECAR;;18018A;0;0
1;ANDALUCIA;18;GRANADA;18;19;ALQUIFE;;18019A;0;0
1;ANDALUCIA;18;GRANADA;20;21;ARENAS DEL REY;;18021A;0;0
1;ANDALUCIA;18;GRANADA;21;22;ARMILLA;;18022A;0;0
1;ANDALUCIA;18;GRANADA;22;23;ATARFE;;18023A;0;0
1;ANDALUCIA;18;GRANADA;23;24;BAZA;;18024A;0;0
1;ANDALUCIA;18;GRANADA;24;25;BEAS DE GRANADA;;18025A;0;0
1;ANDALUCIA;18;GRANADA;25;26;BEAS DE GUADIX;;18026A;0;0
1;ANDALUCIA;18;GRANADA;27;28;BENALUA;;18028A;0;0
1;ANDALUCIA;18;GRANADA;28;29;BENALUA DE LAS VILLAS;;18029A;0;0
1;ANDALUCIA;18;GRANADA;29;30;BENAMAUREL;;18030A;0;0
1;ANDALUCIA;18;GRANADA;30;31;BERCHULES;;18031A;0;0
1;ANDALUCIA;18;GRANADA;32;33;BUBION;;18033A;0;0
1;ANDALUCIA;18;GRANADA;33;34;BUSQUISTAR;;18034A;0;0
1;ANDALUCIA;18;GRANADA;34;35;CACIN;;18035A;0;0
1;ANDALUCIA;18;GRANADA;35;36;CADIAR;;18036A;0;0
1;ANDALUCIA;18;GRANADA;36;37;CAJAR;;18037A;0;0
1;ANDALUCIA;18;GRANADA;37;38;CALICASAS;;18038A;0;0
1;ANDALUCIA;18;GRANADA;38;39;CAMPOTEJAR;;18039A;0;0
1;ANDALUCIA;18;GRANADA;39;40;CANILES;;18040A;0;0
1;ANDALUCIA;18;GRANADA;40;41;CAÑAR;;18041A;0;0
1;ANDALUCIA;18;GRANADA;42;43;CAPILEIRA;;18043A;0;0
1;ANDALUCIA;18;GRANADA;43;44;CARATAUNAS;;18044A;0;0
1;ANDALUCIA;18;GRANADA;44;45;CASTARAS;;18045A;0;0
1;ANDALUCIA;18;GRANADA;45;46;CASTILLEJAR;;18046A;0;0
1;ANDALUCIA;18;GRANADA;46;47;CASTRIL;;18047A;0;0
1;ANDALUCIA;18;GRANADA;47;48;CENES DE LA VEGA;;18048A;0;0
1;ANDALUCIA;18;GRANADA;48;49;CIJUELA;;18049A;0;0
1;ANDALUCIA;18;GRANADA;49;50;COGOLLOS DE GUADIX;;18050A;0;0
1;ANDALUCIA;18;GRANADA;50;51;COGOLLOS VEGA;;18051A;0;0
1;ANDALUCIA;18;GRANADA;51;52;COLOMERA;;18052A;0;0
1;ANDALUCIA;18;GRANADA;53;54;CORTES DE BAZA;;18054A;0;0
1;ANDALUCIA;18;GRANADA;54;55;CORTES Y GRAENA;;18055A;0;0
1;ANDALUCIA;18;GRANADA;56;57;CULLAR;;18057A;0;0
1;ANDALUCIA;18;GRANADA;57;58;CULLAR VEGA;;18058A;0;0
1;ANDALUCIA;18;GRANADA;59;60;CHAUCHINA;;18060A;0;0
1;ANDALUCIA;18;GRANADA;61;62;CHIMENEAS;;18062A;0;0
1;ANDALUCIA;18;GRANADA;62;64;CHURRIANA DE LA VEGA;;18064A;0;0
1;ANDALUCIA;18;GRANADA;63;65;DARRO;;18065A;0;0
1;ANDALUCIA;18;GRANADA;64;66;DEHESAS DE GUADIX;;18066A;0;0
1;ANDALUCIA;18;GRANADA;65;202;DEHESAS VIEJAS;;18107A;0;0
1;ANDALUCIA;18;GRANADA;65;202;DEHESAS VIEJAS;;18107D;0;0
1;ANDALUCIA;18;GRANADA;66;68;DEIFONTES;;18068A;0;0
1;ANDALUCIA;18;GRANADA;67;69;DIEZMA;;18069A;0;0
1;ANDALUCIA;18;GRANADA;68;70;DILAR;;18070A;0;0
1;ANDALUCIA;18;GRANADA;69;71;DOLAR;;18071A;0;0
1;ANDALUCIA;18;GRANADA;70;72;DUDAR;;18072A;0;0
1;ANDALUCIA;18;GRANADA;71;73;DURCAL;;18073A;0;0
1;ANDALUCIA;18;GRANADA;72;74;ESCUZAR;;18074A;0;0
1;ANDALUCIA;18;GRANADA;74;76;FERREIRA;;18076A;0;0
1;ANDALUCIA;18;GRANADA;76;78;FONELAS;;18078A;0;0
1;ANDALUCIA;18;GRANADA;78;80;FREILA;;18080A;0;0
1;ANDALUCIA;18;GRANADA;79;81;FUENTE VAQUEROS;;18081A;0;0
1;ANDALUCIA;18;GRANADA;82;84;GALERA;;18084A;0;0
1;ANDALUCIA;18;GRANADA;83;85;GOBERNADOR;;18085A;0;0
1;ANDALUCIA;18;GRANADA;84;86;GOJAR;;18086A;0;0
1;ANDALUCIA;18;GRANADA;85;87;GOR;;18087A;0;0
1;ANDALUCIA;18;GRANADA;86;88;GORAFE;;18088A;0;0
1;ANDALUCIA;18;GRANADA;87;900;GRANADA;;18900A;0;0
1;ANDALUCIA;18;GRANADA;88;90;GUADAHORTUNA;;18090A;0;0
1;ANDALUCIA;18;GRANADA;89;91;GUADIX;;18091A;0;0
1;ANDALUCIA;18;GRANADA;93;95;GUALCHOS;;18095A;0;0
1;ANDALUCIA;18;GRANADA;94;96;GUEJAR SIERRA;;18096A;0;0
1;ANDALUCIA;18;GRANADA;95;97;GUEVEJAR;;18097A;0;0
1;ANDALUCIA;18;GRANADA;96;98;HUELAGO;;18098A;0;0
1;ANDALUCIA;18;GRANADA;97;99;HUENEJA;;18099A;0;0
1;ANDALUCIA;18;GRANADA;98;100;HUESCAR;;18100A;0;0
1;ANDALUCIA;18;GRANADA;99;101;HUETOR SANTILLAN;;18101A;0;0
1;ANDALUCIA;18;GRANADA;100;102;HUETOR TAJAR;;18102A;0;0
1;ANDALUCIA;18;GRANADA;101;103;HUETOR VEGA;;18103A;0;0
1;ANDALUCIA;18;GRANADA;102;104;ILLORA;;18104A;0;0
1;ANDALUCIA;18;GRANADA;103;106;ITRABO;;18106A;0;0
1;ANDALUCIA;18;GRANADA;105;107;IZNALLOZ;;18107A;0;0
1;ANDALUCIA;18;GRANADA;106;108;JATAR;;18021A;0;0
1;ANDALUCIA;18;GRANADA;107;109;JAYENA;;18109A;0;0
1;ANDALUCIA;18;GRANADA;108;110;JEREZ DEL MARQUESADO;;18110A;0;0
1;ANDALUCIA;18;GRANADA;109;111;JETE;;18111A;0;0
1;ANDALUCIA;18;GRANADA;111;113;JUN;;18113A;0;0
1;ANDALUCIA;18;GRANADA;112;114;JUVILES;;18114A;0;0
1;ANDALUCIA;18;GRANADA;114;116;LACALAHORRA;;18116A;0;0
1;ANDALUCIA;18;GRANADA;115;117;LACHAR;;18117A;0;0
1;ANDALUCIA;18;GRANADA;116;118;LANJARON;;18118A;0;0
1;ANDALUCIA;18;GRANADA;117;119;LANTEIRA;;18119A;0;0
1;ANDALUCIA;18;GRANADA;119;63;LECRIN;;18063A;0;0
1;ANDALUCIA;18;GRANADA;120;121;LENTEJI;;18121A;0;0
1;ANDALUCIA;18;GRANADA;121;122;LOBRAS;;18122A;0;0
1;ANDALUCIA;18;GRANADA;122;123;LOJA;;18123A;0;0
1;ANDALUCIA;18;GRANADA;123;124;LUGROS;;18124A;0;0
1;ANDALUCIA;18;GRANADA;124;125;LUJAR;;18125A;0;0
1;ANDALUCIA;18;GRANADA;126;127;LA MALAHA;;18127A;0;0
1;ANDALUCIA;18;GRANADA;127;128;MARACENA;;18128A;0;0
1;ANDALUCIA;18;GRANADA;128;129;MARCHAL;;18129A;0;0
1;ANDALUCIA;18;GRANADA;132;133;MOCLIN;;18133A;0;0
1;ANDALUCIA;18;GRANADA;133;134;MOLVIZAR;;18134A;0;0
1;ANDALUCIA;18;GRANADA;134;135;MONACHIL;;18135A;0;0
1;ANDALUCIA;18;GRANADA;135;137;MONTEFRIO;;18137A;0;0
1;ANDALUCIA;18;GRANADA;136;138;MONTEJICAR;;18138A;0;0
1;ANDALUCIA;18;GRANADA;137;139;MONTILLANA;;18139A;0;0
1;ANDALUCIA;18;GRANADA;138;140;MORALEDA DE ZAFAYONA;;18140A;0;0
1;ANDALUCIA;18;GRANADA;140;142;MOTRIL;;18142A;0;0
1;ANDALUCIA;18;GRANADA;141;144;MURTAS;;18144A;0;0
1;ANDALUCIA;18;GRANADA;143;146;NIGUELAS;;18146A;0;0
1;ANDALUCIA;18;GRANADA;144;147;NIVAR;;18147A;0;0
1;ANDALUCIA;18;GRANADA;145;148;OGIJARES;;18148A;0;0
1;ANDALUCIA;18;GRANADA;146;149;ORCE;;18149A;0;0
1;ANDALUCIA;18;GRANADA;147;150;ORGIVA;;18150A;0;0
1;ANDALUCIA;18;GRANADA;148;151;OTIVAR;;18151A;0;0
1;ANDALUCIA;18;GRANADA;149;152;VILLA DE OTURA;;18152A;0;0
1;ANDALUCIA;18;GRANADA;150;153;PADUL;;18153A;0;0
1;ANDALUCIA;18;GRANADA;151;154;PAMPANEIRA;;18154A;0;0
1;ANDALUCIA;18;GRANADA;152;155;PEDRO MARTINEZ;;18155A;0;0
1;ANDALUCIA;18;GRANADA;153;156;PELIGROS;;18156A;0;0
1;ANDALUCIA;18;GRANADA;154;157;LA PEZA;;18157A;0;0
1;ANDALUCIA;18;GRANADA;157;160;PINOS GENIL;;18160A;0;0
1;ANDALUCIA;18;GRANADA;158;161;PINOS PUENTE;;18161A;0;0
1;ANDALUCIA;18;GRANADA;159;162;PIÑAR;;18162A;0;0
1;ANDALUCIA;18;GRANADA;161;164;POLICAR;;18164A;0;0
1;ANDALUCIA;18;GRANADA;162;165;POLOPOS;;18165A;0;0
1;ANDALUCIA;18;GRANADA;163;166;PORTUGOS;;18166A;0;0
1;ANDALUCIA;18;GRANADA;164;167;PUEBLA DE DON FADRIQUE;;18167A;0;0
1;ANDALUCIA;18;GRANADA;165;168;PULIANAS;;18168A;0;0
1;ANDALUCIA;18;GRANADA;167;170;PURULLENA;;18170A;0;0
1;ANDALUCIA;18;GRANADA;168;171;QUENTAR;;18171A;0;0
1;ANDALUCIA;18;GRANADA;170;173;RUBITE;;18173A;0;0
1;ANDALUCIA;18;GRANADA;171;174;SALAR;;18174A;0;0
1;ANDALUCIA;18;GRANADA;173;176;SALOBREÑA;;18176A;0;0
1;ANDALUCIA;18;GRANADA;174;177;SANTA CRUZ DEL COMERCIO;;18177A;0;0
1;ANDALUCIA;18;GRANADA;175;178;SANTA FE;;18178A;0;0
1;ANDALUCIA;18;GRANADA;176;179;SOPORTUJAR;;18179A;0;0
1;ANDALUCIA;18;GRANADA;177;180;SORVILAN;;18180A;0;0
1;ANDALUCIA;18;GRANADA;178;181;TORRE CARDELA;;18181A;0;0
1;ANDALUCIA;18;GRANADA;179;182;TORVIZCON;;18182A;0;0
1;ANDALUCIA;18;GRANADA;180;183;TREVELEZ;;18183A;0;0
1;ANDALUCIA;18;GRANADA;181;185;TURON;;18185A;0;0
1;ANDALUCIA;18;GRANADA;182;186;UGIJAR;;18186A;0;0
1;ANDALUCIA;18;GRANADA;183;187;VALOR;;18187A;0;0
1;ANDALUCIA;18;GRANADA;184;188;VELEZ DE BENAUDALLA;;18188A;0;0
1;ANDALUCIA;18;GRANADA;185;189;VENTAS DE HUELMA;;18189A;0;0
1;ANDALUCIA;18;GRANADA;187;191;VILLANUEVA DE LAS TORRES;;18191A;0;0
1;ANDALUCIA;18;GRANADA;188;192;VILLANUEVA MESIA;;18192A;0;0
1;ANDALUCIA;18;GRANADA;189;193;VIZNAR;;18193A;0;0
1;ANDALUCIA;18;GRANADA;192;196;ZAFARRAYA;;18196A;0;0
1;ANDALUCIA;18;GRANADA;193;197;LA ZUBIA;;18197A;0;0
1;ANDALUCIA;18;GRANADA;194;198;ZUJAR;;18198A;0;0
1;ANDALUCIA;18;GRANADA;901;163;LA TAHA;;18163A;0;0
1;ANDALUCIA;18;GRANADA;902;132;EL VALLE;;18132A;0;0
1;ANDALUCIA;18;GRANADA;903;120;NEVADA;;18120A;0;0
1;ANDALUCIA;18;GRANADA;904;130;ALPUJARRA DE LA SIERRA;;18130A;0;0
1;ANDALUCIA;18;GRANADA;905;83;LAS GABIAS;;18083A;0;0
1;ANDALUCIA;18;GRANADA;906;92;LOS GUAJARES;;18092A;0;0
1;ANDALUCIA;18;GRANADA;907;59;VALLE DEL ZALABI;;18059A;0;0
1;ANDALUCIA;18;GRANADA;908;53;VILLAMENA;;18053A;0;0
1;ANDALUCIA;18;GRANADA;909;141;MORELABOR;;18141A;0;0
1;ANDALUCIA;18;GRANADA;910;105;EL PINAR;;18105A;0;0
1;ANDALUCIA;18;GRANADA;911;20;VEGAS DEL GENIL;;18020A;0;0
1;ANDALUCIA;18;GRANADA;912;199;CUEVAS CAMPO;;18199A;0;0
1;ANDALUCIA;18;GRANADA;913;200;ZAGRA;;18200A;0;0
1;ANDALUCIA;18;GRANADA;915;204;DOMINGO PEREZ DE GRANADA;;18107A;0;0
1;ANDALUCIA;21;HUELVA;1;1;ALAJAR;;21001A;0;0
1;ANDALUCIA;21;HUELVA;2;2;ALJARAQUE;;21002A;0;0
1;ANDALUCIA;21;HUELVA;3;3;EL ALMENDRO;;21003A;0;0
1;ANDALUCIA;21;HUELVA;4;4;ALMONASTER LA REAL;;21004A;0;0
1;ANDALUCIA;21;HUELVA;5;5;ALMONTE;;21005A;0;0
1;ANDALUCIA;21;HUELVA;6;6;ALOSNO;;21006A;0;0
1;ANDALUCIA;21;HUELVA;7;7;ARACENA;;21007A;0;0
1;ANDALUCIA;21;HUELVA;8;8;AROCHE;;21008A;0;0
1;ANDALUCIA;21;HUELVA;9;9;ARROYOMOLINOS DE LEON;;21009A;0;0
1;ANDALUCIA;21;HUELVA;10;10;AYAMONTE;;21010A;0;0
1;ANDALUCIA;21;HUELVA;11;11;BEAS;;21011A;0;0
1;ANDALUCIA;21;HUELVA;12;12;BERROCAL;;21012A;0;0
1;ANDALUCIA;21;HUELVA;13;13;BOLLULLOS PAR DEL CONDADO;;21013A;0;0
1;ANDALUCIA;21;HUELVA;14;14;BONARES;;21014A;0;0
1;ANDALUCIA;21;HUELVA;15;15;CABEZAS RUBIAS;;21015A;0;0
1;ANDALUCIA;21;HUELVA;16;16;CALA;;21016A;0;0
1;ANDALUCIA;21;HUELVA;17;17;CALAÑAS;;21017A;0;0
1;ANDALUCIA;21;HUELVA;18;18;EL CAMPILLO;;21018A;0;0
1;ANDALUCIA;21;HUELVA;19;19;CAMPOFRIO;;21019A;0;0
1;ANDALUCIA;21;HUELVA;20;20;CAÑAVERAL DE LEON;;21020A;0;0
1;ANDALUCIA;21;HUELVA;21;21;CARTAYA;;21021A;0;0
1;ANDALUCIA;21;HUELVA;22;22;CASTAÑO DEL ROBLEDO;;21022A;0;0
1;ANDALUCIA;21;HUELVA;23;23;EL CERRO DEL ANDEVALO;;21023A;0;0
1;ANDALUCIA;21;HUELVA;24;24;CORTECONCEPCION;;21024A;0;0
1;ANDALUCIA;21;HUELVA;25;25;CORTEGANA;;21025A;0;0
1;ANDALUCIA;21;HUELVA;26;26;CORTELAZOR;;21026A;0;0
1;ANDALUCIA;21;HUELVA;27;27;CUMBRES DE ENMEDIO;;21027A;0;0
1;ANDALUCIA;21;HUELVA;28;28;CUMBRES DE SAN BARTOLOME;;21028A;0;0
1;ANDALUCIA;21;HUELVA;29;29;CUMBRES MAYORES;;21029A;0;0
1;ANDALUCIA;21;HUELVA;30;30;CHUCENA;;21030A;0;0
1;ANDALUCIA;21;HUELVA;31;31;ENCINASOLA;;21031A;0;0
1;ANDALUCIA;21;HUELVA;32;32;ESCACENA DEL CAMPO;;21032A;0;0
1;ANDALUCIA;21;HUELVA;33;33;FUENTEHERIDOS;;21033A;0;0
1;ANDALUCIA;21;HUELVA;34;34;GALAROZA;;21034A;0;0
1;ANDALUCIA;21;HUELVA;35;35;GIBRALEON;;21035A;0;0
1;ANDALUCIA;21;HUELVA;36;36;LA GRANADA DE RIOTINTO;;21036A;0;0
1;ANDALUCIA;21;HUELVA;37;37;EL GRANADO;;21037A;0;0
1;ANDALUCIA;21;HUELVA;38;38;HIGUERA DE LA SIERRA;;21038A;0;0
1;ANDALUCIA;21;HUELVA;39;39;HINOJALES;;21039A;0;0
1;ANDALUCIA;21;HUELVA;40;40;HINOJOS;;21040A;0;0
1;ANDALUCIA;21;HUELVA;41;900;HUELVA;;21900A;0;0
1;ANDALUCIA;21;HUELVA;42;42;ISLA CRISTINA;;21042A;0;0
1;ANDALUCIA;21;HUELVA;43;43;JABUGO;;21043A;0;0
1;ANDALUCIA;21;HUELVA;44;44;LEPE;;21044A;0;0
1;ANDALUCIA;21;HUELVA;45;45;LINARES DE LA SIERRA;;21045A;0;0
1;ANDALUCIA;21;HUELVA;46;46;LUCENA DEL PUERTO;;21046A;0;0
1;ANDALUCIA;21;HUELVA;47;47;MANZANILLA;;21047A;0;0
1;ANDALUCIA;21;HUELVA;48;48;MARINES LOS;;21048A;0;0
1;ANDALUCIA;21;HUELVA;49;49;MINAS DE RIOTINTO;;21049A;0;0
1;ANDALUCIA;21;HUELVA;50;50;MOGUER;;21050A;0;0
1;ANDALUCIA;21;HUELVA;51;51;LA NAVA;;21051A;0;0
1;ANDALUCIA;21;HUELVA;52;52;NERVA;;21052A;0;0
1;ANDALUCIA;21;HUELVA;53;53;NIEBLA;;21053A;0;0
1;ANDALUCIA;21;HUELVA;54;54;LA PALMA DEL CONDADO;;21054A;0;0
1;ANDALUCIA;21;HUELVA;55;55;PALOS DE LA FRONTERA;;21055A;0;0
1;ANDALUCIA;21;HUELVA;56;56;PATERNA DEL CAMPO;;21056A;0;0
1;ANDALUCIA;21;HUELVA;57;57;PAYMOGO;;21057A;0;0
1;ANDALUCIA;21;HUELVA;58;58;PUEBLA DE GUZMAN;;21058A;0;0
1;ANDALUCIA;21;HUELVA;59;59;PUERTO MORAL;;21059A;0;0
1;ANDALUCIA;21;HUELVA;60;79;PUNTA UMBRIA;;21079A;0;0
1;ANDALUCIA;21;HUELVA;61;60;ROCIANA DEL CONDADO;;21060A;0;0
1;ANDALUCIA;21;HUELVA;62;61;ROSAL DE LA FRONTERA;;21061A;0;0
1;ANDALUCIA;21;HUELVA;63;62;SAN BARTOLOME TORRE;;21062A;0;0
1;ANDALUCIA;21;HUELVA;64;63;SAN JUAN DEL PUERTO;;21063A;0;0
1;ANDALUCIA;21;HUELVA;65;64;SANLUCAR DE GUADIANA;;21064A;0;0
1;ANDALUCIA;21;HUELVA;66;65;SAN SILVESTRE DE GUZMAN;;21065A;0;0
1;ANDALUCIA;21;HUELVA;67;66;SANTA ANA LA REAL;;21066A;0;0
1;ANDALUCIA;21;HUELVA;68;67;SANTA BARBARA DE CASA;;21067A;0;0
1;ANDALUCIA;21;HUELVA;69;68;SANTA OLALLA DEL CALA;;21068A;0;0
1;ANDALUCIA;21;HUELVA;70;69;TRIGUEROS;;21069A;0;0
1;ANDALUCIA;21;HUELVA;71;70;VALDELARCO;;21070A;0;0
1;ANDALUCIA;21;HUELVA;72;71;VALVERDE DEL CAMINO;;21071A;0;0
1;ANDALUCIA;21;HUELVA;73;72;VILLABLANCA;;21072A;0;0
1;ANDALUCIA;21;HUELVA;74;73;VILLALBA DEL ALCOR;;21073A;0;0
1;ANDALUCIA;21;HUELVA;75;74;VILLANUEVA DE LAS CRUCES;;21074A;0;0
1;ANDALUCIA;21;HUELVA;76;75;VILLANUEVA DE LOS CASTILLEJOS;;21075A;0;0
1;ANDALUCIA;21;HUELVA;77;76;VILLARRASA;;21076A;0;0
1;ANDALUCIA;21;HUELVA;78;77;ZALAMEA LA REAL;;21077A;0;0
1;ANDALUCIA;21;HUELVA;79;78;ZUFRE;;21078A;0;0
1;ANDALUCIA;23;JAÉN;1;1;ALBANCHEZ DE MAGINA;;23001A;0;0
1;ANDALUCIA;23;JAÉN;2;2;ALCALA LA REAL;;23002A;0;0
1;ANDALUCIA;23;JAÉN;3;3;ALCAUDETE;;23003A;0;0
1;ANDALUCIA;23;JAÉN;4;4;ALDEAQUEMADA;;23004A;0;0
1;ANDALUCIA;23;JAÉN;5;5;ANDUJAR;;23005A;0;0
1;ANDALUCIA;23;JAÉN;6;6;ARJONA;;23006A;0;0
1;ANDALUCIA;23;JAÉN;7;7;ARJONILLA;;23007A;0;0
1;ANDALUCIA;23;JAÉN;8;8;ARQUILLOS;;23008A;0;0
1;ANDALUCIA;23;JAÉN;9;9;BAEZA;;23009A;0;0
1;ANDALUCIA;23;JAÉN;10;10;BAILEN;;23010A;0;0
1;ANDALUCIA;23;JAÉN;11;11;BAÑOS DE LA ENCINA;;23011A;0;0
1;ANDALUCIA;23;JAÉN;12;12;BEAS DE SEGURA;;23012A;0;0
1;ANDALUCIA;23;JAÉN;14;14;BEGIJAR;;23014A;0;0
1;ANDALUCIA;23;JAÉN;15;15;BELMEZ DE LA MORALEDA;;23015A;0;0
1;ANDALUCIA;23;JAÉN;16;16;BENATAE;;23016A;0;0
1;ANDALUCIA;23;JAÉN;17;17;CABRA DEL SANTO CRISTO;;23017A;0;0
1;ANDALUCIA;23;JAÉN;18;18;CAMBIL;;23018A;0;0
1;ANDALUCIA;23;JAÉN;19;19;CAMPILLO DE ARENAS;;23019A;0;0
1;ANDALUCIA;23;JAÉN;20;20;CANENA;;23020A;0;0
1;ANDALUCIA;23;JAÉN;21;21;CARBONEROS;;23021A;0;0
1;ANDALUCIA;23;JAÉN;24;24;LA CAROLINA;;23024A;0;0
1;ANDALUCIA;23;JAÉN;25;25;CASTELLAR;;23025A;0;0
1;ANDALUCIA;23;JAÉN;26;26;CASTILLO DE LOCUBIN;;23026A;0;0
1;ANDALUCIA;23;JAÉN;27;27;CAZALILLA;;23027A;0;0
1;ANDALUCIA;23;JAÉN;28;28;CAZORLA;;23028A;0;0
1;ANDALUCIA;23;JAÉN;29;29;CHICLANA DE SEGURA;;23029A;0;0
1;ANDALUCIA;23;JAÉN;30;30;CHILLUEVAR;;23030A;0;0
1;ANDALUCIA;23;JAÉN;31;31;ESCAÑUELA;;23031A;0;0
1;ANDALUCIA;23;JAÉN;32;32;ESPELUY;;23032A;0;0
1;ANDALUCIA;23;JAÉN;33;33;FRAILES;;23033A;0;0
1;ANDALUCIA;23;JAÉN;34;34;FUENSANTA DE MARTOS;;23034A;0;0
1;ANDALUCIA;23;JAÉN;35;35;FUERTE DEL REY;;23035A;0;0
1;ANDALUCIA;23;JAÉN;37;37;GENAVE;;23037A;0;0
1;ANDALUCIA;23;JAÉN;38;38;LA GUARDIA DE JAEN;;23038A;0;0
1;ANDALUCIA;23;JAÉN;39;39;GUARROMAN;;23039A;0;0
1;ANDALUCIA;23;JAÉN;40;40;LAHIGUERA;;23040A;0;0
1;ANDALUCIA;23;JAÉN;41;41;HIGUERA DE CALATRAVA;;23041A;0;0
1;ANDALUCIA;23;JAÉN;42;42;HINOJARES;;23042A;0;0
1;ANDALUCIA;23;JAÉN;43;43;HORNOS DE SEGURA;;23043A;0;0
1;ANDALUCIA;23;JAÉN;44;44;HUELMA-SOLERA;;23044A;0;0
1;ANDALUCIA;23;JAÉN;45;45;HUESA;;23045A;0;0
1;ANDALUCIA;23;JAÉN;46;46;IBROS;;23046A;0;0
1;ANDALUCIA;23;JAÉN;47;47;LA IRUELA;;23047A;0;0
1;ANDALUCIA;23;JAÉN;48;48;IZNATORAF;;23048A;0;0
1;ANDALUCIA;23;JAÉN;49;49;JABALQUINTO;;23049A;0;0
1;ANDALUCIA;23;JAÉN;50;900;JAEN;;23900A;0;0
1;ANDALUCIA;23;JAÉN;51;51;JAMILENA;;23051A;0;0
1;ANDALUCIA;23;JAÉN;52;52;JIMENA;;23052A;0;0
1;ANDALUCIA;23;JAÉN;53;53;JODAR;;23053A;0;0
1;ANDALUCIA;23;JAÉN;54;54;LARVA;;23054A;0;0
1;ANDALUCIA;23;JAÉN;55;55;LINARES;;23055A;0;0
1;ANDALUCIA;23;JAÉN;56;56;LOPERA;;23056A;0;0
1;ANDALUCIA;23;JAÉN;57;57;LUPION;;23057A;0;0
1;ANDALUCIA;23;JAÉN;58;58;MANCHA REAL;;23058A;0;0
1;ANDALUCIA;23;JAÉN;59;59;MARMOLEJO;;23059A;0;0
1;ANDALUCIA;23;JAÉN;60;60;MARTOS;;23060A;0;0
1;ANDALUCIA;23;JAÉN;61;61;MENGIBAR;;23061A;0;0
1;ANDALUCIA;23;JAÉN;62;62;MONTIZON;;23062A;0;0
1;ANDALUCIA;23;JAÉN;63;63;NAVAS DE SAN JUAN;;23063A;0;0
1;ANDALUCIA;23;JAÉN;64;64;NOALEJO;;23064A;0;0
1;ANDALUCIA;23;JAÉN;65;65;ORCERA;;23065A;0;0
1;ANDALUCIA;23;JAÉN;66;66;PEAL DE BECERRO;;23066A;0;0
1;ANDALUCIA;23;JAÉN;67;67;PEGALAJAR;;23067A;0;0
1;ANDALUCIA;23;JAÉN;69;69;PORCUNA;;23069A;0;0
1;ANDALUCIA;23;JAÉN;70;70;POZO ALCON;;23070A;0;0
1;ANDALUCIA;23;JAÉN;71;71;PUENTE GENAVE;;23071A;0;0
1;ANDALUCIA;23;JAÉN;72;72;LA PUERTA DE SEGURA;;23072A;0;0
1;ANDALUCIA;23;JAÉN;73;73;QUESADA;;23073A;0;0
1;ANDALUCIA;23;JAÉN;74;74;RUS;;23074A;0;0
1;ANDALUCIA;23;JAÉN;75;75;SABIOTE;;23075A;0;0
1;ANDALUCIA;23;JAÉN;76;76;SANTA ELENA;;23076A;0;0
1;ANDALUCIA;23;JAÉN;77;77;SANTIAGO DE CALATRAVA;;23077A;0;0
1;ANDALUCIA;23;JAÉN;79;79;SANTISTEBAN DEL PUERTO;;23079A;0;0
1;ANDALUCIA;23;JAÉN;80;80;SANTO TOME;;23080A;0;0
1;ANDALUCIA;23;JAÉN;81;81;SEGURA DE LA SIERRA;;23081A;0;0
1;ANDALUCIA;23;JAÉN;82;82;SILES;;23082A;0;0
1;ANDALUCIA;23;JAÉN;84;84;SORIHUELA DEL GUADALIMAR;;23084A;0;0
1;ANDALUCIA;23;JAÉN;85;85;TORREBLASCOPEDRO;;23085A;0;0
1;ANDALUCIA;23;JAÉN;86;86;TORREDELCAMPO;;23086A;0;0
1;ANDALUCIA;23;JAÉN;87;87;TORREDONJIMENO;;23087A;0;0
1;ANDALUCIA;23;JAÉN;88;88;TORREPEROGIL;;23088A;0;0
1;ANDALUCIA;23;JAÉN;90;90;TORRES;;23090A;0;0
1;ANDALUCIA;23;JAÉN;91;91;TORRES DE ALBANCHEZ;;23091A;0;0
1;ANDALUCIA;23;JAÉN;92;92;UBEDA;;23092A;0;0
1;ANDALUCIA;23;JAÉN;93;93;VALDEPEÑAS DE JAEN;;23093A;0;0
1;ANDALUCIA;23;JAÉN;94;94;VILCHES;;23094A;0;0
1;ANDALUCIA;23;JAÉN;95;95;VILLACARRILLO;;23095A;0;0
1;ANDALUCIA;23;JAÉN;96;96;VILLANUEVA DE LA REINA;;23096A;0;0
1;ANDALUCIA;23;JAÉN;97;97;VILLANUEVA DEL ARZOBISPO;;23097A;0;0
1;ANDALUCIA;23;JAÉN;98;98;VILLARDOMPARDO;;23098A;0;0
1;ANDALUCIA;23;JAÉN;99;99;LOS VILLARES;;23099A;0;0
1;ANDALUCIA;23;JAÉN;101;101;VILLARRODRIGO;;23101A;0;0
1;ANDALUCIA;23;JAÉN;901;23;CARCHELES;;23023A;0;0
1;ANDALUCIA;23;JAÉN;902;13;BEDMAR-GARCIEZ;;23013A;0;0
1;ANDALUCIA;23;JAÉN;903;100;VILLATORRES;;23100A;0;0
1;ANDALUCIA;23;JAÉN;904;78;SANTIAGO-PONTONES;;23078A;0;0
1;ANDALUCIA;23;JAÉN;905;102;ARROYO DEL OJANCO;;23102A;0;0
1;ANDALUCIA;29;MÁLAGA;1;1;ALAMEDA;;29001A;0;0
1;ANDALUCIA;29;MÁLAGA;2;2;ALCAUCIN;;29002A;0;0
1;ANDALUCIA;29;MÁLAGA;3;3;ALFARNATE;;29003A;0;0
1;ANDALUCIA;29;MÁLAGA;4;4;ALFARNATEJO;;29004A;0;0
1;ANDALUCIA;29;MÁLAGA;5;5;ALGARROBO;;29005A;0;0
1;ANDALUCIA;29;MÁLAGA;6;6;ALGATOCIN;;29006A;0;0
1;ANDALUCIA;29;MÁLAGA;7;7;ALHAURIN DE LA TORRE;;29007A;0;0
1;ANDALUCIA;29;MÁLAGA;8;8;ALHAURIN EL GRANDE;;29008A;0;0
1;ANDALUCIA;29;MÁLAGA;9;9;ALMACHAR;;29009A;0;0
1;ANDALUCIA;29;MÁLAGA;10;10;ALMARGEN;;29010A;0;0
1;ANDALUCIA;29;MÁLAGA;11;11;ALMOGIA;;29011A;0;0
1;ANDALUCIA;29;MÁLAGA;12;12;ALORA;;29012A;0;0
1;ANDALUCIA;29;MÁLAGA;13;13;ALOZAINA;;29013A;0;0
1;ANDALUCIA;29;MÁLAGA;14;14;ALPANDEIRE;;29014A;0;0
1;ANDALUCIA;29;MÁLAGA;15;15;ANTEQUERA;;29015A;0;0
1;ANDALUCIA;29;MÁLAGA;16;16;ARCHEZ;;29016A;0;0
1;ANDALUCIA;29;MÁLAGA;17;17;ARCHIDONA;;29017A;0;0
1;ANDALUCIA;29;MÁLAGA;18;18;ARDALES;;29018A;0;0
1;ANDALUCIA;29;MÁLAGA;19;19;ARENAS;;29019A;0;0
1;ANDALUCIA;29;MÁLAGA;20;20;ARRIATE;;29020A;0;0
1;ANDALUCIA;29;MÁLAGA;21;21;ATAJATE;;29021A;0;0
1;ANDALUCIA;29;MÁLAGA;22;22;BENADALID;;29022A;0;0
1;ANDALUCIA;29;MÁLAGA;23;23;BENAHAVIS;;29023A;0;0
1;ANDALUCIA;29;MÁLAGA;24;24;BENALAURIA;;29024A;0;0
1;ANDALUCIA;29;MÁLAGA;25;25;BENALMADENA;;29025A;0;0
1;ANDALUCIA;29;MÁLAGA;26;26;BENAMARGOSA;;29026A;0;0
1;ANDALUCIA;29;MÁLAGA;27;27;BENAMOCARRA;;29027A;0;0
1;ANDALUCIA;29;MÁLAGA;28;28;BENAOJAN;;29028A;0;0
1;ANDALUCIA;29;MÁLAGA;29;29;BENARRABA;;29029A;0;0
1;ANDALUCIA;29;MÁLAGA;30;30;EL BORGE;;29030A;0;0
1;ANDALUCIA;29;MÁLAGA;31;31;EL BURGO;;29031A;0;0
1;ANDALUCIA;29;MÁLAGA;32;32;CAMPILLOS;;29032A;0;0
1;ANDALUCIA;29;MÁLAGA;33;33;CANILLAS DE ACEITUNO;;29033A;0;0
1;ANDALUCIA;29;MÁLAGA;34;34;CANILLAS DE ALBAIDA;;29034A;0;0
1;ANDALUCIA;29;MÁLAGA;35;35;CAÑETE LA REAL;;29035A;0;0
1;ANDALUCIA;29;MÁLAGA;36;36;CARRATRACA;;29036A;0;0
1;ANDALUCIA;29;MÁLAGA;37;37;CARTAJIMA;;29037A;0;0
1;ANDALUCIA;29;MÁLAGA;38;38;CARTAMA;;29038A;0;0
1;ANDALUCIA;29;MÁLAGA;39;39;CASABERMEJA;;29039A;0;0
1;ANDALUCIA;29;MÁLAGA;40;40;CASARABONELA;;29040A;0;0
1;ANDALUCIA;29;MÁLAGA;41;41;CASARES;;29041A;0;0
1;ANDALUCIA;29;MÁLAGA;42;42;COIN;;29042A;0;0
1;ANDALUCIA;29;MÁLAGA;43;43;COLMENAR;;29043A;0;0
1;ANDALUCIA;29;MÁLAGA;44;44;COMARES;;29044A;0;0
1;ANDALUCIA;29;MÁLAGA;45;45;COMPETA;;29045A;0;0
1;ANDALUCIA;29;MÁLAGA;46;46;CORTES DE LA FRONTERA;;29046A;0;0
1;ANDALUCIA;29;MÁLAGA;47;47;CUEVAS BAJAS;;29047A;0;0
1;ANDALUCIA;29;MÁLAGA;48;48;CUEVAS DEL BECERRO;;29048A;0;0
1;ANDALUCIA;29;MÁLAGA;49;49;CUEVAS DE SAN MARCOS;;29049A;0;0
1;ANDALUCIA;29;MÁLAGA;50;50;CUTAR;;29050A;0;0
1;ANDALUCIA;29;MÁLAGA;51;51;ESTEPONA;;29051A;0;0
1;ANDALUCIA;29;MÁLAGA;52;52;FARAJAN;;29052A;0;0
1;ANDALUCIA;29;MÁLAGA;53;53;FRIGILIANA;;29053A;0;0
1;ANDALUCIA;29;MÁLAGA;54;54;FUENGIROLA;;29054A;0;0
1;ANDALUCIA;29;MÁLAGA;55;55;FUENTE DE PIEDRA;;29055A;0;0
1;ANDALUCIA;29;MÁLAGA;56;56;GAUCIN;;29056A;0;0
1;ANDALUCIA;29;MÁLAGA;57;57;GENALGUACIL;;29057A;0;0
1;ANDALUCIA;29;MÁLAGA;58;58;GUARO;;29058A;0;0
1;ANDALUCIA;29;MÁLAGA;59;59;HUMILLADERO;;29059A;0;0
1;ANDALUCIA;29;MÁLAGA;60;60;IGUALEJA;;29060A;0;0
1;ANDALUCIA;29;MÁLAGA;61;61;ISTAN;;29061A;0;0
1;ANDALUCIA;29;MÁLAGA;62;62;IZNATE;;29062A;0;0
1;ANDALUCIA;29;MÁLAGA;63;63;JIMERA DE LIBAR;;29063A;0;0
1;ANDALUCIA;29;MÁLAGA;64;64;JUBRIQUE;;29064A;0;0
1;ANDALUCIA;29;MÁLAGA;65;65;JUZCAR;;29065A;0;0
1;ANDALUCIA;29;MÁLAGA;66;66;MACHARAVIAYA;;29066A;0;0
1;ANDALUCIA;29;MÁLAGA;67;900;MALAGA;;29900A;0;0
1;ANDALUCIA;29;MÁLAGA;68;68;MANILVA;;29068A;0;0
1;ANDALUCIA;29;MÁLAGA;69;69;MARBELLA;;29069A;0;0
1;ANDALUCIA;29;MÁLAGA;70;70;MIJAS;;29070A;0;0
1;ANDALUCIA;29;MÁLAGA;71;71;MOCLINEJO;;29071A;0;0
1;ANDALUCIA;29;MÁLAGA;72;72;MOLLINA;;29072A;0;0
1;ANDALUCIA;29;MÁLAGA;73;73;MONDA;;29073A;0;0
1;ANDALUCIA;29;MÁLAGA;74;74;MONTEJAQUE;;29074A;0;0
1;ANDALUCIA;29;MÁLAGA;75;75;NERJA;;29075A;0;0
1;ANDALUCIA;29;MÁLAGA;76;76;OJEN;;29076A;0;0
1;ANDALUCIA;29;MÁLAGA;77;77;PARAUTA;;29077A;0;0
1;ANDALUCIA;29;MÁLAGA;79;79;PERIANA;;29079A;0;0
1;ANDALUCIA;29;MÁLAGA;80;80;PIZARRA;;29080A;0;0
1;ANDALUCIA;29;MÁLAGA;81;81;PUJERRA;;29081A;0;0
1;ANDALUCIA;29;MÁLAGA;82;82;RINCON DE LA VICTORIA;;29082A;0;0
1;ANDALUCIA;29;MÁLAGA;83;83;RIOGORDO;;29083A;0;0
1;ANDALUCIA;29;MÁLAGA;84;84;RONDA;;29084A;0;0
1;ANDALUCIA;29;MÁLAGA;85;85;SALARES;;29085A;0;0
1;ANDALUCIA;29;MÁLAGA;86;86;SAYALONGA;;29086A;0;0
1;ANDALUCIA;29;MÁLAGA;87;87;SEDELLA;;29087A;0;0
1;ANDALUCIA;29;MÁLAGA;88;88;SIERRA DE YEGUAS;;29088A;0;0
1;ANDALUCIA;29;MÁLAGA;89;89;TEBA;;29089A;0;0
1;ANDALUCIA;29;MÁLAGA;90;90;TOLOX;;29090A;0;0
1;ANDALUCIA;29;MÁLAGA;91;91;TORROX;;29091A;0;0
1;ANDALUCIA;29;MÁLAGA;92;92;TOTALAN;;29092A;0;0
1;ANDALUCIA;29;MÁLAGA;93;93;VALLE DE ABDALAJIS;;29093A;0;0
1;ANDALUCIA;29;MÁLAGA;94;94;VELEZ-MALAGA;;29094A;0;0
1;ANDALUCIA;29;MÁLAGA;95;95;VILLANUEVA DE ALGAIDAS;;29095A;0;0
1;ANDALUCIA;29;MÁLAGA;96;96;VILLANUEVA DEL ROSARIO;;29096A;0;0
1;ANDALUCIA;29;MÁLAGA;97;97;VILLANUEVA DEL TRABUCO;;29097A;0;0
1;ANDALUCIA;29;MÁLAGA;98;98;VILLANUEVA DE TAPIA;;29098A;0;0
1;ANDALUCIA;29;MÁLAGA;99;99;VIÑUELA;;29099A;0;0
1;ANDALUCIA;29;MÁLAGA;100;100;YUNQUERA;;29100A;0;0
1;ANDALUCIA;29;MÁLAGA;901;103;TORREMOLINOS;;29103A;0;0
1;ANDALUCIA;29;MÁLAGA;902;102;VILLANUEVA DE LA CONCEPCION;;29102A;0;0
1;ANDALUCIA;29;MÁLAGA;903;101;MONTECORTO;;29084A;0;0
1;ANDALUCIA;29;MÁLAGA;904;104;SERRATO;;29084A;0;0
1;ANDALUCIA;41;SEVILLA;1;1;AGUADULCE;;41001A;0;0
1;ANDALUCIA;41;SEVILLA;2;2;ALANIS;;41002A;0;0
1;ANDALUCIA;41;SEVILLA;3;3;ALBAIDA DEL ALJARAFE;;41003A;0;0
1;ANDALUCIA;41;SEVILLA;4;4;ALCALA DE GUADAIRA;;41004A;0;0
1;ANDALUCIA;41;SEVILLA;5;5;ALCALA DEL RIO;;41005A;0;0
1;ANDALUCIA;41;SEVILLA;6;6;ALCOLEA DEL RIO;;41006A;0;0
1;ANDALUCIA;41;SEVILLA;7;7;ALGABA;;41007A;0;0
1;ANDALUCIA;41;SEVILLA;8;8;ALGAMITAS;;41008A;0;0
1;ANDALUCIA;41;SEVILLA;9;9;ALMADEN DE LA PLATA;;41009A;0;0
1;ANDALUCIA;41;SEVILLA;10;10;ALMENSILLA;;41010A;0;0
1;ANDALUCIA;41;SEVILLA;11;11;ARAHAL;;41011A;0;0
1;ANDALUCIA;41;SEVILLA;12;12;AZNALCAZAR;;41012A;0;0
1;ANDALUCIA;41;SEVILLA;13;13;AZNALCOLLAR;;41013A;0;0
1;ANDALUCIA;41;SEVILLA;14;14;BADOLATOSA;;41014A;0;0
1;ANDALUCIA;41;SEVILLA;15;15;BENACAZON;;41015A;0;0
1;ANDALUCIA;41;SEVILLA;16;16;BOLLULLOS DE LA MITACION;;41016A;0;0
1;ANDALUCIA;41;SEVILLA;17;17;BORMUJOS;;41017A;0;0
1;ANDALUCIA;41;SEVILLA;18;18;BRENES;;41018A;0;0
1;ANDALUCIA;41;SEVILLA;19;19;BURGUILLOS;;41019A;0;0
1;ANDALUCIA;41;SEVILLA;20;20;LAS CABEZAS DE SAN JUAN;;41020A;0;0
1;ANDALUCIA;41;SEVILLA;21;21;CAMAS;;41021A;0;0
1;ANDALUCIA;41;SEVILLA;22;22;LA CAMPANA;;41022A;0;0
1;ANDALUCIA;41;SEVILLA;23;23;CANTILLANA;;41023A;0;0
1;ANDALUCIA;41;SEVILLA;24;24;CARMONA;;41024A;0;0
1;ANDALUCIA;41;SEVILLA;25;25;CARRION DE LOS CESPEDES;;41025A;0;0
1;ANDALUCIA;41;SEVILLA;26;26;CASARICHE;;41026A;0;0
1;ANDALUCIA;41;SEVILLA;27;27;CASTILBLANCO DE LOS ARROYOS;;41027A;0;0
1;ANDALUCIA;41;SEVILLA;28;28;CASTILLEJA DE GUZMAN;;41028A;0;0
1;ANDALUCIA;41;SEVILLA;29;29;CASTILLEJA DE LA CUESTA;;41029A;0;0
1;ANDALUCIA;41;SEVILLA;30;30;CASTILLEJA DEL CAMPO;;41030A;0;0
1;ANDALUCIA;41;SEVILLA;31;31;EL CASTILLO DE LAS GUARDAS;;41031A;0;0
1;ANDALUCIA;41;SEVILLA;32;32;CAZALLA DE LA SIERRA;;41032A;0;0
1;ANDALUCIA;41;SEVILLA;33;33;CONSTANTINA;;41033A;0;0
1;ANDALUCIA;41;SEVILLA;34;34;CORIA DEL RIO;;41034A;0;0
1;ANDALUCIA;41;SEVILLA;35;35;CORIPE;;41035A;0;0
1;ANDALUCIA;41;SEVILLA;36;36;EL CORONIL;;41036A;0;0
1;ANDALUCIA;41;SEVILLA;37;37;LOS CORRALES;;41037A;0;0
1;ANDALUCIA;41;SEVILLA;38;38;DOS HERMANAS;;41038A;0;0
1;ANDALUCIA;41;SEVILLA;39;39;ECIJA;;41039A;0;0
1;ANDALUCIA;41;SEVILLA;40;40;ESPARTINAS;;41040A;0;0
1;ANDALUCIA;41;SEVILLA;41;41;ESTEPA;;41041A;0;0
1;ANDALUCIA;41;SEVILLA;42;42;FUENTES DE ANDALUCIA;;41042A;0;0
1;ANDALUCIA;41;SEVILLA;43;43;EL GARROBO;;41043A;0;0
1;ANDALUCIA;41;SEVILLA;44;44;GELVES;;41044A;0;0
1;ANDALUCIA;41;SEVILLA;45;45;GERENA;;41045A;0;0
1;ANDALUCIA;41;SEVILLA;46;46;GILENA;;41046A;0;0
1;ANDALUCIA;41;SEVILLA;47;47;GINES;;41047A;0;0
1;ANDALUCIA;41;SEVILLA;48;48;GUADALCANAL;;41048A;0;0
1;ANDALUCIA;41;SEVILLA;49;49;GUILLENA;;41049A;0;0
1;ANDALUCIA;41;SEVILLA;50;50;HERRERA;;41050A;0;0
1;ANDALUCIA;41;SEVILLA;51;51;HUEVAR DEL ALJARAFE;;41051A;0;0
1;ANDALUCIA;41;SEVILLA;52;52;LANTEJUELA;;41052A;0;0
1;ANDALUCIA;41;SEVILLA;53;53;LEBRIJA;;41053A;0;0
1;ANDALUCIA;41;SEVILLA;54;54;LORA DE ESTEPA;;41054A;0;0
1;ANDALUCIA;41;SEVILLA;55;55;LORA DEL RIO;;41055A;0;0
1;ANDALUCIA;41;SEVILLA;56;56;LA LUISIANA;;41056A;0;0
1;ANDALUCIA;41;SEVILLA;57;57;EL MADROÑO;;41057A;0;0
1;ANDALUCIA;41;SEVILLA;58;58;MAIRENA DEL ALCOR;;41058A;0;0
1;ANDALUCIA;41;SEVILLA;59;59;MAIRENA DEL ALJARAFE;;41059A;0;0
1;ANDALUCIA;41;SEVILLA;60;60;MARCHENA;;41060A;0;0
1;ANDALUCIA;41;SEVILLA;61;61;MARINALEDA;;41061A;0;0
1;ANDALUCIA;41;SEVILLA;62;62;MARTIN DE LA JARA;;41062A;0;0
1;ANDALUCIA;41;SEVILLA;63;63;LOS MOLARES;;41063A;0;0
1;ANDALUCIA;41;SEVILLA;64;64;MONTELLANO;;41064A;0;0
1;ANDALUCIA;41;SEVILLA;65;65;MORON DE LA FRONTERA;;41065A;0;0
1;ANDALUCIA;41;SEVILLA;66;66;LAS NAVAS DE LA CONCEPCION;;41066A;0;0
1;ANDALUCIA;41;SEVILLA;67;67;OLIVARES;;41067A;0;0
1;ANDALUCIA;41;SEVILLA;68;68;OSUNA;;41068A;0;0
1;ANDALUCIA;41;SEVILLA;69;69;LOS PALACIOS Y VILLAFRANCA;;41069A;0;0
1;ANDALUCIA;41;SEVILLA;70;70;PALOMARES DEL RIO;;41070A;0;0
1;ANDALUCIA;41;SEVILLA;71;71;PARADAS;;41071A;0;0
1;ANDALUCIA;41;SEVILLA;72;72;PEDRERA;;41072A;0;0
1;ANDALUCIA;41;SEVILLA;73;73;EL PEDROSO;;41073A;0;0
1;ANDALUCIA;41;SEVILLA;74;74;PEÑAFLOR;;41074A;0;0
1;ANDALUCIA;41;SEVILLA;75;75;PILAS;;41075A;0;0
1;ANDALUCIA;41;SEVILLA;76;76;PRUNA;;41076A;0;0
1;ANDALUCIA;41;SEVILLA;77;77;LA PUEBLA DE CAZALLA;;41077A;0;0
1;ANDALUCIA;41;SEVILLA;78;78;LA PUEBLA DE LOS INFANTES;;41078A;0;0
1;ANDALUCIA;41;SEVILLA;79;79;LA PUEBLA DEL RIO;;41079A;0;0
1;ANDALUCIA;41;SEVILLA;80;80;EL REAL DE LA JARA;;41080A;0;0
1;ANDALUCIA;41;SEVILLA;81;81;LA RINCONADA;;41081A;0;0
1;ANDALUCIA;41;SEVILLA;82;82;LA RODA DE ANDALUCIA;;41082A;0;0
1;ANDALUCIA;41;SEVILLA;83;83;EL RONQUILLO;;41083A;0;0
1;ANDALUCIA;41;SEVILLA;84;84;EL RUBIO;;41084A;0;0
1;ANDALUCIA;41;SEVILLA;85;85;SALTERAS;;41085A;0;0
1;ANDALUCIA;41;SEVILLA;86;86;SAN JUAN DE AZNALFARACHE;;41086A;0;0
1;ANDALUCIA;41;SEVILLA;87;87;SANLUCAR LA MAYOR;;41087A;0;0
1;ANDALUCIA;41;SEVILLA;88;88;SAN NICOLAS DEL PUERTO;;41088A;0;0
1;ANDALUCIA;41;SEVILLA;89;89;SANTIPONCE;;41089A;0;0
1;ANDALUCIA;41;SEVILLA;90;90;EL SAUCEJO;;41090A;0;0
1;ANDALUCIA;41;SEVILLA;91;900;SEVILLA;;41900A;0;0
1;ANDALUCIA;41;SEVILLA;92;92;TOCINA;;41092A;0;0
1;ANDALUCIA;41;SEVILLA;93;93;TOMARES;;41093A;0;0
1;ANDALUCIA;41;SEVILLA;94;94;UMBRETE;;41094A;0;0
1;ANDALUCIA;41;SEVILLA;95;95;UTRERA;;41095A;0;0
1;ANDALUCIA;41;SEVILLA;96;96;VALENCINA DE LA CONCEPCION;;41096A;0;0
1;ANDALUCIA;41;SEVILLA;97;97;VILLAMANRIQUE DE LA CONDESA;;41097A;0;0
1;ANDALUCIA;41;SEVILLA;98;98;VILLANUEVA DEL ARISCAL;;41098A;0;0
1;ANDALUCIA;41;SEVILLA;99;99;VILLANUEVA DEL RIO Y MINAS;;41099A;0;0
1;ANDALUCIA;41;SEVILLA;100;100;VILLANUEVA DE SAN JUAN;;41100A;0;0
1;ANDALUCIA;41;SEVILLA;101;101;VILLAVERDE DEL RIO;;41101A;0;0
1;ANDALUCIA;41;SEVILLA;102;102;EL VISO DEL ALCOR;;41102A;0;0
1;ANDALUCIA;41;SEVILLA;901;103;CAÑADA ROSAL;;41103A;0;0
1;ANDALUCIA;41;SEVILLA;902;104;ISLA MAYOR;;41104A;0;0
1;ANDALUCIA;41;SEVILLA;903;105;EL CUERVO DE SEVILLA;;41105A;0;0
2;ARAGÓN;22;HUESCA;1;1;ABIEGO;;22001A;0;0
2;ARAGÓN;22;HUESCA;1;1;ABIEGO;ALBERUELA DE LA LIENA;22001B;17;0
2;ARAGÓN;22;HUESCA;2;2;ABIZANDA;;22002A;0;0
2;ARAGÓN;22;HUESCA;3;5;ADAHUESCA;;22005A;0;0
2;ARAGÓN;22;HUESCA;4;7;AGUERO;;22007A;0;0
2;ARAGÓN;22;HUESCA;6;10;AISA;;22010A;0;0
2;ARAGÓN;22;HUESCA;6;10;AISA;ESPOSA;22010B;141;0
2;ARAGÓN;22;HUESCA;6;10;AISA;SINUES;22010C;310;0
2;ARAGÓN;22;HUESCA;7;11;ALBALATE DE CINCA;;22011A;0;0
2;ARAGÓN;22;HUESCA;8;12;ALBALATILLO;;22012A;0;0
2;ARAGÓN;22;HUESCA;8;12;ALBALATILLO;;22012B;0;1
2;ARAGÓN;22;HUESCA;9;13;ALBELDA;;22013A;0;0
2;ARAGÓN;22;HUESCA;11;15;ALBERO ALTO;;22015A;0;0
2;ARAGÓN;22;HUESCA;12;16;ALBERO BAJO;;22016A;0;0
2;ARAGÓN;22;HUESCA;12;16;ALBERO BAJO;;22016B;0;1
2;ARAGÓN;22;HUESCA;12;16;ALBERO BAJO;;22016C;0;2
2;ARAGÓN;22;HUESCA;13;18;ALBERUELA DE TUBO;;22018A;0;0
2;ARAGÓN;22;HUESCA;13;18;ALBERUELA DE TUBO;;22018B;0;1
2;ARAGÓN;22;HUESCA;13;18;ALBERUELA DE TUBO;;22018C;0;2
2;ARAGÓN;22;HUESCA;13;18;ALBERUELA DE TUBO;;22018D;0;3
2;ARAGÓN;22;HUESCA;14;19;ALCALA DE GURREA;;22019A;0;0
2;ARAGÓN;22;HUESCA;14;19;ALCALA DE GURREA;;22019B;0;1
2;ARAGÓN;22;HUESCA;15;20;ALCALA DEL OBISPO;;22020A;0;0
2;ARAGÓN;22;HUESCA;15;20;ALCALA DEL OBISPO;FAÑANAS;22020B;150;0
2;ARAGÓN;22;HUESCA;15;20;ALCALA DEL OBISPO;PUEYO FAÑANAS;22020E;262;1
2;ARAGÓN;22;HUESCA;16;21;ALCAMPELL;;22021A;0;0
2;ARAGÓN;22;HUESCA;17;22;ALCOLEA DE CINCA;;22022A;0;0
2;ARAGÓN;22;HUESCA;17;22;ALCOLEA DE CINCA;;22022B;0;1
2;ARAGÓN;22;HUESCA;18;23;ALCUBIERRE;;22023A;0;0
2;ARAGÓN;22;HUESCA;18;23;ALCUBIERRE;;22023B;0;1
2;ARAGÓN;22;HUESCA;19;24;ALERRE;;22024A;0;0
2;ARAGÓN;22;HUESCA;20;25;ALFANTEGA;;22025A;0;0
2;ARAGÓN;22;HUESCA;21;27;ALMUDEVAR;;22027A;0;0
2;ARAGÓN;22;HUESCA;21;27;ALMUDEVAR;;22027B;0;1
2;ARAGÓN;22;HUESCA;22;28;ALMUNIA DE SAN JUAN;;22028A;0;0
2;ARAGÓN;22;HUESCA;23;29;ALMUNIENTE;;22029A;0;0
2;ARAGÓN;22;HUESCA;24;30;ALQUEZAR;;22030A;0;0
2;ARAGÓN;22;HUESCA;25;31;ALTORRICON;;22031A;0;0
2;ARAGÓN;22;HUESCA;27;32;ANGUES;;22032A;0;0
2;ARAGÓN;22;HUESCA;27;32;ANGUES;BESPEN;22032B;77;0
2;ARAGÓN;22;HUESCA;27;32;ANGUES;VELILLAS;22032C;340;0
2;ARAGÓN;22;HUESCA;27;32;ANGUES;VELILLAS;22032D;340;1
2;ARAGÓN;22;HUESCA;28;34;ANSO;;22034A;0;0
2;ARAGÓN;22;HUESCA;29;35;ANTILLON;;22035A;0;0
2;ARAGÓN;22;HUESCA;32;39;ARAGUES DEL PUERTO;;22039A;0;0
2;ARAGÓN;22;HUESCA;35;44;AREN;;22044A;0;0
2;ARAGÓN;22;HUESCA;36;45;ARGAVIESO;;22045A;0;0
2;ARAGÓN;22;HUESCA;37;46;ARGUIS;;22046A;0;0
2;ARAGÓN;22;HUESCA;37;46;ARGUIS;BENTUE DE RASAL;22046B;70;0
2;ARAGÓN;22;HUESCA;39;49;AYERBE;;22049A;0;0
2;ARAGÓN;22;HUESCA;40;50;AZANUY-ALINS;;22050A;0;0
2;ARAGÓN;22;HUESCA;41;51;AZARA;;22051A;0;0
2;ARAGÓN;22;HUESCA;42;52;AZLOR;;22052A;0;0
2;ARAGÓN;22;HUESCA;43;53;BAELLS;;22053A;0;0
2;ARAGÓN;22;HUESCA;44;54;BAILO;;22054A;0;0
2;ARAGÓN;22;HUESCA;44;54;BAILO;;22054B;0;1
2;ARAGÓN;22;HUESCA;44;54;BAILO;;22054C;0;2
2;ARAGÓN;22;HUESCA;44;54;BAILO;;22054D;0;3
2;ARAGÓN;22;HUESCA;44;54;BAILO;;22054E;0;4
2;ARAGÓN;22;HUESCA;45;55;BALDELLOU;;22055A;0;0
2;ARAGÓN;22;HUESCA;46;56;BALLOBAR;;22056A;0;0
2;ARAGÓN;22;HUESCA;46;56;BALLOBAR;;22056B;0;1
2;ARAGÓN;22;HUESCA;47;59;BANASTAS;;22059A;0;0
2;ARAGÓN;22;HUESCA;48;61;BARBASTRO;;22061A;0;0
2;ARAGÓN;22;HUESCA;49;63;BARBUES;;22063A;0;0
2;ARAGÓN;22;HUESCA;49;63;BARBUES;;22063B;0;1
2;ARAGÓN;22;HUESCA;50;64;BARBUÑALES;;22064A;0;0
2;ARAGÓN;22;HUESCA;51;65;BARCABO;;22065A;0;0
2;ARAGÓN;22;HUESCA;52;67;BELVER;;22067A;0;0
2;ARAGÓN;22;HUESCA;53;68;BENABARRE;;22068A;0;0
2;ARAGÓN;22;HUESCA;53;68;BENABARRE;CALADRONES;22068B;98;0
2;ARAGÓN;22;HUESCA;53;68;BENABARRE;PILZÁN;22068C;248;0
2;ARAGÓN;22;HUESCA;53;68;BENABARRE;PURROY DE LA SOLANA;22068D;265;0
2;ARAGÓN;22;HUESCA;54;69;BENASQUE;;22069A;0;0
2;ARAGÓN;22;HUESCA;55;72;BERBEGAL;;22072A;0;0
2;ARAGÓN;22;HUESCA;57;79;BIELSA;;22079A;0;0
2;ARAGÓN;22;HUESCA;58;80;BIERGE;;22080A;0;0
2;ARAGÓN;22;HUESCA;58;80;BIERGE;MORRANO;22080B;220;0
2;ARAGÓN;22;HUESCA;58;80;BIERGE;RODELLAR;22080C;273;0
2;ARAGÓN;22;HUESCA;59;81;BIESCAS;;22081A;0;0
2;ARAGÓN;22;HUESCA;59;81;BIESCAS;ASO DE SOBREMONTE;22081B;47;0
2;ARAGÓN;22;HUESCA;59;81;BIESCAS;BARBENUTA;22081C;62;0
2;ARAGÓN;22;HUESCA;59;81;BIESCAS;ESCUER;22081D;138;0
2;ARAGÓN;22;HUESCA;59;81;BIESCAS;GAVIN;22081E;157;0
2;ARAGÓN;22;HUESCA;59;81;BIESCAS;OLIVAN;22081F;228;0
2;ARAGÓN;22;HUESCA;59;81;BIESCAS;PIEDRAFITA DE JACA;22081H;247;0
2;ARAGÓN;22;HUESCA;59;81;BIESCAS;PIEDRAFITA DE JACA;22081J;247;1
2;ARAGÓN;22;HUESCA;59;81;BIESCAS;OLIVAN;22081K;228;3
2;ARAGÓN;22;HUESCA;60;82;BINACED;;22082A;0;0
2;ARAGÓN;22;HUESCA;61;83;BINEFAR;;22083A;0;0
2;ARAGÓN;22;HUESCA;62;85;BISAURRI;;22085A;0;0
2;ARAGÓN;22;HUESCA;63;86;BISCARRUES;;22086A;0;0
2;ARAGÓN;22;HUESCA;63;86;BISCARRUES;;22086B;0;1
2;ARAGÓN;22;HUESCA;64;87;BLECUA Y TORRES;;22087A;0;0
2;ARAGÓN;22;HUESCA;64;87;BLECUA Y TORRES;;22087B;0;1
2;ARAGÓN;22;HUESCA;66;89;BOLTAÑA;;22089A;0;0
2;ARAGÓN;22;HUESCA;66;89;BOLTAÑA;SIESTE;22089B;308;0
2;ARAGÓN;22;HUESCA;67;90;BONANSA;;22090A;0;0
2;ARAGÓN;22;HUESCA;68;92;BORAU;;22092A;0;0
2;ARAGÓN;22;HUESCA;69;94;BROTO;;22094A;0;0
2;ARAGÓN;22;HUESCA;72;38;CALDEARENAS;;22038A;0;0
2;ARAGÓN;22;HUESCA;72;38;CALDEARENAS;ANZANIGO;22038B;36;0
2;ARAGÓN;22;HUESCA;72;38;CALDEARENAS;JAVIERRELATRE;22038C;181;0
2;ARAGÓN;22;HUESCA;72;38;CALDEARENAS;LATRE;22038D;201;0
2;ARAGÓN;22;HUESCA;74;102;CAMPO;;22102A;0;0
2;ARAGÓN;22;HUESCA;75;103;CAMPORRELLS;;22103A;0;0
2;ARAGÓN;22;HUESCA;76;73;CANAL DE BERDUN;;22073A;0;0
2;ARAGÓN;22;HUESCA;76;73;CANAL DE BERDUN;;22073B;0;1
2;ARAGÓN;22;HUESCA;76;73;CANAL DE BERDUN;;22073C;0;2
2;ARAGÓN;22;HUESCA;76;73;CANAL DE BERDUN;;22073D;0;3
2;ARAGÓN;22;HUESCA;76;73;CANAL DE BERDUN;;22073E;0;4
2;ARAGÓN;22;HUESCA;77;104;CANDASNOS;;22104A;0;0
2;ARAGÓN;22;HUESCA;77;104;CANDASNOS;;22104B;0;1
2;ARAGÓN;22;HUESCA;78;105;CANFRANC;;22105A;0;0
2;ARAGÓN;22;HUESCA;79;106;CAPDESASO;;22106A;0;0
2;ARAGÓN;22;HUESCA;80;107;CAPELLA;;22107A;0;0
2;ARAGÓN;22;HUESCA;81;109;CASBAS DE HUESCA;;22109A;0;0
2;ARAGÓN;22;HUESCA;81;109;CASBAS DE HUESCA;JUNZANO;22109B;182;0
2;ARAGÓN;22;HUESCA;81;109;CASBAS DE HUESCA;LABATA;22109C;184;0
2;ARAGÓN;22;HUESCA;81;109;CASBAS DE HUESCA;PANZANO;22109D;240;0
2;ARAGÓN;22;HUESCA;81;109;CASBAS DE HUESCA;SIESO DE HUESCA;22109E;307;0
2;ARAGÓN;22;HUESCA;82;112;CASTEJON DEL PUENTE;;22112A;0;0
2;ARAGÓN;22;HUESCA;83;113;CASTEJON DE MONEGROS;;22113A;0;0
2;ARAGÓN;22;HUESCA;84;115;CASTEJON DE SOS;;22115A;0;0
2;ARAGÓN;22;HUESCA;85;116;CASTELFLORITE;;22116A;0;0
2;ARAGÓN;22;HUESCA;86;117;CASTIELLO DE JACA;;22117A;0;0
2;ARAGÓN;22;HUESCA;87;118;CASTIGALEU;;22118A;0;0
2;ARAGÓN;22;HUESCA;88;120;CASTILLAZUELO;;22120A;0;0
2;ARAGÓN;22;HUESCA;89;121;CASTILLONROY;;22121A;0;0
2;ARAGÓN;22;HUESCA;90;123;COLUNGO;;22123A;0;0
2;ARAGÓN;22;HUESCA;94;132;CHALAMERA;;22132A;0;0
2;ARAGÓN;22;HUESCA;95;133;CHIA;;22133A;0;0
2;ARAGÓN;22;HUESCA;96;134;CHIMILLAS;;22134A;0;0
2;ARAGÓN;22;HUESCA;99;140;ESPLUS;;22140A;0;0
2;ARAGÓN;22;HUESCA;102;144;ESTADA;;22144A;0;0
2;ARAGÓN;22;HUESCA;103;145;ESTADILLA;;22145A;0;0
2;ARAGÓN;22;HUESCA;105;147;ESTOPIÑAN DEL CASTILLO;;22147A;0;0
2;ARAGÓN;22;HUESCA;107;149;FANLO;;22149A;0;0
2;ARAGÓN;22;HUESCA;109;152;FISCAL;;22152A;0;0
2;ARAGÓN;22;HUESCA;109;152;FISCAL;ALBELLA Y JANOVAS;22152B;14;0
2;ARAGÓN;22;HUESCA;109;152;FISCAL;BURGASE;22152C;96;0
2;ARAGÓN;22;HUESCA;110;153;FONZ;;22153A;0;0
2;ARAGÓN;22;HUESCA;111;154;FORADADA DE TOSCAR;;22154A;0;0
2;ARAGÓN;22;HUESCA;112;155;FRAGA;;22155A;0;0
2;ARAGÓN;22;HUESCA;112;155;FRAGA;;22155B;0;1
2;ARAGÓN;22;HUESCA;112;155;FRAGA;;22155C;0;2
2;ARAGÓN;22;HUESCA;114;160;GISTAIN;;22160A;0;0
2;ARAGÓN;22;HUESCA;115;161;EL GRADO;;22161A;0;0
2;ARAGÓN;22;HUESCA;115;161;EL GRADO;COSCOJUELA DE FANTOVA;22161B;126;0
2;ARAGÓN;22;HUESCA;116;162;GRAÑEN;;22162A;0;0
2;ARAGÓN;22;HUESCA;116;162;GRAÑEN;;22162B;0;1
2;ARAGÓN;22;HUESCA;116;162;GRAÑEN;;22162C;0;2
2;ARAGÓN;22;HUESCA;117;163;GRAUS;;22163A;0;0
2;ARAGÓN;22;HUESCA;117;163;GRAUS;AGUINALIU;22163B;8;0
2;ARAGÓN;22;HUESCA;117;163;GRAUS;GUEL;22163C;166;0
2;ARAGÓN;22;HUESCA;117;163;GRAUS;JUSEU;22163D;183;0
2;ARAGÓN;22;HUESCA;117;163;GRAUS;PANILLO;22163E;238;0
2;ARAGÓN;22;HUESCA;117;163;GRAUS;TORRES DEL OBISPO;22163F;328;0
2;ARAGÓN;22;HUESCA;119;167;GURREA DE GALLEGO;;22167A;0;0
2;ARAGÓN;22;HUESCA;119;167;GURREA DE GALLEGO;;22167B;0;1
2;ARAGÓN;22;HUESCA;119;167;GURREA DE GALLEGO;;22167C;0;2
2;ARAGÓN;22;HUESCA;122;170;HOZ DE JACA;;22170A;0;0
2;ARAGÓN;22;HUESCA;124;172;HUERTO;;22172A;0;0
2;ARAGÓN;22;HUESCA;124;172;HUERTO;;22172B;0;1
2;ARAGÓN;22;HUESCA;124;172;HUERTO;;22172C;0;2
2;ARAGÓN;22;HUESCA;124;172;HUERTO;;22172D;0;3
2;ARAGÓN;22;HUESCA;125;901;HUESCA;;22901A;0;0
2;ARAGÓN;22;HUESCA;125;901;HUESCA;APIES;22901B;37;0
2;ARAGÓN;22;HUESCA;125;901;HUESCA;BANARIES;22901C;58;0
2;ARAGÓN;22;HUESCA;125;901;HUESCA;CUARTE;22901D;131;1
2;ARAGÓN;22;HUESCA;125;901;HUESCA;BELLESTER DE FULMEN;22901F;352;0
2;ARAGÓN;22;HUESCA;125;901;HUESCA;TABERNAS DE ISUELA;22901G;314;1
2;ARAGÓN;22;HUESCA;125;901;HUESCA;BELLESTER DE FULMEN;22901H;352;2
2;ARAGÓN;22;HUESCA;126;174;IBIECA;;22174A;0;0
2;ARAGÓN;22;HUESCA;126;174;IBIECA;;22174B;0;1
2;ARAGÓN;22;HUESCA;127;175;IGRIES;;22175A;0;0
2;ARAGÓN;22;HUESCA;127;175;IGRIES;;22175B;0;1
2;ARAGÓN;22;HUESCA;128;176;ILCHE;;22176A;0;0
2;ARAGÓN;22;HUESCA;129;272;ISABENA;;22272A;0;0
2;ARAGÓN;22;HUESCA;129;272;ISABENA;MERLI;22272B;213;0
2;ARAGÓN;22;HUESCA;129;272;ISABENA;LA PUEBLA DE RODA;22272C;258;0
2;ARAGÓN;22;HUESCA;129;272;ISABENA;SERRADUY;22272D;304;0
2;ARAGÓN;22;HUESCA;130;178;JACA;;22178A;0;0
2;ARAGÓN;22;HUESCA;130;178;JACA;;22178B;0;1
2;ARAGÓN;22;HUESCA;130;178;JACA;ATARES;22178C;48;0
2;ARAGÓN;22;HUESCA;130;178;JACA;ATARES;22178D;48;6
2;ARAGÓN;22;HUESCA;130;178;JACA;BERNUES;22178E;75;0
2;ARAGÓN;22;HUESCA;130;178;JACA;BOTAYA;22178F;93;0
2;ARAGÓN;22;HUESCA;130;178;JACA;ESPUENDOLAS;22178G;142;0
2;ARAGÓN;22;HUESCA;130;178;JACA;ESPUENDOLAS;22178H;142;4
2;ARAGÓN;22;HUESCA;130;178;JACA;GUASA;22178J;164;0
2;ARAGÓN;22;HUESCA;130;178;JACA;GUASA;22178K;164;3
2;ARAGÓN;22;HUESCA;130;178;JACA;NAVASA;22178L;223;0
2;ARAGÓN;22;HUESCA;130;178;JACA;NAVASA;22178M;223;2
2;ARAGÓN;22;HUESCA;130;178;JACA;NAVASA;22178N;223;5
2;ARAGÓN;22;HUESCA;130;178;JACA;NAVASA;22178Q;223;10
2;ARAGÓN;22;HUESCA;130;178;JACA;NAVASA;22178R;223;8
2;ARAGÓN;22;HUESCA;130;178;JACA;NAVASA;22178S;223;7
2;ARAGÓN;22;HUESCA;130;178;JACA;OSIA;22178T;234;9
2;ARAGÓN;22;HUESCA;131;179;JASA;;22179A;0;0
2;ARAGÓN;22;HUESCA;133;185;LABUERDA;;22185A;0;0
2;ARAGÓN;22;HUESCA;135;189;LALUENGA;;22189A;0;0
2;ARAGÓN;22;HUESCA;136;190;LALUEZA;;22190A;0;0
2;ARAGÓN;22;HUESCA;136;190;LALUEZA;;22190B;0;1
2;ARAGÓN;22;HUESCA;136;190;LALUEZA;;22190C;0;2
2;ARAGÓN;22;HUESCA;137;191;LANAJA;;22191A;0;0
2;ARAGÓN;22;HUESCA;139;193;LAPERDIGUERA;;22193A;0;0
2;ARAGÓN;22;HUESCA;141;196;LASCELLAS-PONZANO;;22196A;0;0
2;ARAGÓN;22;HUESCA;141;196;LASCELLAS-PONZANO;PONZANO;22196B;254;0
2;ARAGÓN;22;HUESCA;142;197;LASCUARRE;;22197A;0;0
2;ARAGÓN;22;HUESCA;143;198;LASPAULES;;22198A;0;0
2;ARAGÓN;22;HUESCA;143;198;LASPAULES;ESPES;22198B;139;0
2;ARAGÓN;22;HUESCA;143;198;LASPAULES;NERIL;22198C;224;0
2;ARAGÓN;22;HUESCA;143;198;LASPAULES;NERIL;22198D;224;1
2;ARAGÓN;22;HUESCA;144;199;LASPUÑA;;22199A;0;0
2;ARAGÓN;22;HUESCA;149;205;LOARRE;;22205A;0;0
2;ARAGÓN;22;HUESCA;149;205;LOARRE;SARSAMARCUELLO;22205B;296;0
2;ARAGÓN;22;HUESCA;149;205;LOARRE;;22205C;0;1
2;ARAGÓN;22;HUESCA;150;206;LOPORZANO;;22206A;0;0
2;ARAGÓN;22;HUESCA;150;206;LOPORZANO;AGUAS;22206B;6;0
2;ARAGÓN;22;HUESCA;150;206;LOPORZANO;BANDALIES;22206C;60;0
2;ARAGÓN;22;HUESCA;150;206;LOPORZANO;BARLUENGA;22206D;66;0
2;ARAGÓN;22;HUESCA;150;206;LOPORZANO;CASTILSABAS;22206E;119;0
2;ARAGÓN;22;HUESCA;150;206;LOPORZANO;COSCULLANO;22206F;128;0
2;ARAGÓN;22;HUESCA;150;206;LOPORZANO;SANTA EULALIA LA MAYOR;22206G;289;0
2;ARAGÓN;22;HUESCA;150;206;LOPORZANO;SASA DEL ABADIADO;22206H;297;0
2;ARAGÓN;22;HUESCA;150;206;LOPORZANO;SIPÁN;22206J;312;0
2;ARAGÓN;22;HUESCA;150;206;LOPORZANO;AGUAS;22206K;6;1
2;ARAGÓN;22;HUESCA;151;207;LOSCORRALES;;22207A;0;0
2;ARAGÓN;22;HUESCA;155;215;MONESMA Y CAJIGAR;MONESMA*;22215A;0;0
2;ARAGÓN;22;HUESCA;155;215;MONESMA Y CAJIGAR;CAJIGAR;22215B;97;0
2;ARAGÓN;22;HUESCA;156;216;MONFLORITE-LASCASAS;;22216A;0;0
2;ARAGÓN;22;HUESCA;156;216;MONFLORITE-LASCASAS;;22216B;0;1
2;ARAGÓN;22;HUESCA;156;216;MONFLORITE-LASCASAS;;22216C;0;2
2;ARAGÓN;22;HUESCA;156;216;MONFLORITE-LASCASAS;;22216D;0;3
2;ARAGÓN;22;HUESCA;157;217;MONTANUY;;22217A;0;0
2;ARAGÓN;22;HUESCA;157;217;MONTANUY;BONO;22217B;91;0
2;ARAGÓN;22;HUESCA;157;217;MONTANUY;CASTANESA;22217C;111;0
2;ARAGÓN;22;HUESCA;158;218;MONZON;;22218A;0;0
2;ARAGÓN;22;HUESCA;160;222;NAVAL;;22222A;0;0
2;ARAGÓN;22;HUESCA;162;226;NOVALES;;22226A;0;0
2;ARAGÓN;22;HUESCA;162;226;NOVALES;;22226B;0;1
2;ARAGÓN;22;HUESCA;163;227;NUENO;;22227A;0;0
2;ARAGÓN;22;HUESCA;163;227;NUENO;ARASCUES;22227B;40;0
2;ARAGÓN;22;HUESCA;163;227;NUENO;NOCITO;22227C;225;0
2;ARAGÓN;22;HUESCA;163;227;NUENO;SABAYES;22227D;274;0
2;ARAGÓN;22;HUESCA;164;230;OLVENA;;22230A;0;0
2;ARAGÓN;22;HUESCA;165;231;ONTIÑENA;;22231A;0;0
2;ARAGÓN;22;HUESCA;165;231;ONTIÑENA;;22231B;0;1
2;ARAGÓN;22;HUESCA;165;231;ONTIÑENA;;22231C;0;2
2;ARAGÓN;22;HUESCA;165;231;ONTIÑENA;;22231D;0;3
2;ARAGÓN;22;HUESCA;167;235;OSSO;;22235A;0;0
2;ARAGÓN;22;HUESCA;168;236;PALO;;22236A;0;0
2;ARAGÓN;22;HUESCA;170;239;PANTICOSA;;22239A;0;0
2;ARAGÓN;22;HUESCA;170;239;PANTICOSA;EL PUEYO DE JACA;22239B;263;0
2;ARAGÓN;22;HUESCA;172;241;PEÑALBA;;22241A;0;0
2;ARAGÓN;22;HUESCA;172;241;PEÑALBA;;22241B;0;1
2;ARAGÓN;22;HUESCA;172;241;PEÑALBA;;22241C;0;2
2;ARAGÓN;22;HUESCA;173;270;PEÑAS DE RIGLOS;;22270A;0;0
2;ARAGÓN;22;HUESCA;173;270;PEÑAS DE RIGLOS;ENA;22270B;136;0
2;ARAGÓN;22;HUESCA;173;270;PEÑAS DE RIGLOS;RASAL;22270C;269;0
2;ARAGÓN;22;HUESCA;173;270;PEÑAS DE RIGLOS;SALINAS DE JACA;22270D;281;0
2;ARAGÓN;22;HUESCA;173;270;PEÑAS DE RIGLOS;TRISTE;22270E;333;0
2;ARAGÓN;22;HUESCA;174;242;PERALTA DE ALCOFEA;;22242A;0;0
2;ARAGÓN;22;HUESCA;174;242;PERALTA DE ALCOFEA;;22242B;0;1
2;ARAGÓN;22;HUESCA;175;243;PERALTA DE CALASANZ;;22243A;0;0
2;ARAGÓN;22;HUESCA;176;244;PERALTILLA;;22244A;0;0
2;ARAGÓN;22;HUESCA;177;245;PERARRUA;;22245A;0;0
2;ARAGÓN;22;HUESCA;178;246;PERTUSA;;22246A;0;0
2;ARAGÓN;22;HUESCA;178;246;PERTUSA;;22246B;0;1
2;ARAGÓN;22;HUESCA;181;249;PIRACES;;22249A;0;0
2;ARAGÓN;22;HUESCA;181;249;PIRACES;;22249B;0;1
2;ARAGÓN;22;HUESCA;181;249;PIRACES;;22249C;0;2
2;ARAGÓN;22;HUESCA;182;250;PLAN;;22250A;0;0
2;ARAGÓN;22;HUESCA;184;252;POLEÑINO;;22252A;0;0
2;ARAGÓN;22;HUESCA;184;252;POLEÑINO;;22252B;0;1
2;ARAGÓN;22;HUESCA;186;255;POZAN DE VERO;;22255A;0;0
2;ARAGÓN;22;HUESCA;187;256;LA PUEBLA DE CASTRO;;22256A;0;0
2;ARAGÓN;22;HUESCA;188;259;PUENTE DE MONTAÑANA;;22259A;0;0
2;ARAGÓN;22;HUESCA;189;260;PUERTOLAS;;22260A;0;0
2;ARAGÓN;22;HUESCA;190;261;PUEYO DE ARAGUAS;;22261A;0;0
2;ARAGÓN;22;HUESCA;193;264;PUEYO DE SANTA CRUZ;;22264A;0;0
2;ARAGÓN;22;HUESCA;195;266;QUICENA;;22266A;0;0
2;ARAGÓN;22;HUESCA;197;271;ROBRES;;22271A;0;0
2;ARAGÓN;22;HUESCA;199;275;SABIÑANIGO;;22275A;0;0
2;ARAGÓN;22;HUESCA;199;275;SABIÑANIGO;;22275B;0;1
2;ARAGÓN;22;HUESCA;199;275;SABIÑANIGO;;22275C;0;2
2;ARAGÓN;22;HUESCA;199;275;SABIÑANIGO;;22275D;0;3
2;ARAGÓN;22;HUESCA;199;275;SABIÑANIGO;;22275E;0;4
2;ARAGÓN;22;HUESCA;199;275;SABIÑANIGO;;22275F;0;5
2;ARAGÓN;22;HUESCA;199;275;SABIÑANIGO;ACUMUER;22275G;4;0
2;ARAGÓN;22;HUESCA;199;275;SABIÑANIGO;LAGUARTA;22275H;187;0
2;ARAGÓN;22;HUESCA;199;275;SABIÑANIGO;;22275J;0;8
2;ARAGÓN;22;HUESCA;199;275;SABIÑANIGO;;22275K;0;7
2;ARAGÓN;22;HUESCA;199;275;SABIÑANIGO;;22275L;0;6
2;ARAGÓN;22;HUESCA;200;276;SAHUN;;22276A;0;0
2;ARAGÓN;22;HUESCA;201;277;SALAS ALTAS;;22277A;0;0
2;ARAGÓN;22;HUESCA;202;278;SALAS BAJAS;;22278A;0;0
2;ARAGÓN;22;HUESCA;203;279;SALILLAS;;22279A;0;0
2;ARAGÓN;22;HUESCA;203;279;SALILLAS;;22279B;0;1
2;ARAGÓN;22;HUESCA;204;282;SALLENT DE GALLEGO;;22282A;0;0
2;ARAGÓN;22;HUESCA;204;282;SALLENT DE GALLEGO;ESCARRILLA;22282B;137;0
2;ARAGÓN;22;HUESCA;204;282;SALLENT DE GALLEGO;ESCARRILLA;22282C;137;1
2;ARAGÓN;22;HUESCA;204;282;SALLENT DE GALLEGO;ESCARRILLA;22282D;137;2
2;ARAGÓN;22;HUESCA;204;282;SALLENT DE GALLEGO;LANUZA;22282E;192;0
2;ARAGÓN;22;HUESCA;204;282;SALLENT DE GALLEGO;TRAMACASTILLA DE TENA;22282F;331;0
2;ARAGÓN;22;HUESCA;204;282;SALLENT DE GALLEGO;TRAMACASTILLA DE TENA;22282G;331;1
2;ARAGÓN;22;HUESCA;205;283;SAN ESTEBAN DE LITERA;;22283A;0;0
2;ARAGÓN;22;HUESCA;206;284;SANGARREN;;22284A;0;0
2;ARAGÓN;22;HUESCA;206;284;SANGARREN;;22284B;0;1
2;ARAGÓN;22;HUESCA;207;285;SAN JUAN DE PLAN;;22285A;0;0
2;ARAGÓN;22;HUESCA;208;286;SANTA CILIA;;22286A;0;0
2;ARAGÓN;22;HUESCA;209;287;SANTA CRUZ DE LA SEROS;;22287A;0;0
2;ARAGÓN;22;HUESCA;212;291;SANTA LIESTRA Y SAN QUILEZ;;22291A;0;0
2;ARAGÓN;22;HUESCA;213;294;SARIÑENA;;22294A;0;0
2;ARAGÓN;22;HUESCA;213;294;SARIÑENA;;22294B;0;1
2;ARAGÓN;22;HUESCA;213;294;SARIÑENA;;22294C;0;2
2;ARAGÓN;22;HUESCA;213;294;SARIÑENA;;22294D;0;3
2;ARAGÓN;22;HUESCA;213;294;SARIÑENA;;22294E;0;4
2;ARAGÓN;22;HUESCA;213;294;SARIÑENA;;22294F;0;5
2;ARAGÓN;22;HUESCA;214;298;SECASTILLA;;22298A;0;0
2;ARAGÓN;22;HUESCA;215;299;SEIRA;;22299A;0;0
2;ARAGÓN;22;HUESCA;217;301;SENA;;22301A;0;0
2;ARAGÓN;22;HUESCA;217;301;SENA;;22301B;0;1
2;ARAGÓN;22;HUESCA;218;303;SENES DE ALCUBIERRE;;22303A;0;0
2;ARAGÓN;22;HUESCA;220;305;SESA;;22305A;0;0
2;ARAGÓN;22;HUESCA;221;306;SESUE;;22306A;0;0
2;ARAGÓN;22;HUESCA;222;309;SIETAMO;;NULL;0;0
2;ARAGÓN;22;HUESCA;222;309;SIETAMO;ARBANIES;22309B;41;0
2;ARAGÓN;22;HUESCA;222;309;SIETAMO;LIESA;22309C;203;0
2;ARAGÓN;22;HUESCA;222;309;SIETAMO;;22309D;0;1
2;ARAGÓN;22;HUESCA;222;309;SIETAMO;LIESA;22309E;203;2
2;ARAGÓN;22;HUESCA;223;313;SOPEIRA;;22313A;0;0
2;ARAGÓN;22;HUESCA;223;313;SOPEIRA;SANTORENS;22313B;293;0
2;ARAGÓN;22;HUESCA;225;315;TAMARITE DE LITERA;;22315A;0;0
2;ARAGÓN;22;HUESCA;226;316;TARDIENTA;;22316A;0;0
2;ARAGÓN;22;HUESCA;226;316;TARDIENTA;;22316B;0;1
2;ARAGÓN;22;HUESCA;227;317;TELLA-SIN;;22317A;0;0
2;ARAGÓN;22;HUESCA;228;318;TIERZ;;22318A;0;0
2;ARAGÓN;22;HUESCA;229;320;TOLVA;;22320A;0;0
2;ARAGÓN;22;HUESCA;229;320;TOLVA;LUZAS;22320B;209;0
2;ARAGÓN;22;HUESCA;230;321;TORLA;;22321A;0;0
2;ARAGÓN;22;HUESCA;230;321;TORLA;LINAS DE BROTO;22321B;204;0
2;ARAGÓN;22;HUESCA;232;323;TORRALBA DE ARAGON;;22323A;0;0
2;ARAGÓN;22;HUESCA;233;324;TORRE LA RIBERA;;22324A;0;0
2;ARAGÓN;22;HUESCA;234;325;TORRENTE DE CINCA;;22325A;0;0
2;ARAGÓN;22;HUESCA;235;326;TORRES DE ALCANADRE;;22326A;0;0
2;ARAGÓN;22;HUESCA;235;326;TORRES DE ALCANADRE;;22326B;0;1
2;ARAGÓN;22;HUESCA;236;327;TORRES DE BARBUES;;22327A;0;0
2;ARAGÓN;22;HUESCA;236;327;TORRES DE BARBUES;;22327B;0;1
2;ARAGÓN;22;HUESCA;239;332;TRAMACED;;22332A;0;0
2;ARAGÓN;22;HUESCA;239;332;TRAMACED;;22332B;0;1
2;ARAGÓN;22;HUESCA;242;336;VALFARTA;;22336B;0;1
2;ARAGÓN;22;HUESCA;243;337;VALLE DE BARDAGI;;22337A;0;0
2;ARAGÓN;22;HUESCA;244;338;VALLE DE LIERP;;22338A;0;0
2;ARAGÓN;22;HUESCA;245;339;VELILLA DE CINCA;;22339A;0;0
2;ARAGÓN;22;HUESCA;246;71;BERANUY;VERACRUZ*;22071A;0;0
2;ARAGÓN;22;HUESCA;246;71;BERANUY;CALVERA;22071B;100;0
2;ARAGÓN;22;HUESCA;247;341;VIACAMP Y LITERA;;22341A;0;0
2;ARAGÓN;22;HUESCA;248;342;VICIEN;;22342A;0;0
2;ARAGÓN;22;HUESCA;249;343;VILLANOVA;;22343A;0;0
2;ARAGÓN;22;HUESCA;250;344;VILLANUA;;22344A;0;0
2;ARAGÓN;22;HUESCA;251;345;VILLANUEVA DE SIGENA;;22345A;0;0
2;ARAGÓN;22;HUESCA;251;345;VILLANUEVA DE SIGENA;;22345C;0;2
2;ARAGÓN;22;HUESCA;252;347;YEBRA DE BASA;;22347A;0;0
2;ARAGÓN;22;HUESCA;253;348;YESERO;;22348A;0;0
2;ARAGÓN;22;HUESCA;254;349;ZAIDIN;;22349A;0;0
2;ARAGÓN;22;HUESCA;350;350;LA FUEVA;CLAMOSA;22350A;122;0
2;ARAGÓN;22;HUESCA;350;350;LA FUEVA;MEDIANO;22350B;212;0
2;ARAGÓN;22;HUESCA;350;350;LA FUEVA;MORILLO DE MONCLUS;22350C;219;0
2;ARAGÓN;22;HUESCA;350;350;LA FUEVA;MORILLO DE MONCLUS;22350D;219;1
2;ARAGÓN;22;HUESCA;350;350;LA FUEVA;MORILLO DE MONCLUS;22350E;219;2
2;ARAGÓN;22;HUESCA;350;350;LA FUEVA;MORILLO DE MONCLUS;22350F;219;3
2;ARAGÓN;22;HUESCA;350;350;LA FUEVA;MORILLO DE MONCLUS;22350G;219;4
2;ARAGÓN;22;HUESCA;901;168;VALLE DE HECHO;;22168A;0;0
2;ARAGÓN;22;HUESCA;901;168;VALLE DE HECHO;EMBÚN;22168B;135;0
2;ARAGÓN;22;HUESCA;901;168;VALLE DE HECHO;URDUÉS;22168C;334;0
2;ARAGÓN;22;HUESCA;902;288;PUENTE LA REINA;PUENTE LA REINA DE JACA*;22288A;0;1
2;ARAGÓN;22;HUESCA;902;288;PUENTE LA REINA;JAVIERREGAY;22288B;180;2
2;ARAGÓN;22;HUESCA;903;253;SAN MIGUEL DEL CINCA;;22253A;0;0
2;ARAGÓN;22;HUESCA;904;88;LA SOTONERA;;22088A;0;0
2;ARAGÓN;22;HUESCA;904;88;LA SOTONERA;;22088B;0;1
2;ARAGÓN;22;HUESCA;904;88;LA SOTONERA;ANIES;22088C;33;0
2;ARAGÓN;22;HUESCA;904;88;LA SOTONERA;ANIES;22088D;33;4
2;ARAGÓN;22;HUESCA;904;88;LA SOTONERA;ANIES;22088E;33;5
2;ARAGÓN;22;HUESCA;904;88;LA SOTONERA;ANIES;22088F;33;6
2;ARAGÓN;22;HUESCA;904;88;LA SOTONERA;ESQUEDAS;22088G;143;0
2;ARAGÓN;22;HUESCA;904;88;LA SOTONERA;ESQUEDAS;22088H;143;1
2;ARAGÓN;22;HUESCA;904;88;LA SOTONERA;LIERTA;22088J;202;0
2;ARAGÓN;22;HUESCA;904;88;LA SOTONERA;LIERTA;22088K;202;1
2;ARAGÓN;22;HUESCA;904;88;LA SOTONERA;PLASENCIA DEL MONTE;22088L;251;0
2;ARAGÓN;22;HUESCA;904;88;LA SOTONERA;PLASENCIA DEL MONTE;22088M;251;1
2;ARAGÓN;22;HUESCA;904;88;LA SOTONERA;QUINZANO;22088N;267;0
2;ARAGÓN;22;HUESCA;904;88;LA SOTONERA;QUINZANO;22088P;267;1
2;ARAGÓN;22;HUESCA;905;208;LUPIÑEN-ORTILLA;LUPIÑEN*;22208A;0;0
2;ARAGÓN;22;HUESCA;905;208;LUPIÑEN-ORTILLA;LUPIÑEN*;22208B;0;1
2;ARAGÓN;22;HUESCA;905;208;LUPIÑEN-ORTILLA;LUPIÑEN*;22208C;0;2
2;ARAGÓN;22;HUESCA;905;208;LUPIÑEN-ORTILLA;ORTILLA;22208D;233;0
2;ARAGÓN;22;HUESCA;905;208;LUPIÑEN-ORTILLA;ORTILLA;22208E;233;3
2;ARAGÓN;22;HUESCA;905;208;LUPIÑEN-ORTILLA;ORTILLA;22208F;233;4
2;ARAGÓN;22;HUESCA;906;171;SANTA MARIA DE DULCIS;;22171A;0;0
2;ARAGÓN;22;HUESCA;906;171;SANTA MARIA DE DULCIS;BUERA;22171B;95;0
2;ARAGÓN;22;HUESCA;907;9;AINSA-SOBRARBE;;22009A;0;0
2;ARAGÓN;22;HUESCA;907;9;AINSA-SOBRARBE;ARCUSA;22009B;43;0
2;ARAGÓN;22;HUESCA;907;9;AINSA-SOBRARBE;CASTEJON DE SOBRARBE;22009C;114;0
2;ARAGÓN;22;HUESCA;907;9;AINSA-SOBRARBE;COSCOJUELA DE SOBRARBE;22009D;127;0
2;ARAGÓN;22;HUESCA;907;9;AINSA-SOBRARBE;GERBE Y GRIEBAL;22009E;158;0
2;ARAGÓN;22;HUESCA;907;9;AINSA-SOBRARBE;GERBE Y GRIEBAL;22009F;158;1
2;ARAGÓN;22;HUESCA;907;9;AINSA-SOBRARBE;GUASO;22009G;165;0
2;ARAGÓN;22;HUESCA;907;9;AINSA-SOBRARBE;OLSON;22009H;229;0
2;ARAGÓN;22;HUESCA;907;9;AINSA-SOBRARBE;SANTA MARIA DE BUIL;22009J;292;0
2;ARAGÓN;22;HUESCA;907;9;AINSA-SOBRARBE;SARSA DE SURTA;22009K;295;0
2;ARAGÓN;22;HUESCA;908;169;HOZ Y COSTEAN;;22169A;0;0
2;ARAGÓN;22;HUESCA;908;169;HOZ Y COSTEAN;COSTEAN;22169B;129;0
2;ARAGÓN;22;HUESCA;908;169;HOZ Y COSTEAN;SALINAS DE HOZ;22169C;280;0
2;ARAGÓN;22;HUESCA;909;351;VENCILLON;;22351A;0;0
2;ARAGÓN;44;TERUEL;1;1;ABABUJ;;44001A;0;0
2;ARAGÓN;44;TERUEL;2;2;ABEJUELA;;44002A;0;0
2;ARAGÓN;44;TERUEL;3;3;AGUATON;;44003A;0;0
2;ARAGÓN;44;TERUEL;4;4;AGUAVIVA;;44004A;0;0
2;ARAGÓN;44;TERUEL;5;5;AGUILAR DEL ALFAMBRA;;44005A;0;0
2;ARAGÓN;44;TERUEL;6;6;ALACON;;44006A;0;0
2;ARAGÓN;44;TERUEL;7;7;ALBA DEL CAMPO;;44007B;0;1
2;ARAGÓN;44;TERUEL;7;7;ALBA DEL CAMPO;;44007C;0;2
2;ARAGÓN;44;TERUEL;8;8;ALBALATE DEL ARZOBISPO;;44008A;0;0
2;ARAGÓN;44;TERUEL;9;9;ALBARRACIN;;44009A;0;0
2;ARAGÓN;44;TERUEL;9;9;ALBARRACIN;;44009B;0;1
2;ARAGÓN;44;TERUEL;10;10;ALBENTOSA;;44010A;0;0
2;ARAGÓN;44;TERUEL;11;11;ALCAINE;;44011A;0;0
2;ARAGÓN;44;TERUEL;12;12;ALCALA DE LA SELVA;;44012A;0;0
2;ARAGÓN;44;TERUEL;13;13;ALCAÑIZ;;44013A;0;0
2;ARAGÓN;44;TERUEL;14;14;ALCORISA;;44014A;0;0
2;ARAGÓN;44;TERUEL;16;16;ALFAMBRA;;44016A;0;0
2;ARAGÓN;44;TERUEL;17;17;ALIAGA;;44017A;0;0
2;ARAGÓN;44;TERUEL;17;17;ALIAGA;CAMPOS;44017B;58;0
2;ARAGÓN;44;TERUEL;17;17;ALIAGA;CAMPOS;44017C;58;1
2;ARAGÓN;44;TERUEL;17;17;ALIAGA;CIRUGEDA;44017D;79;0
2;ARAGÓN;44;TERUEL;18;18;ALMOHAJA;;44018A;0;0
2;ARAGÓN;44;TERUEL;19;19;ALOBRAS;;44019A;0;0
2;ARAGÓN;44;TERUEL;20;20;ALPEÑES;;44020A;0;0
2;ARAGÓN;44;TERUEL;21;21;ALLEPUZ;;44021A;0;0
2;ARAGÓN;44;TERUEL;22;22;ALLOZA;;44022A;0;0
2;ARAGÓN;44;TERUEL;23;23;ALLUEVA;;44023A;0;0
2;ARAGÓN;44;TERUEL;24;24;ANADON;;44024A;0;0
2;ARAGÓN;44;TERUEL;25;25;ANDORRA;;44025A;0;0
2;ARAGÓN;44;TERUEL;26;26;ARCOS DE LAS SALINAS;;44026A;0;0
2;ARAGÓN;44;TERUEL;27;27;ARENS DE LLEDO;;44027A;0;0
2;ARAGÓN;44;TERUEL;28;28;ARGENTE;;44028A;0;0
2;ARAGÓN;44;TERUEL;29;29;ARIÑO;;44029A;0;0
2;ARAGÓN;44;TERUEL;31;31;AZAILA;;44031A;0;0
2;ARAGÓN;44;TERUEL;31;31;AZAILA;;44031B;0;1
2;ARAGÓN;44;TERUEL;32;32;BADENAS;;44032A;0;0
2;ARAGÓN;44;TERUEL;33;33;BAGUENA;;44033A;0;0
2;ARAGÓN;44;TERUEL;34;34;BAÑON;;44034A;0;0
2;ARAGÓN;44;TERUEL;35;35;BARRACHINA;;44035A;0;0
2;ARAGÓN;44;TERUEL;36;36;BEA;;44036A;0;0
2;ARAGÓN;44;TERUEL;37;37;BECEITE;;44037A;0;0
2;ARAGÓN;44;TERUEL;38;38;BELMONTE SAN JOSE;;44038A;0;0
2;ARAGÓN;44;TERUEL;39;39;BELLO;;44039A;0;0
2;ARAGÓN;44;TERUEL;40;40;BERGE;;44040A;0;0
2;ARAGÓN;44;TERUEL;41;41;BEZAS;;44041A;0;0
2;ARAGÓN;44;TERUEL;42;42;BLANCAS;;44042A;0;0
2;ARAGÓN;44;TERUEL;43;43;BLESA;;44043A;0;0
2;ARAGÓN;44;TERUEL;44;44;BORDON;;44044A;0;0
2;ARAGÓN;44;TERUEL;45;45;BRONCHALES;;44045A;0;0
2;ARAGÓN;44;TERUEL;46;46;BUEÑA;;44046A;0;0
2;ARAGÓN;44;TERUEL;47;47;BURBAGUENA;;44047A;0;1
2;ARAGÓN;44;TERUEL;47;47;BURBAGUENA;;44047B;0;2
2;ARAGÓN;44;TERUEL;48;48;CABRA DE MORA;;44048A;0;0
2;ARAGÓN;44;TERUEL;49;49;CALACEITE;;44049A;0;0
2;ARAGÓN;44;TERUEL;50;50;CALAMOCHA;;44050A;0;0
2;ARAGÓN;44;TERUEL;51;51;CALANDA;;44051A;0;0
2;ARAGÓN;44;TERUEL;51;51;CALANDA;;44051B;0;1
2;ARAGÓN;44;TERUEL;52;52;CALOMARDE;;44052A;0;0
2;ARAGÓN;44;TERUEL;53;53;CAMAÑAS;;44053A;0;0
2;ARAGÓN;44;TERUEL;54;54;CAMARENA DE LA SIERRA;;44054A;0;0
2;ARAGÓN;44;TERUEL;55;55;CAMARILLAS;;44055A;0;0
2;ARAGÓN;44;TERUEL;56;56;CAMINREAL;;44056A;0;0
2;ARAGÓN;44;TERUEL;59;59;CANTAVIEJA;;44059A;0;0
2;ARAGÓN;44;TERUEL;60;60;CAÑADA DE BENATANDUZ;;44060A;0;0
2;ARAGÓN;44;TERUEL;61;61;LA CAÑADA DE VERICH;;44061A;0;0
2;ARAGÓN;44;TERUEL;62;62;CAÑADA VELLIDA;;44062A;0;0
2;ARAGÓN;44;TERUEL;63;63;CAÑIZAR DEL OLIVAR;;44063A;0;0
2;ARAGÓN;44;TERUEL;64;64;CASCANTE DEL RIO;;44064A;0;0
2;ARAGÓN;44;TERUEL;65;65;CASTEJON DE TORNOS;;44065A;0;0
2;ARAGÓN;44;TERUEL;66;66;CASTEL DE CABRA;;44066A;0;0
2;ARAGÓN;44;TERUEL;67;67;CASTELNOU;;44067A;0;0
2;ARAGÓN;44;TERUEL;68;68;CASTELSERAS;;44068A;0;0
2;ARAGÓN;44;TERUEL;70;70;EL CASTELLAR;;44070A;0;0
2;ARAGÓN;44;TERUEL;71;71;CASTELLOTE;;44071A;0;0
2;ARAGÓN;44;TERUEL;74;74;CEDRILLAS;;44074A;0;0
2;ARAGÓN;44;TERUEL;74;74;CEDRILLAS;;44074B;0;1
2;ARAGÓN;44;TERUEL;75;75;CELADAS;;44075A;0;0
2;ARAGÓN;44;TERUEL;76;76;CELLA;;44076A;0;0
2;ARAGÓN;44;TERUEL;77;77;LA CEROLLERA;;44077A;0;0
2;ARAGÓN;44;TERUEL;80;81;LA CODOÑERA;;44081A;0;0
2;ARAGÓN;44;TERUEL;82;84;CORBALAN;;44084A;0;0
2;ARAGÓN;44;TERUEL;84;86;CORTES DE ARAGON;;44086A;0;0
2;ARAGÓN;44;TERUEL;85;87;COSA;;44087A;0;0
2;ARAGÓN;44;TERUEL;86;88;CRETAS;;44088A;0;0
2;ARAGÓN;44;TERUEL;87;89;CRIVILLEN;;44089A;0;0
2;ARAGÓN;44;TERUEL;88;90;LA CUBA;;44090A;0;0
2;ARAGÓN;44;TERUEL;89;91;CUBLA;;44091A;0;0
2;ARAGÓN;44;TERUEL;90;92;CUCALON;;44092A;0;0
2;ARAGÓN;44;TERUEL;92;94;EL CUERVO;;44094A;0;0
2;ARAGÓN;44;TERUEL;93;95;CUEVAS DE ALMUDEN;;44095A;0;0
2;ARAGÓN;44;TERUEL;93;95;CUEVAS DE ALMUDEN;;44095B;0;1
2;ARAGÓN;44;TERUEL;94;98;CUEVAS LABRADAS;;44098A;0;0
2;ARAGÓN;44;TERUEL;96;101;EJULVE;;44101A;0;0
2;ARAGÓN;44;TERUEL;97;102;ESCORIHUELA;;44102A;0;0
2;ARAGÓN;44;TERUEL;99;104;ESCUCHA;;44104A;0;0
2;ARAGÓN;44;TERUEL;100;105;ESTERCUEL;;44105A;0;0
2;ARAGÓN;44;TERUEL;101;106;FERRERUELA DE HUERVA;;44106A;0;0
2;ARAGÓN;44;TERUEL;102;107;FONFRIA;;44107A;0;0
2;ARAGÓN;44;TERUEL;103;108;FORMICHE ALTO;;44108A;0;0
2;ARAGÓN;44;TERUEL;105;110;FORNOLES;;44110A;0;0
2;ARAGÓN;44;TERUEL;106;111;FORTANETE;;44111A;0;0
2;ARAGÓN;44;TERUEL;107;112;FOZ CALANDA;;44112A;0;0
2;ARAGÓN;44;TERUEL;108;113;LA FRESNEDA;;44113A;0;0
2;ARAGÓN;44;TERUEL;109;114;FRIAS DE ALBARRACIN;;44114A;0;0
2;ARAGÓN;44;TERUEL;110;115;FUENFERRADA;;44115A;0;0
2;ARAGÓN;44;TERUEL;111;116;FUENTES CALIENTES;;44116A;0;0
2;ARAGÓN;44;TERUEL;112;117;FUENTES CLARAS;;44117A;0;0
2;ARAGÓN;44;TERUEL;113;118;FUENTES DE RUBIELOS;;44118A;0;0
2;ARAGÓN;44;TERUEL;114;119;FUENTESPALDA;;44119A;0;0
2;ARAGÓN;44;TERUEL;115;120;GALVE;;44120A;0;0
2;ARAGÓN;44;TERUEL;116;121;GARGALLO;;44121A;0;0
2;ARAGÓN;44;TERUEL;117;122;GEA DE ALBARRACIN;;44122A;0;0
2;ARAGÓN;44;TERUEL;118;123;LA GINEBROSA;;44123A;0;0
2;ARAGÓN;44;TERUEL;119;125;GRIEGOS;;44125A;0;0
2;ARAGÓN;44;TERUEL;119;125;GRIEGOS;;44125B;0;1
2;ARAGÓN;44;TERUEL;120;126;GUADALAVIAR;;44126A;0;0
2;ARAGÓN;44;TERUEL;121;127;GUDAR;;44127A;0;0
2;ARAGÓN;44;TERUEL;122;128;HIJAR;;44128A;0;0
2;ARAGÓN;44;TERUEL;123;129;HINOJOSA DE JARQUE;;44129A;0;0
2;ARAGÓN;44;TERUEL;123;129;HINOJOSA DE JARQUE;;44129B;0;1
2;ARAGÓN;44;TERUEL;124;130;LA HOZ DE LA VIEJA;;44130A;0;0
2;ARAGÓN;44;TERUEL;125;131;HUESA DEL COMUN;;44131A;0;0
2;ARAGÓN;44;TERUEL;125;131;HUESA DEL COMUN;RUDILLA;44131C;214;0
2;ARAGÓN;44;TERUEL;126;132;LA IGLESUELA DEL CID;;44132A;0;0
2;ARAGÓN;44;TERUEL;127;133;JABALOYAS;;44133A;0;0
2;ARAGÓN;44;TERUEL;128;134;JARQUE DE LA VAL;;44134A;0;0
2;ARAGÓN;44;TERUEL;128;134;JARQUE DE LA VAL;;44134B;0;1
2;ARAGÓN;44;TERUEL;129;135;JATIEL;;44135A;0;0
2;ARAGÓN;44;TERUEL;129;135;JATIEL;;44135B;0;1
2;ARAGÓN;44;TERUEL;130;136;JORCAS;;44136A;0;0
2;ARAGÓN;44;TERUEL;131;137;JOSA;;44137A;0;0
2;ARAGÓN;44;TERUEL;132;139;LAGUERUELA;;44139A;0;0
2;ARAGÓN;44;TERUEL;133;140;LANZUELA;;44140A;0;0
2;ARAGÓN;44;TERUEL;135;142;LIBROS;;44142A;0;0
2;ARAGÓN;44;TERUEL;136;143;LIDON;;44143A;0;0
2;ARAGÓN;44;TERUEL;137;144;LINARES DE MORA;;44144A;0;0
2;ARAGÓN;44;TERUEL;137;144;LINARES DE MORA;;44144B;0;1
2;ARAGÓN;44;TERUEL;138;145;LOSCOS;;44145A;0;0
2;ARAGÓN;44;TERUEL;138;145;LOSCOS;EL COLLADICO;44145B;82;0
2;ARAGÓN;44;TERUEL;138;145;LOSCOS;MEZQUITA DE LOSCOS;44145C;156;0
2;ARAGÓN;44;TERUEL;138;145;LOSCOS;PIEDRAHITA;44145D;193;0
2;ARAGÓN;44;TERUEL;138;145;LOSCOS;COMUNIDAD PARDINA DE MERCADAL;44145E;283;0
2;ARAGÓN;44;TERUEL;141;148;LLEDO;;44148A;0;0
2;ARAGÓN;44;TERUEL;142;149;MAICAS;;44149A;0;0
2;ARAGÓN;44;TERUEL;143;150;MANZANERA;;44150A;0;0
2;ARAGÓN;44;TERUEL;144;151;MARTIN DEL RIO;;44151A;0;0
2;ARAGÓN;44;TERUEL;144;151;MARTIN DEL RIO;LA RAMBLA DE MARTIN;44151B;206;0
2;ARAGÓN;44;TERUEL;145;152;MAS DE LAS MATAS;;44152A;0;0
2;ARAGÓN;44;TERUEL;146;153;LA MATA DE LOS OLMOS;;44153A;0;0
2;ARAGÓN;44;TERUEL;147;154;MAZALEON;;44154A;0;0
2;ARAGÓN;44;TERUEL;148;155;MEZQUITA DE JARQUE;;44155A;0;0
2;ARAGÓN;44;TERUEL;148;155;MEZQUITA DE JARQUE;;44155B;0;1
2;ARAGÓN;44;TERUEL;149;157;MIRAMBEL;;44157A;0;0
2;ARAGÓN;44;TERUEL;150;158;MIRAVETE DE LA SIERRA;;44158A;0;0
2;ARAGÓN;44;TERUEL;151;159;MOLINOS;;44159A;0;0
2;ARAGÓN;44;TERUEL;152;160;MONFORTE DE MOYUELA;;44160A;0;0
2;ARAGÓN;44;TERUEL;153;161;MONREAL DEL CAMPO;;44161A;0;0
2;ARAGÓN;44;TERUEL;153;161;MONREAL DEL CAMPO;;44161B;0;1
2;ARAGÓN;44;TERUEL;153;161;MONREAL DEL CAMPO;;44161C;0;2
2;ARAGÓN;44;TERUEL;154;162;MONROYO;;44162A;0;0
2;ARAGÓN;44;TERUEL;155;163;MONTALBAN;;44163A;0;0
2;ARAGÓN;44;TERUEL;156;164;MONTEAGUDO DEL CASTILLO;;44164A;0;0
2;ARAGÓN;44;TERUEL;157;165;MONTERDE DE ALBARRACIN;;44165A;0;0
2;ARAGÓN;44;TERUEL;158;167;MORA DE RUBIELOS;;44167A;0;0
2;ARAGÓN;44;TERUEL;159;168;MOSCARDON;;44168A;0;0
2;ARAGÓN;44;TERUEL;160;169;MOSQUERUELA;;44169A;0;0
2;ARAGÓN;44;TERUEL;161;170;MUNIESA;;44170A;0;0
2;ARAGÓN;44;TERUEL;163;172;NOGUERA;;44172A;0;0
2;ARAGÓN;44;TERUEL;164;173;NOGUERAS;;44173A;0;0
2;ARAGÓN;44;TERUEL;165;174;NOGUERUELAS;;44174A;0;0
2;ARAGÓN;44;TERUEL;167;176;OBON;;44176A;0;0
2;ARAGÓN;44;TERUEL;168;177;ODON;;44177A;0;0
2;ARAGÓN;44;TERUEL;169;178;OJOS NEGROS;;44178A;0;0
2;ARAGÓN;44;TERUEL;171;180;OLBA;;44180A;0;0
2;ARAGÓN;44;TERUEL;172;181;OLIETE;;44181A;0;0
2;ARAGÓN;44;TERUEL;173;182;LOS OLMOS;;44182A;0;0
2;ARAGÓN;44;TERUEL;174;183;ORIHUELA DEL TREMEDAL;;44183A;0;0
2;ARAGÓN;44;TERUEL;175;184;ORRIOS;;44184A;0;0
2;ARAGÓN;44;TERUEL;176;185;PALOMAR DE ARROYOS;;44185A;0;0
2;ARAGÓN;44;TERUEL;177;186;PANCRUDO;;44186A;0;0
2;ARAGÓN;44;TERUEL;178;187;LAS PARRAS DE CASTELLOTE;;44187A;0;0
2;ARAGÓN;44;TERUEL;179;189;PEÑARROYA DE TASTAVINS;;44189A;0;0
2;ARAGÓN;44;TERUEL;180;190;PERACENSE;;44190A;0;0
2;ARAGÓN;44;TERUEL;181;191;PERALEJOS;;44191A;0;0
2;ARAGÓN;44;TERUEL;182;192;PERALES DEL ALFAMBRA;;44192A;0;0
2;ARAGÓN;44;TERUEL;182;192;PERALES DEL ALFAMBRA;;44192B;0;1
2;ARAGÓN;44;TERUEL;183;194;PITARQUE;;44194A;0;0
2;ARAGÓN;44;TERUEL;184;195;PLOU;;44195A;0;0
2;ARAGÓN;44;TERUEL;185;196;EL POBO;;44196A;0;0
2;ARAGÓN;44;TERUEL;187;198;LA PORTELLADA;;44198A;0;0
2;ARAGÓN;44;TERUEL;189;200;POZONDON;;44200A;0;0
2;ARAGÓN;44;TERUEL;190;201;POZUEL DEL CAMPO;;44201A;0;0
2;ARAGÓN;44;TERUEL;191;202;LA PUEBLA DE HIJAR;;44202A;0;0
2;ARAGÓN;44;TERUEL;191;202;LA PUEBLA DE HIJAR;;44202B;0;1
2;ARAGÓN;44;TERUEL;192;203;LA PUEBLA DE VALVERDE;;44203A;0;0
2;ARAGÓN;44;TERUEL;193;204;PUERTOMINGALVO;;44204A;0;0
2;ARAGÓN;44;TERUEL;194;205;RAFALES;;44205A;0;0
2;ARAGÓN;44;TERUEL;195;207;RILLO;;44207A;0;0
2;ARAGÓN;44;TERUEL;196;208;RIODEVA;;44208A;0;0
2;ARAGÓN;44;TERUEL;197;209;RODENAS;;44209A;0;0
2;ARAGÓN;44;TERUEL;198;210;ROYUELA;;44210A;0;0
2;ARAGÓN;44;TERUEL;199;211;RUBIALES;;44211A;0;0
2;ARAGÓN;44;TERUEL;200;212;RUBIELOS DE LA CERIDA;;44212A;0;0
2;ARAGÓN;44;TERUEL;201;213;RUBIELOS DE MORA;;44213A;0;0
2;ARAGÓN;44;TERUEL;203;215;SALCEDILLO;;44215A;0;0
2;ARAGÓN;44;TERUEL;204;216;SALDON;;44216A;0;0
2;ARAGÓN;44;TERUEL;204;216;SALDON;;44216B;0;1
2;ARAGÓN;44;TERUEL;205;217;SAMPER DE CALANDA;;44217A;0;0
2;ARAGÓN;44;TERUEL;206;218;SAN AGUSTIN;;44218A;0;0
2;ARAGÓN;44;TERUEL;207;219;SAN MARTIN DEL RIO;;44219A;0;0
2;ARAGÓN;44;TERUEL;208;220;SANTA CRUZ DE NOGUERAS;;44220A;0;0
2;ARAGÓN;44;TERUEL;209;221;SANTA EULALIA DEL CAMPO;;44221A;0;1
2;ARAGÓN;44;TERUEL;209;221;SANTA EULALIA DEL CAMPO;;44221B;0;2
2;ARAGÓN;44;TERUEL;210;223;SARRION;;44223A;0;0
2;ARAGÓN;44;TERUEL;211;224;SEGURA DE LOS BAÑOS;;44224A;0;0
2;ARAGÓN;44;TERUEL;212;225;SENO;;44225A;0;0
2;ARAGÓN;44;TERUEL;213;226;SINGRA;;44226B;0;1
2;ARAGÓN;44;TERUEL;213;226;SINGRA;;44226C;0;2
2;ARAGÓN;44;TERUEL;215;228;TERRIENTE;;44228A;0;0
2;ARAGÓN;44;TERUEL;216;900;TERUEL;;44900A;0;0
2;ARAGÓN;44;TERUEL;217;230;TORIL Y MASEGOSO;;44230A;0;0
2;ARAGÓN;44;TERUEL;218;231;TORMON;;44231A;0;0
2;ARAGÓN;44;TERUEL;219;232;TORNOS;;44232A;0;0
2;ARAGÓN;44;TERUEL;219;232;TORNOS;;44232B;0;1
2;ARAGÓN;44;TERUEL;220;233;TORRALBA DE LOS SISONES;;44233A;0;0
2;ARAGÓN;44;TERUEL;221;234;TORRECILLA DE ALCAÑIZ;;44234A;0;0
2;ARAGÓN;44;TERUEL;222;235;TORRECILLA DEL REBOLLAR;;44235A;0;0
2;ARAGÓN;44;TERUEL;222;235;TORRECILLA DEL REBOLLAR;GODOS;44235B;124;0
2;ARAGÓN;44;TERUEL;223;236;TORRE DE ARCAS;;44236A;0;0
2;ARAGÓN;44;TERUEL;224;237;TORRE DE LAS ARCAS;;44237A;0;0
2;ARAGÓN;44;TERUEL;225;238;TORRE DEL COMPTE;;44238A;0;0
2;ARAGÓN;44;TERUEL;226;239;TORRELACARCEL;;44239A;0;1
2;ARAGÓN;44;TERUEL;226;239;TORRELACARCEL;;44239B;0;2
2;ARAGÓN;44;TERUEL;227;240;TORRE LOS NEGROS;;44240A;0;0
2;ARAGÓN;44;TERUEL;228;241;TORREMOCHA DE JILOCA;;44241A;0;0
2;ARAGÓN;44;TERUEL;228;241;TORREMOCHA DE JILOCA;;44241B;0;1
2;ARAGÓN;44;TERUEL;228;241;TORREMOCHA DE JILOCA;;44241C;0;2
2;ARAGÓN;44;TERUEL;229;242;TORRES DE ALBARRACIN;;44242A;0;0
2;ARAGÓN;44;TERUEL;230;243;TORREVELILLA;;44243A;0;0
2;ARAGÓN;44;TERUEL;231;244;TORRIJAS;;44244A;0;0
2;ARAGÓN;44;TERUEL;232;245;TORRIJO DEL CAMPO;;44245A;0;0
2;ARAGÓN;44;TERUEL;232;245;TORRIJO DEL CAMPO;;44245B;0;1
2;ARAGÓN;44;TERUEL;234;247;TRAMACASTIEL;;44247A;0;0
2;ARAGÓN;44;TERUEL;235;248;TRAMACASTILLA;;44248A;0;0
2;ARAGÓN;44;TERUEL;236;249;TRONCHON;;44249A;0;0
2;ARAGÓN;44;TERUEL;237;250;URREA DE GAEN;;44250A;0;0
2;ARAGÓN;44;TERUEL;238;251;UTRILLAS;;44251A;0;0
2;ARAGÓN;44;TERUEL;239;252;VALACLOCHE;;44252A;0;0
2;ARAGÓN;44;TERUEL;240;253;VALBONA;;44253A;0;0
2;ARAGÓN;44;TERUEL;241;254;VALDEALGORFA;;44254A;0;0
2;ARAGÓN;44;TERUEL;243;257;VALDECUENCA;;44257A;0;0
2;ARAGÓN;44;TERUEL;243;257;VALDECUENCA;;44257B;0;1
2;ARAGÓN;44;TERUEL;244;258;VALDELINARES;;44258A;0;0
2;ARAGÓN;44;TERUEL;245;259;VALDELTORMO;;44259A;0;0
2;ARAGÓN;44;TERUEL;246;260;VALDERROBRES;;44260A;0;0
2;ARAGÓN;44;TERUEL;247;261;VALJUNQUERA;;44261A;0;0
2;ARAGÓN;44;TERUEL;249;263;EL VALLECILLO;;44263A;0;0
2;ARAGÓN;44;TERUEL;250;264;VEGUILLAS DE LA SIERRA;;44264A;0;0
2;ARAGÓN;44;TERUEL;251;265;VILLAFRANCA DEL CAMPO;;44265A;0;0
2;ARAGÓN;44;TERUEL;251;265;VILLAFRANCA DEL CAMPO;;44265B;0;1
2;ARAGÓN;44;TERUEL;252;266;VILLAHERMOSA DEL CAMPO;;44266A;0;0
2;ARAGÓN;44;TERUEL;256;270;VILLANUEVA DEL REBOLLAR;;44270A;0;0
2;ARAGÓN;44;TERUEL;257;271;VILLAR DEL COBO;;44271A;0;0
2;ARAGÓN;44;TERUEL;258;272;VILLAR DEL SALZ;;44272A;0;0
2;ARAGÓN;44;TERUEL;260;274;VILLARLUENGO;;44274A;0;0
2;ARAGÓN;44;TERUEL;260;274;VILLARLUENGO;MONTORO DE MEZQUITA;44274B;166;0
2;ARAGÓN;44;TERUEL;261;275;VILLARQUEMADO;;44275A;0;1
2;ARAGÓN;44;TERUEL;261;275;VILLARQUEMADO;;44275B;0;2
2;ARAGÓN;44;TERUEL;262;276;VILLARROYA DE LOS PINARES;;44276A;0;0
2;ARAGÓN;44;TERUEL;263;277;VILLASTAR;;44277A;0;0
2;ARAGÓN;44;TERUEL;264;278;VILLEL;;44278A;0;0
2;ARAGÓN;44;TERUEL;265;279;VINACEITE;;44279A;0;0
2;ARAGÓN;44;TERUEL;265;279;VINACEITE;;44279B;0;1
2;ARAGÓN;44;TERUEL;266;280;VISIEDO;;44280A;0;0
2;ARAGÓN;44;TERUEL;267;281;VIVEL DEL RIO MARTIN;;44281A;0;0
2;ARAGÓN;44;TERUEL;267;281;VIVEL DEL RIO MARTIN;ARMILLAS;44281B;30;0
2;ARAGÓN;44;TERUEL;268;282;LA ZOMA;;44282A;0;0
2;ARAGÓN;50;ZARAGOZA;1;1;ABANTO;;50001A;0;0
2;ARAGÓN;50;ZARAGOZA;2;2;ACERED;;50002A;0;0
2;ARAGÓN;50;ZARAGOZA;3;3;AGON;;50003A;0;0
2;ARAGÓN;50;ZARAGOZA;4;4;AGUARON;;50004A;0;0
2;ARAGÓN;50;ZARAGOZA;5;5;AGUILON;;50005A;0;0
2;ARAGÓN;50;ZARAGOZA;6;6;AINZON;;50006A;0;0
2;ARAGÓN;50;ZARAGOZA;7;7;ALADREN;;50007A;0;0
2;ARAGÓN;50;ZARAGOZA;8;8;ALAGON;;50008A;0;0
2;ARAGÓN;50;ZARAGOZA;9;9;ALARBA;;50009A;0;0
2;ARAGÓN;50;ZARAGOZA;10;10;ALBERITE DE SAN JUAN;;50010A;0;0
2;ARAGÓN;50;ZARAGOZA;11;11;ALBETA;;50011A;0;0
2;ARAGÓN;50;ZARAGOZA;12;12;ALBORGE;;50012A;0;0
2;ARAGÓN;50;ZARAGOZA;13;13;ALCALA DE EBRO;;50013A;0;0
2;ARAGÓN;50;ZARAGOZA;14;14;ALCALA DE MONCAYO;;50014A;0;0
2;ARAGÓN;50;ZARAGOZA;15;15;ALCONCHEL DE ARIZA;;50015A;0;1
2;ARAGÓN;50;ZARAGOZA;15;15;ALCONCHEL DE ARIZA;;50015B;0;2
2;ARAGÓN;50;ZARAGOZA;16;16;ALDEHUELA DE LIESTOS;;50016A;0;0
2;ARAGÓN;50;ZARAGOZA;17;17;ALFAJARIN;;50017A;0;0
2;ARAGÓN;50;ZARAGOZA;18;18;ALFAMEN;;50018A;0;0
2;ARAGÓN;50;ZARAGOZA;19;19;ALFORQUE;;50019A;0;0
2;ARAGÓN;50;ZARAGOZA;20;20;ALHAMA DE ARAGON;;50020A;0;0
2;ARAGÓN;50;ZARAGOZA;21;21;ALMOCHUEL;;50021A;0;0
2;ARAGÓN;50;ZARAGOZA;22;22;LA ALMOLDA;;50022A;0;0
2;ARAGÓN;50;ZARAGOZA;23;23;ALMONACID DE LA CUBA;;50023A;0;0
2;ARAGÓN;50;ZARAGOZA;24;24;ALMONACID DE LA SIERRA;;50024A;0;0
2;ARAGÓN;50;ZARAGOZA;25;25;LA ALMUNIA DE DOÑA GODINA;;50025A;0;0
2;ARAGÓN;50;ZARAGOZA;26;26;ALPARTIR;;50026A;0;0
2;ARAGÓN;50;ZARAGOZA;27;27;AMBEL;;50027A;0;0
2;ARAGÓN;50;ZARAGOZA;28;28;ANENTO;;50028A;0;0
2;ARAGÓN;50;ZARAGOZA;29;29;ANIÑON;;50029A;0;0
2;ARAGÓN;50;ZARAGOZA;30;30;AÑON;;50030A;0;0
2;ARAGÓN;50;ZARAGOZA;31;31;ARANDA DE MONCAYO;;50031A;0;0
2;ARAGÓN;50;ZARAGOZA;32;32;ARANDIGA;;50032A;0;0
2;ARAGÓN;50;ZARAGOZA;33;33;ARDISA;;50033A;0;0
2;ARAGÓN;50;ZARAGOZA;34;34;ARIZA;;50034A;0;0
2;ARAGÓN;50;ZARAGOZA;35;35;ARTIEDA;;50035A;0;0
2;ARAGÓN;50;ZARAGOZA;36;36;ASIN;;50036A;0;0
2;ARAGÓN;50;ZARAGOZA;37;37;ATEA;;50037A;0;0
2;ARAGÓN;50;ZARAGOZA;38;38;ATECA;;50038A;0;0
2;ARAGÓN;50;ZARAGOZA;39;39;AZUARA;;50039A;0;0
2;ARAGÓN;50;ZARAGOZA;40;40;BADULES;;50040A;0;0
2;ARAGÓN;50;ZARAGOZA;41;41;BAGUES;;50041A;0;0
2;ARAGÓN;50;ZARAGOZA;42;42;BALCONCHAN;;50042A;0;0
2;ARAGÓN;50;ZARAGOZA;43;43;BARBOLES;;50043A;0;0
2;ARAGÓN;50;ZARAGOZA;44;44;BARDALLUR;;50044A;0;0
2;ARAGÓN;50;ZARAGOZA;45;45;BELCHITE;;50045A;0;0
2;ARAGÓN;50;ZARAGOZA;46;46;BELMONTE DE GRACIAN;;50046A;0;0
2;ARAGÓN;50;ZARAGOZA;47;47;BERDEJO;;50047A;0;0
2;ARAGÓN;50;ZARAGOZA;48;48;BERRUECO;;50048A;0;0
2;ARAGÓN;50;ZARAGOZA;50;50;BIJUESCA;;50050A;0;0
2;ARAGÓN;50;ZARAGOZA;51;51;BIOTA;;50051A;0;0
2;ARAGÓN;50;ZARAGOZA;51;51;BIOTA;;50051B;0;1
2;ARAGÓN;50;ZARAGOZA;51;51;BIOTA;;50051C;0;2
2;ARAGÓN;50;ZARAGOZA;51;51;BIOTA;;50051D;0;3
2;ARAGÓN;50;ZARAGOZA;52;52;BISIMBRE;;50052A;0;0
2;ARAGÓN;50;ZARAGOZA;53;53;BOQUIÑENI;;50053A;0;0
2;ARAGÓN;50;ZARAGOZA;54;54;BORDALBA;;50054A;0;0
2;ARAGÓN;50;ZARAGOZA;55;55;BORJA;;50055A;0;0
2;ARAGÓN;50;ZARAGOZA;56;56;BOTORRITA;;50056A;0;0
2;ARAGÓN;50;ZARAGOZA;57;57;BREA;;50057A;0;0
2;ARAGÓN;50;ZARAGOZA;58;58;BUBIERCA;;50058A;0;0
2;ARAGÓN;50;ZARAGOZA;59;59;BUJARALOZ;;50059A;0;0
2;ARAGÓN;50;ZARAGOZA;60;60;BULBUENTE;;50060A;0;0
2;ARAGÓN;50;ZARAGOZA;61;61;BURETA;;50061A;0;0
2;ARAGÓN;50;ZARAGOZA;62;62;EL BURGO DE EBRO;;50062A;0;0
2;ARAGÓN;50;ZARAGOZA;63;63;EL BUSTE;;50063A;0;0
2;ARAGÓN;50;ZARAGOZA;64;64;CABAÑAS DE EBRO;;50064A;0;0
2;ARAGÓN;50;ZARAGOZA;65;65;CABOLAFUENTE;;50065A;0;0
2;ARAGÓN;50;ZARAGOZA;66;66;CADRETE;;50066A;0;0
2;ARAGÓN;50;ZARAGOZA;67;67;CALATAYUD;;50067A;0;0
2;ARAGÓN;50;ZARAGOZA;68;68;CALATORAO;;50068A;0;0
2;ARAGÓN;50;ZARAGOZA;69;69;CALCENA;;50069A;0;0
2;ARAGÓN;50;ZARAGOZA;70;70;CALMARZA;;50070A;0;0
2;ARAGÓN;50;ZARAGOZA;71;71;CAMPILLO DE ARAGON;;50071A;0;0
2;ARAGÓN;50;ZARAGOZA;72;72;CARENAS;;50072A;0;0
2;ARAGÓN;50;ZARAGOZA;73;73;CARIÑENA;;50073A;0;0
2;ARAGÓN;50;ZARAGOZA;74;74;CASPE;;50074A;0;0
2;ARAGÓN;50;ZARAGOZA;75;75;CASTEJON DE ALARBA;;50075A;0;0
2;ARAGÓN;50;ZARAGOZA;76;76;CASTEJON DE LAS ARMAS;;50076A;0;0
2;ARAGÓN;50;ZARAGOZA;77;77;CASTEJON DE VALDEJASA;;50077A;0;0
2;ARAGÓN;50;ZARAGOZA;78;78;CASTILISCAR;;50078A;0;0
2;ARAGÓN;50;ZARAGOZA;79;79;CERVERA DE LA CAÑADA;;50079A;0;0
2;ARAGÓN;50;ZARAGOZA;80;80;CERVERUELA;;50080A;0;0
2;ARAGÓN;50;ZARAGOZA;81;81;CETINA;;50081A;0;0
2;ARAGÓN;50;ZARAGOZA;82;82;CIMBALLA;;50082A;0;0
2;ARAGÓN;50;ZARAGOZA;83;83;CINCO OLIVAS;;50083A;0;0
2;ARAGÓN;50;ZARAGOZA;84;84;CLARES DE RIBOTA;;50084A;0;0
2;ARAGÓN;50;ZARAGOZA;85;85;CODO;;50085A;0;0
2;ARAGÓN;50;ZARAGOZA;86;86;CODOS;;50086A;0;0
2;ARAGÓN;50;ZARAGOZA;87;87;CONTAMINA;;50087A;0;0
2;ARAGÓN;50;ZARAGOZA;88;88;COSUENDA;;50088A;0;0
2;ARAGÓN;50;ZARAGOZA;89;89;CUARTE DE HUERVA;;50089A;0;0
2;ARAGÓN;50;ZARAGOZA;90;90;CUBEL;;50090A;0;0
2;ARAGÓN;50;ZARAGOZA;91;91;LAS CUERLAS;;50091A;0;0
2;ARAGÓN;50;ZARAGOZA;92;92;CHIPRANA;;50092A;0;0
2;ARAGÓN;50;ZARAGOZA;93;93;CHODES;;50093A;0;0
2;ARAGÓN;50;ZARAGOZA;94;94;DAROCA;;50094A;0;0
2;ARAGÓN;50;ZARAGOZA;95;95;EJEA DE LOS CABALLEROS;;50095A;0;0
2;ARAGÓN;50;ZARAGOZA;96;96;EMBID DE ARIZA;;50096A;0;0
2;ARAGÓN;50;ZARAGOZA;98;98;ENCINACORBA;;50098A;0;0
2;ARAGÓN;50;ZARAGOZA;99;99;EPILA;;50099A;0;0
2;ARAGÓN;50;ZARAGOZA;100;100;ERLA;;50100A;0;0
2;ARAGÓN;50;ZARAGOZA;101;101;ESCATRON;;50101A;0;0
2;ARAGÓN;50;ZARAGOZA;102;103;FABARA;;50103A;0;0
2;ARAGÓN;50;ZARAGOZA;104;105;FARLETE;;50105A;0;0
2;ARAGÓN;50;ZARAGOZA;105;106;FAYON;;50106A;0;0
2;ARAGÓN;50;ZARAGOZA;106;107;LOS FAYOS;;50107A;0;0
2;ARAGÓN;50;ZARAGOZA;107;108;FIGUERUELAS;;50108A;0;0
2;ARAGÓN;50;ZARAGOZA;108;109;FOMBUENA;;50109A;0;0
2;ARAGÓN;50;ZARAGOZA;109;110;EL FRAGO;;50110A;0;0
2;ARAGÓN;50;ZARAGOZA;110;111;EL FRASNO;;50111A;0;0
2;ARAGÓN;50;ZARAGOZA;111;112;FRESCANO;;50112A;0;0
2;ARAGÓN;50;ZARAGOZA;113;114;FUENDEJALON;;50114A;0;0
2;ARAGÓN;50;ZARAGOZA;113;114;FUENDEJALON;;50114B;0;1
2;ARAGÓN;50;ZARAGOZA;113;114;FUENDEJALON;;50114C;0;2
2;ARAGÓN;50;ZARAGOZA;114;115;FUENDETODOS;;50115A;0;0
2;ARAGÓN;50;ZARAGOZA;115;116;FUENTES DE EBRO;;50116A;0;0
2;ARAGÓN;50;ZARAGOZA;115;116;FUENTES DE EBRO;;50116B;0;1
2;ARAGÓN;50;ZARAGOZA;115;116;FUENTES DE EBRO;;50116C;0;2
2;ARAGÓN;50;ZARAGOZA;116;117;FUENTES DE JILOCA;;50117A;0;0
2;ARAGÓN;50;ZARAGOZA;117;118;GALLOCANTA;;50118A;0;0
2;ARAGÓN;50;ZARAGOZA;118;119;GALLUR;;50119A;0;0
2;ARAGÓN;50;ZARAGOZA;119;120;GELSA;;50120A;0;0
2;ARAGÓN;50;ZARAGOZA;120;121;GODOJOS;;50121A;0;0
2;ARAGÓN;50;ZARAGOZA;121;122;GOTOR;;50122A;0;0
2;ARAGÓN;50;ZARAGOZA;122;123;GRISEL;;50123A;0;0
2;ARAGÓN;50;ZARAGOZA;123;124;GRISEN;;50124A;0;0
2;ARAGÓN;50;ZARAGOZA;124;125;HERRERA DE LOS NAVARROS;;50125A;0;0
2;ARAGÓN;50;ZARAGOZA;125;126;IBDES;;50126A;0;0
2;ARAGÓN;50;ZARAGOZA;126;127;ILLUECA;;50127A;0;0
2;ARAGÓN;50;ZARAGOZA;128;129;ISUERRE;;50129A;0;0
2;ARAGÓN;50;ZARAGOZA;129;130;JARABA;;50130A;0;0
2;ARAGÓN;50;ZARAGOZA;130;131;JARQUE;;50131A;0;0
2;ARAGÓN;50;ZARAGOZA;131;132;JAULIN;;50132A;0;0
2;ARAGÓN;50;ZARAGOZA;132;133;LA JOYOSA;;50133A;0;0
2;ARAGÓN;50;ZARAGOZA;133;134;LAGATA;;50134A;0;0
2;ARAGÓN;50;ZARAGOZA;134;135;LANGA DEL CASTILLO;;50135A;0;0
2;ARAGÓN;50;ZARAGOZA;135;136;LAYANA;;50136A;0;0
2;ARAGÓN;50;ZARAGOZA;136;137;LECERA;;50137A;0;0
2;ARAGÓN;50;ZARAGOZA;137;138;LECIÑENA;;50138A;0;0
2;ARAGÓN;50;ZARAGOZA;138;139;LECHON;;50139A;0;0
2;ARAGÓN;50;ZARAGOZA;139;140;LETUX;;50140A;0;0
2;ARAGÓN;50;ZARAGOZA;140;141;LITAGO;;50141A;0;0
2;ARAGÓN;50;ZARAGOZA;141;142;LITUENIGO;;50142A;0;0
2;ARAGÓN;50;ZARAGOZA;142;143;LOBERA DE ONSELLA;;50143A;0;0
2;ARAGÓN;50;ZARAGOZA;143;144;LONGARES;;50144A;0;0
2;ARAGÓN;50;ZARAGOZA;144;145;LONGAS;;50145A;0;0
2;ARAGÓN;50;ZARAGOZA;146;147;LUCENA DE JALON;;50147A;0;0
2;ARAGÓN;50;ZARAGOZA;147;148;LUCENI;;50148A;0;0
2;ARAGÓN;50;ZARAGOZA;148;149;LUESIA;;50149A;0;0
2;ARAGÓN;50;ZARAGOZA;149;150;LUESMA;;50150A;0;0
2;ARAGÓN;50;ZARAGOZA;150;151;LUMPIAQUE;;50151A;0;0
2;ARAGÓN;50;ZARAGOZA;151;152;LUNA;;50152A;0;0
2;ARAGÓN;50;ZARAGOZA;152;153;MAELLA;;50153A;0;0
2;ARAGÓN;50;ZARAGOZA;153;154;MAGALLON;;50154A;0;0
2;ARAGÓN;50;ZARAGOZA;154;155;MAINAR;;50155A;0;0
2;ARAGÓN;50;ZARAGOZA;155;156;MALANQUILLA;;50156A;0;0
2;ARAGÓN;50;ZARAGOZA;156;157;MALEJAN;;50157A;0;0
2;ARAGÓN;50;ZARAGOZA;157;158;MALON;;50158A;0;0
2;ARAGÓN;50;ZARAGOZA;159;160;MALUENDA;;50160A;0;0
2;ARAGÓN;50;ZARAGOZA;160;161;MALLEN;;50161A;0;0
2;ARAGÓN;50;ZARAGOZA;161;162;MANCHONES;;50162A;0;0
2;ARAGÓN;50;ZARAGOZA;162;163;MARA;;50163A;0;0
2;ARAGÓN;50;ZARAGOZA;163;164;MARIA DE HUERVA;;50164A;0;0
2;ARAGÓN;50;ZARAGOZA;164;165;MEDIANA DE ARAGON;;50165A;0;0
2;ARAGÓN;50;ZARAGOZA;165;166;MEQUINENZA;;50166A;0;0
2;ARAGÓN;50;ZARAGOZA;166;167;MESONES DE ISUELA;;50167A;0;0
2;ARAGÓN;50;ZARAGOZA;167;168;MEZALOCHA;;50168A;0;0
2;ARAGÓN;50;ZARAGOZA;168;169;MIANOS;;50169A;0;0
2;ARAGÓN;50;ZARAGOZA;169;170;MIEDES;;50170A;0;0
2;ARAGÓN;50;ZARAGOZA;170;171;MONEGRILLO;;50171A;0;0
2;ARAGÓN;50;ZARAGOZA;171;172;MONEVA;;50172A;0;0
2;ARAGÓN;50;ZARAGOZA;172;173;MONREAL DE ARIZA;;50173A;0;0
2;ARAGÓN;50;ZARAGOZA;173;174;MONTERDE;;50174A;0;0
2;ARAGÓN;50;ZARAGOZA;174;175;MONTON;;50175A;0;0
2;ARAGÓN;50;ZARAGOZA;175;176;MORATA DE JALON;;50176A;0;0
2;ARAGÓN;50;ZARAGOZA;176;177;MORATA DE JILOCA;;50177A;0;0
2;ARAGÓN;50;ZARAGOZA;177;178;MORES;;50178A;0;0
2;ARAGÓN;50;ZARAGOZA;178;179;MOROS;;50179A;0;0
2;ARAGÓN;50;ZARAGOZA;179;180;MOYUELA;;50180A;0;0
2;ARAGÓN;50;ZARAGOZA;180;181;MOZOTA;;50181A;0;0
2;ARAGÓN;50;ZARAGOZA;181;182;MUEL;;50182A;0;0
2;ARAGÓN;50;ZARAGOZA;182;183;LA MUELA;;50183A;0;0
2;ARAGÓN;50;ZARAGOZA;183;184;MUNEBREGA;;50184A;0;0
2;ARAGÓN;50;ZARAGOZA;184;185;MURERO;;50185A;0;0
2;ARAGÓN;50;ZARAGOZA;185;186;MURILLO DE GALLEGO;;50186A;0;0
2;ARAGÓN;50;ZARAGOZA;185;186;MURILLO DE GALLEGO;;50186C;0;2
2;ARAGÓN;50;ZARAGOZA;186;187;NAVARDUN;;50187A;0;0
2;ARAGÓN;50;ZARAGOZA;187;188;NIGUELLA;;50188A;0;0
2;ARAGÓN;50;ZARAGOZA;188;189;NOMBREVILLA;;50189A;0;0
2;ARAGÓN;50;ZARAGOZA;189;190;NONASPE;;50190A;0;0
2;ARAGÓN;50;ZARAGOZA;190;191;NOVALLAS;;50191A;0;0
2;ARAGÓN;50;ZARAGOZA;191;192;NOVILLAS;;50192A;0;0
2;ARAGÓN;50;ZARAGOZA;192;193;NUEVALOS;;50193A;0;0
2;ARAGÓN;50;ZARAGOZA;193;194;NUEZ DE EBRO;;50194A;0;0
2;ARAGÓN;50;ZARAGOZA;194;195;OLVES;;50195A;0;0
2;ARAGÓN;50;ZARAGOZA;195;196;ORCAJO;;50196A;0;0
2;ARAGÓN;50;ZARAGOZA;196;197;ORERA;;50197A;0;0
2;ARAGÓN;50;ZARAGOZA;197;198;ORES;;50198A;0;0
2;ARAGÓN;50;ZARAGOZA;198;199;OSEJA;;50199A;0;0
2;ARAGÓN;50;ZARAGOZA;199;200;OSERA DE EBRO;;50200A;0;0
2;ARAGÓN;50;ZARAGOZA;200;201;PANIZA;;50201A;0;0
2;ARAGÓN;50;ZARAGOZA;201;202;PARACUELLOS DE JILOCA;;50202A;0;0
2;ARAGÓN;50;ZARAGOZA;202;203;PARACUELLOS DE LA RIBERA;;50203A;0;0
2;ARAGÓN;50;ZARAGOZA;203;204;PASTRIZ;;50204A;0;0
2;ARAGÓN;50;ZARAGOZA;204;205;PEDROLA;;50205A;0;0
2;ARAGÓN;50;ZARAGOZA;205;206;LAS PEDROSAS;;50206A;0;0
2;ARAGÓN;50;ZARAGOZA;206;207;PERDIGUERA;;50207A;0;0
2;ARAGÓN;50;ZARAGOZA;207;208;PIEDRATAJADA;;50208A;0;0
2;ARAGÓN;50;ZARAGOZA;208;209;PINA DE EBRO;;50209A;0;0
2;ARAGÓN;50;ZARAGOZA;208;209;PINA DE EBRO;;50209B;0;1
2;ARAGÓN;50;ZARAGOZA;209;210;PINSEQUE;;50210A;0;0
2;ARAGÓN;50;ZARAGOZA;210;211;LOS PINTANOS;;50211A;0;0
2;ARAGÓN;50;ZARAGOZA;211;212;PLASENCIA DE JALON;;50212A;0;0
2;ARAGÓN;50;ZARAGOZA;212;213;PLEITAS;;50213A;0;0
2;ARAGÓN;50;ZARAGOZA;213;214;PLENAS;;50214A;0;0
2;ARAGÓN;50;ZARAGOZA;214;215;POMER;;50215A;0;0
2;ARAGÓN;50;ZARAGOZA;215;216;POZUEL DE ARIZA;;50216A;0;0
2;ARAGÓN;50;ZARAGOZA;216;217;POZUELO DE ARAGON;;50217A;0;0
2;ARAGÓN;50;ZARAGOZA;217;218;PRADILLA DE EBRO;;50218A;0;0
2;ARAGÓN;50;ZARAGOZA;218;219;PUEBLA DE ALBORTON;;50219A;0;0
2;ARAGÓN;50;ZARAGOZA;219;220;PUEBLA DE ALFINDEN;;50220A;0;0
2;ARAGÓN;50;ZARAGOZA;220;221;PUENDELUNA;;50221A;0;0
2;ARAGÓN;50;ZARAGOZA;221;223;PURUJOSA;;50223A;0;0
2;ARAGÓN;50;ZARAGOZA;222;224;QUINTO;;50224A;0;0
2;ARAGÓN;50;ZARAGOZA;222;224;QUINTO;;50224B;0;1
2;ARAGÓN;50;ZARAGOZA;222;224;QUINTO;;50224C;0;2
2;ARAGÓN;50;ZARAGOZA;223;225;REMOLINOS;;50225A;0;0
2;ARAGÓN;50;ZARAGOZA;224;226;RETASCON;;50226A;0;0
2;ARAGÓN;50;ZARAGOZA;225;227;RICLA;;50227A;0;0
2;ARAGÓN;50;ZARAGOZA;227;229;ROMANOS;;50229A;0;0
2;ARAGÓN;50;ZARAGOZA;228;230;RUEDA DE JALON;;50230A;0;0
2;ARAGÓN;50;ZARAGOZA;229;231;RUESCA;;50231A;0;0
2;ARAGÓN;50;ZARAGOZA;230;233;SADABA;;50233A;0;0
2;ARAGÓN;50;ZARAGOZA;231;234;SALILLAS DE JALON;;50234A;0;0
2;ARAGÓN;50;ZARAGOZA;232;235;SALVATIERRA DE ESCA;;50235A;0;0
2;ARAGÓN;50;ZARAGOZA;233;236;SAMPER DEL SALZ;;50236A;0;0
2;ARAGÓN;50;ZARAGOZA;234;237;SAN MARTIN DE LA VIRGEN DEL MO;;50237A;0;0
2;ARAGÓN;50;ZARAGOZA;235;238;SAN MATEO DE GALLEGO;;50238A;0;0
2;ARAGÓN;50;ZARAGOZA;236;239;SANTA CRUZ DE GRIO;;50239A;0;0
2;ARAGÓN;50;ZARAGOZA;237;240;SANTA CRUZ DE MONCAYO;;50240A;0;0
2;ARAGÓN;50;ZARAGOZA;238;241;SANTA EULALIA DE GALLEGO;;50241A;0;0
2;ARAGÓN;50;ZARAGOZA;239;242;SANTED;;50242A;0;0
2;ARAGÓN;50;ZARAGOZA;240;243;SASTAGO;;50243A;0;0
2;ARAGÓN;50;ZARAGOZA;241;244;SABIÑAN;;50244A;0;0
2;ARAGÓN;50;ZARAGOZA;242;245;SEDILES;;50245A;0;0
2;ARAGÓN;50;ZARAGOZA;243;246;SESTRICA;;50246A;0;0
2;ARAGÓN;50;ZARAGOZA;244;247;SIERRA DE LUNA;;50247A;0;0
2;ARAGÓN;50;ZARAGOZA;244;247;SIERRA DE LUNA;;50247B;0;1
2;ARAGÓN;50;ZARAGOZA;245;248;SIGUES;;50248A;0;0
2;ARAGÓN;50;ZARAGOZA;246;249;SISAMON;;50249A;0;0
2;ARAGÓN;50;ZARAGOZA;247;250;SOBRADIEL;;50250A;0;0
2;ARAGÓN;50;ZARAGOZA;248;251;SOS DEL REY CATOLICO;;50251A;0;0
2;ARAGÓN;50;ZARAGOZA;249;252;TABUENCA;;50252A;0;0
2;ARAGÓN;50;ZARAGOZA;250;253;TALAMANTES;;50253A;0;0
2;ARAGÓN;50;ZARAGOZA;251;254;TARAZONA;;50254A;0;0
2;ARAGÓN;50;ZARAGOZA;252;255;TAUSTE;;50255A;0;0
2;ARAGÓN;50;ZARAGOZA;253;256;TERRER;;50256A;0;0
2;ARAGÓN;50;ZARAGOZA;254;257;TIERGA;;50257A;0;0
2;ARAGÓN;50;ZARAGOZA;255;259;TOBED;;50259A;0;0
2;ARAGÓN;50;ZARAGOZA;256;260;TORRALBA DE LOS FRAILES;;50260A;0;0
2;ARAGÓN;50;ZARAGOZA;257;261;TORRALBA DE RIBOTA;;50261A;0;0
2;ARAGÓN;50;ZARAGOZA;258;262;TORRALBILLA;;50262A;0;0
2;ARAGÓN;50;ZARAGOZA;259;263;TORREHERMOSA;;50263A;0;0
2;ARAGÓN;50;ZARAGOZA;260;264;TORRELAPAJA;;50264A;0;0
2;ARAGÓN;50;ZARAGOZA;261;265;TORRELLAS;;50265A;0;0
2;ARAGÓN;50;ZARAGOZA;262;266;TORRES DE BERRELLEN;;50266A;0;0
2;ARAGÓN;50;ZARAGOZA;263;267;TORRIJO DE LA CAÑADA;;50267A;0;0
2;ARAGÓN;50;ZARAGOZA;264;268;TOSOS;;50268A;0;0
2;ARAGÓN;50;ZARAGOZA;265;269;TRASMOZ;;50269A;0;0
2;ARAGÓN;50;ZARAGOZA;266;270;TRASOBARES;;50270A;0;0
2;ARAGÓN;50;ZARAGOZA;267;271;UNCASTILLO;;50271A;0;0
2;ARAGÓN;50;ZARAGOZA;268;272;UNDUES DE LERDA;;50272A;0;0
2;ARAGÓN;50;ZARAGOZA;269;274;URREA DE JALON;;50274A;0;0
2;ARAGÓN;50;ZARAGOZA;270;275;URRIES;;50275A;0;0
2;ARAGÓN;50;ZARAGOZA;271;276;USED;;50276A;0;0
2;ARAGÓN;50;ZARAGOZA;272;277;UTEBO;;50277A;0;0
2;ARAGÓN;50;ZARAGOZA;273;278;VALDEHORNA;;50278A;0;0
2;ARAGÓN;50;ZARAGOZA;274;279;VAL DE SAN MARTIN;;50279A;0;0
2;ARAGÓN;50;ZARAGOZA;275;280;VALMADRID;;50280A;0;0
2;ARAGÓN;50;ZARAGOZA;276;281;VALPALMAS;;50281A;0;0
2;ARAGÓN;50;ZARAGOZA;277;282;VALTORRES;;50282A;0;0
2;ARAGÓN;50;ZARAGOZA;278;283;VELILLA DE EBRO;;50283A;0;0
2;ARAGÓN;50;ZARAGOZA;279;284;VELILLA DE JILOCA;;50284A;0;0
2;ARAGÓN;50;ZARAGOZA;280;285;VERA DE MONCAYO;;50285A;0;0
2;ARAGÓN;50;ZARAGOZA;281;286;VIERLAS;;50286A;0;0
2;ARAGÓN;50;ZARAGOZA;282;287;LA VILUEÑA;;50287A;0;0
2;ARAGÓN;50;ZARAGOZA;283;288;VILLADOZ;;50288A;0;0
2;ARAGÓN;50;ZARAGOZA;284;289;VILLAFELICHE;;50289A;0;0
2;ARAGÓN;50;ZARAGOZA;285;290;VILLAFRANCA DE EBRO;;50290A;0;0
2;ARAGÓN;50;ZARAGOZA;286;291;VILLALBA DE PEREJIL;;50291A;0;0
2;ARAGÓN;50;ZARAGOZA;287;292;VILLALENGUA;;50292A;0;0
2;ARAGÓN;50;ZARAGOZA;288;293;VILLANUEVA DE GALLEGO;;50293A;0;0
2;ARAGÓN;50;ZARAGOZA;289;294;VILLANUEVA DE JILOCA;;50294A;0;0
2;ARAGÓN;50;ZARAGOZA;290;295;VILLANUEVA DE HUERVA;;50295A;0;0
2;ARAGÓN;50;ZARAGOZA;291;296;VILLAR DE LOS NAVARROS;;50296A;0;0
2;ARAGÓN;50;ZARAGOZA;292;297;VILLARREAL DE HUERVA;;50297A;0;0
2;ARAGÓN;50;ZARAGOZA;293;298;VILLARROYA DE LA SIERRA;;50298A;0;0
2;ARAGÓN;50;ZARAGOZA;294;299;VILLARROYA DEL CAMPO;;50299A;0;0
2;ARAGÓN;50;ZARAGOZA;295;300;VISTABELLA;;50300A;0;0
2;ARAGÓN;50;ZARAGOZA;296;302;LA ZAIDA;;50302A;0;0
2;ARAGÓN;50;ZARAGOZA;296;302;LA ZAIDA;;50302B;0;1
2;ARAGÓN;50;ZARAGOZA;297;900;ZARAGOZA;;50900A;0;0
2;ARAGÓN;50;ZARAGOZA;298;304;ZUERA;;50304A;0;0
2;ARAGÓN;50;ZARAGOZA;901;49;BIEL-FUENCALDERAS;;50049A;0;0
2;ARAGÓN;50;ZARAGOZA;902;305;MARRACOS;;50305A;0;0
2;ARAGÓN;50;ZARAGOZA;903;306;VILLAMAYOR DE GALLEGO;;50306A;0;0
3;PRINCIPADO DE ASTURIAS;33;ASTURIAS;1;1;ALLANDE;;33001A;0;0
3;PRINCIPADO DE ASTURIAS;33;ASTURIAS;1;1;ALLANDE;;33001B;0;1
3;PRINCIPADO DE ASTURIAS;33;ASTURIAS;1;1;ALLANDE;;33001C;0;2
3;PRINCIPADO DE ASTURIAS;33;ASTURIAS;1;1;ALLANDE;;33001D;0;3
3;PRINCIPADO DE ASTURIAS;33;ASTURIAS;1;1;ALLANDE;;33001E;0;4
3;PRINCIPADO DE ASTURIAS;33;ASTURIAS;1;1;ALLANDE;;33001F;0;5
3;PRINCIPADO DE ASTURIAS;33;ASTURIAS;1;1;ALLANDE;;33001G;0;6
3;PRINCIPADO DE ASTURIAS;33;ASTURIAS;2;2;ALLER;;33002A;0;0
3;PRINCIPADO DE ASTURIAS;33;ASTURIAS;3;3;AMIEVA;;33003A;0;0
3;PRINCIPADO DE ASTURIAS;33;ASTURIAS;3;3;AMIEVA;;33003B;0;1
3;PRINCIPADO DE ASTURIAS;33;ASTURIAS;3;3;AMIEVA;;33003C;0;2
3;PRINCIPADO DE ASTURIAS;33;ASTURIAS;3;3;AMIEVA;;33003D;0;3
3;PRINCIPADO DE ASTURIAS;33;ASTURIAS;4;4;AVILES;;33004A;0;0
3;PRINCIPADO DE ASTURIAS;33;ASTURIAS;5;5;BELMONTE DE MIRANDA;;33005A;0;0
3;PRINCIPADO DE ASTURIAS;33;ASTURIAS;6;6;BIMENES;;33006A;0;0
3;PRINCIPADO DE ASTURIAS;33;ASTURIAS;7;7;BOAL;;33007A;0;0
3;PRINCIPADO DE ASTURIAS;33;ASTURIAS;7;7;BOAL;;33007B;0;2
3;PRINCIPADO DE ASTURIAS;33;ASTURIAS;7;7;BOAL;;33007C;0;1
3;PRINCIPADO DE ASTURIAS;33;ASTURIAS;7;7;BOAL;;33007D;0;3
3;PRINCIPADO DE ASTURIAS;33;ASTURIAS;8;8;CABRALES;;33008A;0;0
3;PRINCIPADO DE ASTURIAS;33;ASTURIAS;8;8;CABRALES;;33008B;0;1
3;PRINCIPADO DE ASTURIAS;33;ASTURIAS;8;8;CABRALES;;33008C;0;2
3;PRINCIPADO DE ASTURIAS;33;ASTURIAS;8;8;CABRALES;;33008D;0;3
3;PRINCIPADO DE ASTURIAS;33;ASTURIAS;8;8;CABRALES;;33008E;0;4
3;PRINCIPADO DE ASTURIAS;33;ASTURIAS;8;8;CABRALES;;33008F;0;5
3;PRINCIPADO DE ASTURIAS;33;ASTURIAS;8;8;CABRALES;;33008G;0;6
3;PRINCIPADO DE ASTURIAS;33;ASTURIAS;9;9;CABRANES;;33009A;0;0
3;PRINCIPADO DE ASTURIAS;33;ASTURIAS;10;10;CANDAMO;;33010A;0;0
3;PRINCIPADO DE ASTURIAS;33;ASTURIAS;11;11;CANGAS DE NARCEA;;33011A;0;0
3;PRINCIPADO DE ASTURIAS;33;ASTURIAS;11;11;CANGAS DE NARCEA;;33011B;0;1
3;PRINCIPADO DE ASTURIAS;33;ASTURIAS;11;11;CANGAS DE NARCEA;;33011C;0;2
3;PRINCIPADO DE ASTURIAS;33;ASTURIAS;11;11;CANGAS DE NARCEA;;33011D;0;3
3;PRINCIPADO DE ASTURIAS;33;ASTURIAS;11;11;CANGAS DE NARCEA;;33011E;0;4
3;PRINCIPADO DE ASTURIAS;33;ASTURIAS;11;11;CANGAS DE NARCEA;;33011F;0;5
3;PRINCIPADO DE ASTURIAS;33;ASTURIAS;11;11;CANGAS DE NARCEA;;33011G;0;6
3;PRINCIPADO DE ASTURIAS;33;ASTURIAS;11;11;CANGAS DE NARCEA;;33011H;0;7
3;PRINCIPADO DE ASTURIAS;33;ASTURIAS;11;11;CANGAS DE NARCEA;;33011J;0;8
3;PRINCIPADO DE ASTURIAS;33;ASTURIAS;11;11;CANGAS DE NARCEA;;33011K;0;9
3;PRINCIPADO DE ASTURIAS;33;ASTURIAS;11;11;CANGAS DE NARCEA;;33011L;0;10
3;PRINCIPADO DE ASTURIAS;33;ASTURIAS;11;11;CANGAS DE NARCEA;;33011M;0;11
3;PRINCIPADO DE ASTURIAS;33;ASTURIAS;11;11;CANGAS DE NARCEA;;33011N;0;12
3;PRINCIPADO DE ASTURIAS;33;ASTURIAS;11;11;CANGAS DE NARCEA;;33011P;0;13
3;PRINCIPADO DE ASTURIAS;33;ASTURIAS;11;11;CANGAS DE NARCEA;;33011Q;0;14
3;PRINCIPADO DE ASTURIAS;33;ASTURIAS;11;11;CANGAS DE NARCEA;;33011R;0;15
3;PRINCIPADO DE ASTURIAS;33;ASTURIAS;11;11;CANGAS DE NARCEA;;33011S;0;16
3;PRINCIPADO DE ASTURIAS;33;ASTURIAS;11;11;CANGAS DE NARCEA;;33011T;0;17
3;PRINCIPADO DE ASTURIAS;33;ASTURIAS;11;11;CANGAS DE NARCEA;;33011U;0;18
3;PRINCIPADO DE ASTURIAS;33;ASTURIAS;11;11;CANGAS DE NARCEA;;33011V;0;21
3;PRINCIPADO DE ASTURIAS;33;ASTURIAS;11;11;CANGAS DE NARCEA;;33011W;0;19
3;PRINCIPADO DE ASTURIAS;33;ASTURIAS;11;11;CANGAS DE NARCEA;;33011X;0;20
3;PRINCIPADO DE ASTURIAS;33;ASTURIAS;11;11;CANGAS DE NARCEA;;33011Y;0;22
3;PRINCIPADO DE ASTURIAS;33;ASTURIAS;11;11;CANGAS DE NARCEA;;33011Z;0;23
3;PRINCIPADO DE ASTURIAS;33;ASTURIAS;12;12;CANGAS DE ONIS;;33012A;0;0
3;PRINCIPADO DE ASTURIAS;33;ASTURIAS;12;12;CANGAS DE ONIS;;33012B;0;1
3;PRINCIPADO DE ASTURIAS;33;ASTURIAS;12;12;CANGAS DE ONIS;;33012C;0;2
3;PRINCIPADO DE ASTURIAS;33;ASTURIAS;12;12;CANGAS DE ONIS;;33012D;0;3
3;PRINCIPADO DE ASTURIAS;33;ASTURIAS;12;12;CANGAS DE ONIS;;33012E;0;4
3;PRINCIPADO DE ASTURIAS;33;ASTURIAS;12;12;CANGAS DE ONIS;;33012F;0;5
3;PRINCIPADO DE ASTURIAS;33;ASTURIAS;12;12;CANGAS DE ONIS;;33012G;0;6
3;PRINCIPADO DE ASTURIAS;33;ASTURIAS;12;12;CANGAS DE ONIS;;33012H;0;7
3;PRINCIPADO DE ASTURIAS;33;ASTURIAS;12;12;CANGAS DE ONIS;;33012J;0;8
3;PRINCIPADO DE ASTURIAS;33;ASTURIAS;13;13;CARAVIA;;33013A;0;0
3;PRINCIPADO DE ASTURIAS;33;ASTURIAS;14;14;CARREÑO;;52014A;0;0
3;PRINCIPADO DE ASTURIAS;33;ASTURIAS;15;15;CASO;;33015A;0;0
3;PRINCIPADO DE ASTURIAS;33;ASTURIAS;16;16;CASTRILLON;;33016A;0;0
3;PRINCIPADO DE ASTURIAS;33;ASTURIAS;17;17;CASTROPOL;;33017A;0;0
3;PRINCIPADO DE ASTURIAS;33;ASTURIAS;17;17;CASTROPOL;;33017B;0;2
3;PRINCIPADO DE ASTURIAS;33;ASTURIAS;17;17;CASTROPOL;;33017C;0;3
3;PRINCIPADO DE ASTURIAS;33;ASTURIAS;17;17;CASTROPOL;;33017D;0;4
3;PRINCIPADO DE ASTURIAS;33;ASTURIAS;17;17;CASTROPOL;;33017E;0;5
3;PRINCIPADO DE ASTURIAS;33;ASTURIAS;17;17;CASTROPOL;;33017F;0;6
3;PRINCIPADO DE ASTURIAS;33;ASTURIAS;17;17;CASTROPOL;;33017G;0;7
3;PRINCIPADO DE ASTURIAS;33;ASTURIAS;17;17;CASTROPOL;;33017H;0;8
3;PRINCIPADO DE ASTURIAS;33;ASTURIAS;17;17;CASTROPOL;;33017J;0;9
3;PRINCIPADO DE ASTURIAS;33;ASTURIAS;17;17;CASTROPOL;;33017K;0;10
3;PRINCIPADO DE ASTURIAS;33;ASTURIAS;17;17;CASTROPOL;;33017L;0;11
3;PRINCIPADO DE ASTURIAS;33;ASTURIAS;17;17;CASTROPOL;;33017M;0;12
3;PRINCIPADO DE ASTURIAS;33;ASTURIAS;17;17;CASTROPOL;;33017N;0;13
3;PRINCIPADO DE ASTURIAS;33;ASTURIAS;18;18;COAÑA;;33018A;0;0
3;PRINCIPADO DE ASTURIAS;33;ASTURIAS;18;18;COAÑA;;33018B;0;1
3;PRINCIPADO DE ASTURIAS;33;ASTURIAS;18;18;COAÑA;;33018C;0;2
3;PRINCIPADO DE ASTURIAS;33;ASTURIAS;18;18;COAÑA;;33018D;0;3
3;PRINCIPADO DE ASTURIAS;33;ASTURIAS;18;18;COAÑA;;33018E;0;4
3;PRINCIPADO DE ASTURIAS;33;ASTURIAS;18;18;COAÑA;;33018F;0;5
3;PRINCIPADO DE ASTURIAS;33;ASTURIAS;18;18;COAÑA;;33018G;0;6
3;PRINCIPADO DE ASTURIAS;33;ASTURIAS;18;18;COAÑA;;33018H;0;7
3;PRINCIPADO DE ASTURIAS;33;ASTURIAS;18;18;COAÑA;;33018J;0;8
3;PRINCIPADO DE ASTURIAS;33;ASTURIAS;18;18;COAÑA;;33018K;0;9
3;PRINCIPADO DE ASTURIAS;33;ASTURIAS;18;18;COAÑA;;33018L;0;10
3;PRINCIPADO DE ASTURIAS;33;ASTURIAS;18;18;COAÑA;;33018M;0;11
3;PRINCIPADO DE ASTURIAS;33;ASTURIAS;19;19;COLUNGA;;52019A;0;0
3;PRINCIPADO DE ASTURIAS;33;ASTURIAS;19;19;COLUNGA;;52019B;0;1
3;PRINCIPADO DE ASTURIAS;33;ASTURIAS;19;19;COLUNGA;;52019C;0;2
3;PRINCIPADO DE ASTURIAS;33;ASTURIAS;20;20;CORVERA DE ASTURIAS;;33020A;0;0
3;PRINCIPADO DE ASTURIAS;33;ASTURIAS;21;21;CUDILLERO;;33021A;0;0
3;PRINCIPADO DE ASTURIAS;33;ASTURIAS;22;22;DEGAÑA;;33022A;0;0
3;PRINCIPADO DE ASTURIAS;33;ASTURIAS;23;23;EL FRANCO;;33023A;0;0
3;PRINCIPADO DE ASTURIAS;33;ASTURIAS;23;23;EL FRANCO;;33023B;0;1
3;PRINCIPADO DE ASTURIAS;33;ASTURIAS;23;23;EL FRANCO;;33023C;0;2
3;PRINCIPADO DE ASTURIAS;33;ASTURIAS;23;23;EL FRANCO;;33023D;0;3
3;PRINCIPADO DE ASTURIAS;33;ASTURIAS;23;23;EL FRANCO;;33023E;0;4
3;PRINCIPADO DE ASTURIAS;33;ASTURIAS;23;23;EL FRANCO;;33023F;0;5
3;PRINCIPADO DE ASTURIAS;33;ASTURIAS;23;23;EL FRANCO;;33023G;0;6
3;PRINCIPADO DE ASTURIAS;33;ASTURIAS;23;23;EL FRANCO;;33023H;0;7
3;PRINCIPADO DE ASTURIAS;33;ASTURIAS;23;23;EL FRANCO;;33023J;0;8
3;PRINCIPADO DE ASTURIAS;33;ASTURIAS;24;24;GIJON;;52024A;0;0
3;PRINCIPADO DE ASTURIAS;33;ASTURIAS;25;25;GOZON;;52025A;0;0
3;PRINCIPADO DE ASTURIAS;33;ASTURIAS;26;26;GRADO;;33026A;0;0
3;PRINCIPADO DE ASTURIAS;33;ASTURIAS;26;26;GRADO;;33026B;0;4
3;PRINCIPADO DE ASTURIAS;33;ASTURIAS;27;27;GRANDAS DE SALIME;;33027A;0;0
3;PRINCIPADO DE ASTURIAS;33;ASTURIAS;27;27;GRANDAS DE SALIME;;33027B;0;1
3;PRINCIPADO DE ASTURIAS;33;ASTURIAS;27;27;GRANDAS DE SALIME;;33027C;0;2
3;PRINCIPADO DE ASTURIAS;33;ASTURIAS;27;27;GRANDAS DE SALIME;;33027D;0;3
3;PRINCIPADO DE ASTURIAS;33;ASTURIAS;27;27;GRANDAS DE SALIME;;33027F;0;5
3;PRINCIPADO DE ASTURIAS;33;ASTURIAS;27;27;GRANDAS DE SALIME;;33027G;0;6
3;PRINCIPADO DE ASTURIAS;33;ASTURIAS;27;27;GRANDAS DE SALIME;;33027H;0;7
3;PRINCIPADO DE ASTURIAS;33;ASTURIAS;28;28;IBIAS;;33028A;0;0
3;PRINCIPADO DE ASTURIAS;33;ASTURIAS;29;29;ILLANO;;33029A;0;0
3;PRINCIPADO DE ASTURIAS;33;ASTURIAS;30;30;ILLAS;;33030A;0;0
3;PRINCIPADO DE ASTURIAS;33;ASTURIAS;31;31;LANGREO;;33031A;0;0
3;PRINCIPADO DE ASTURIAS;33;ASTURIAS;32;32;LAVIANA;;33032A;0;0
3;PRINCIPADO DE ASTURIAS;33;ASTURIAS;33;33;LENA;;33033A;0;0
3;PRINCIPADO DE ASTURIAS;33;ASTURIAS;34;34;VALDES;;33034A;0;0
3;PRINCIPADO DE ASTURIAS;33;ASTURIAS;34;34;VALDES;;33034B;0;1
3;PRINCIPADO DE ASTURIAS;33;ASTURIAS;34;34;VALDES;;33034C;0;2
3;PRINCIPADO DE ASTURIAS;33;ASTURIAS;34;34;VALDES;;33034D;0;3
3;PRINCIPADO DE ASTURIAS;33;ASTURIAS;34;34;VALDES;;33034E;0;4
3;PRINCIPADO DE ASTURIAS;33;ASTURIAS;34;34;VALDES;;33034F;0;5
3;PRINCIPADO DE ASTURIAS;33;ASTURIAS;34;34;VALDES;;33034G;0;6
3;PRINCIPADO DE ASTURIAS;33;ASTURIAS;34;34;VALDES;;33034H;0;7
3;PRINCIPADO DE ASTURIAS;33;ASTURIAS;34;34;VALDES;;33034J;0;9
3;PRINCIPADO DE ASTURIAS;33;ASTURIAS;34;34;VALDES;;33034K;0;10
3;PRINCIPADO DE ASTURIAS;33;ASTURIAS;34;34;VALDES;;33034L;0;11
3;PRINCIPADO DE ASTURIAS;33;ASTURIAS;34;34;VALDES;;33034M;0;12
3;PRINCIPADO DE ASTURIAS;33;ASTURIAS;34;34;VALDES;;33034N;0;13
3;PRINCIPADO DE ASTURIAS;33;ASTURIAS;34;34;VALDES;;33034P;0;14
3;PRINCIPADO DE ASTURIAS;33;ASTURIAS;34;34;VALDES;;33034Q;0;15
3;PRINCIPADO DE ASTURIAS;33;ASTURIAS;34;34;VALDES;;33034R;0;16
3;PRINCIPADO DE ASTURIAS;33;ASTURIAS;35;35;LLANERA;;33035A;0;0
3;PRINCIPADO DE ASTURIAS;33;ASTURIAS;36;36;LLANES;;33036A;0;0
3;PRINCIPADO DE ASTURIAS;33;ASTURIAS;36;36;LLANES;;33036B;0;1
3;PRINCIPADO DE ASTURIAS;33;ASTURIAS;36;36;LLANES;;33036C;0;2
3;PRINCIPADO DE ASTURIAS;33;ASTURIAS;36;36;LLANES;;33036D;0;3
3;PRINCIPADO DE ASTURIAS;33;ASTURIAS;36;36;LLANES;;33036E;0;4
3;PRINCIPADO DE ASTURIAS;33;ASTURIAS;37;37;MIERES;;33037A;0;0
3;PRINCIPADO DE ASTURIAS;33;ASTURIAS;38;38;MORCIN;;33038A;0;0
3;PRINCIPADO DE ASTURIAS;33;ASTURIAS;39;39;MUROS DE NALON;;33039A;0;0
3;PRINCIPADO DE ASTURIAS;33;ASTURIAS;40;40;NAVA;;33040A;0;0
3;PRINCIPADO DE ASTURIAS;33;ASTURIAS;41;41;NAVIA;;33041A;0;0
3;PRINCIPADO DE ASTURIAS;33;ASTURIAS;41;41;NAVIA;;33041B;0;1
3;PRINCIPADO DE ASTURIAS;33;ASTURIAS;41;41;NAVIA;;33041C;0;2
3;PRINCIPADO DE ASTURIAS;33;ASTURIAS;41;41;NAVIA;;33041D;0;3
3;PRINCIPADO DE ASTURIAS;33;ASTURIAS;41;41;NAVIA;;33041E;0;4
3;PRINCIPADO DE ASTURIAS;33;ASTURIAS;41;41;NAVIA;;33041F;0;5
3;PRINCIPADO DE ASTURIAS;33;ASTURIAS;41;41;NAVIA;;33041G;0;6
3;PRINCIPADO DE ASTURIAS;33;ASTURIAS;41;41;NAVIA;;33041H;0;7
3;PRINCIPADO DE ASTURIAS;33;ASTURIAS;41;41;NAVIA;;33041J;0;8
3;PRINCIPADO DE ASTURIAS;33;ASTURIAS;41;41;NAVIA;;33041K;0;9
3;PRINCIPADO DE ASTURIAS;33;ASTURIAS;41;41;NAVIA;;33041L;0;10
3;PRINCIPADO DE ASTURIAS;33;ASTURIAS;41;41;NAVIA;;33041M;0;11
3;PRINCIPADO DE ASTURIAS;33;ASTURIAS;41;41;NAVIA;;33041N;0;12
3;PRINCIPADO DE ASTURIAS;33;ASTURIAS;41;41;NAVIA;;33041P;0;13
3;PRINCIPADO DE ASTURIAS;33;ASTURIAS;41;41;NAVIA;;33041Q;0;14
3;PRINCIPADO DE ASTURIAS;33;ASTURIAS;41;41;NAVIA;;33041R;0;15
3;PRINCIPADO DE ASTURIAS;33;ASTURIAS;41;41;NAVIA;;33041S;0;16
3;PRINCIPADO DE ASTURIAS;33;ASTURIAS;42;42;NOREÑA;;33042A;0;0
3;PRINCIPADO DE ASTURIAS;33;ASTURIAS;43;43;ONIS;;33043A;0;0
3;PRINCIPADO DE ASTURIAS;33;ASTURIAS;43;43;ONIS;;33043B;0;1
3;PRINCIPADO DE ASTURIAS;33;ASTURIAS;43;43;ONIS;;33043C;0;2
3;PRINCIPADO DE ASTURIAS;33;ASTURIAS;43;43;ONIS;;33043D;0;3
3;PRINCIPADO DE ASTURIAS;33;ASTURIAS;44;900;OVIEDO;;33900A;0;0
3;PRINCIPADO DE ASTURIAS;33;ASTURIAS;45;45;PARRES;;33045A;0;0
3;PRINCIPADO DE ASTURIAS;33;ASTURIAS;45;45;PARRES;;33045B;0;1
3;PRINCIPADO DE ASTURIAS;33;ASTURIAS;45;45;PARRES;;33045C;0;2
3;PRINCIPADO DE ASTURIAS;33;ASTURIAS;45;45;PARRES;;33045D;0;3
3;PRINCIPADO DE ASTURIAS;33;ASTURIAS;46;46;PEÑAMELLERA ALTA;;33046A;0;0
3;PRINCIPADO DE ASTURIAS;33;ASTURIAS;46;46;PEÑAMELLERA ALTA;;33046B;0;1
3;PRINCIPADO DE ASTURIAS;33;ASTURIAS;46;46;PEÑAMELLERA ALTA;;33046C;0;2
3;PRINCIPADO DE ASTURIAS;33;ASTURIAS;46;46;PEÑAMELLERA ALTA;;33046D;0;3
3;PRINCIPADO DE ASTURIAS;33;ASTURIAS;46;46;PEÑAMELLERA ALTA;;33046E;0;4
3;PRINCIPADO DE ASTURIAS;33;ASTURIAS;46;46;PEÑAMELLERA ALTA;;33046F;0;5
3;PRINCIPADO DE ASTURIAS;33;ASTURIAS;47;47;PEÑAMELLERA BAJA;;33047A;0;0
3;PRINCIPADO DE ASTURIAS;33;ASTURIAS;47;47;PEÑAMELLERA BAJA;;33047B;0;1
3;PRINCIPADO DE ASTURIAS;33;ASTURIAS;47;47;PEÑAMELLERA BAJA;;33047C;0;2
3;PRINCIPADO DE ASTURIAS;33;ASTURIAS;47;47;PEÑAMELLERA BAJA;;33047D;0;3
3;PRINCIPADO DE ASTURIAS;33;ASTURIAS;47;47;PEÑAMELLERA BAJA;;33047E;0;4
3;PRINCIPADO DE ASTURIAS;33;ASTURIAS;47;47;PEÑAMELLERA BAJA;;33047F;0;5
3;PRINCIPADO DE ASTURIAS;33;ASTURIAS;47;47;PEÑAMELLERA BAJA;;33047G;0;6
3;PRINCIPADO DE ASTURIAS;33;ASTURIAS;48;48;PESOZ;;33048A;0;0
3;PRINCIPADO DE ASTURIAS;33;ASTURIAS;48;48;PESOZ;;33048B;0;1
3;PRINCIPADO DE ASTURIAS;33;ASTURIAS;49;49;PILOÑA;;33049A;0;0
3;PRINCIPADO DE ASTURIAS;33;ASTURIAS;50;50;PONGA;;33050A;0;0
3;PRINCIPADO DE ASTURIAS;33;ASTURIAS;51;51;PRAVIA;;33051A;0;0
3;PRINCIPADO DE ASTURIAS;33;ASTURIAS;51;51;PRAVIA;;33051B;0;1
3;PRINCIPADO DE ASTURIAS;33;ASTURIAS;51;51;PRAVIA;;33051C;0;2
3;PRINCIPADO DE ASTURIAS;33;ASTURIAS;51;51;PRAVIA;;33051D;0;3
3;PRINCIPADO DE ASTURIAS;33;ASTURIAS;51;51;PRAVIA;;33051E;0;4
3;PRINCIPADO DE ASTURIAS;33;ASTURIAS;51;51;PRAVIA;;33051F;0;5
3;PRINCIPADO DE ASTURIAS;33;ASTURIAS;52;52;PROAZA;;33052A;0;0
3;PRINCIPADO DE ASTURIAS;33;ASTURIAS;53;53;QUIROS;;33053A;0;0
3;PRINCIPADO DE ASTURIAS;33;ASTURIAS;54;54;LAS REGUERAS;;33054A;0;0
3;PRINCIPADO DE ASTURIAS;33;ASTURIAS;55;55;RIBADEDEVA;;33055A;0;0
3;PRINCIPADO DE ASTURIAS;33;ASTURIAS;55;55;RIBADEDEVA;;33055B;0;1
3;PRINCIPADO DE ASTURIAS;33;ASTURIAS;55;55;RIBADEDEVA;;33055C;0;2
3;PRINCIPADO DE ASTURIAS;33;ASTURIAS;55;55;RIBADEDEVA;;33055D;0;3
3;PRINCIPADO DE ASTURIAS;33;ASTURIAS;55;55;RIBADEDEVA;;33055E;0;4
3;PRINCIPADO DE ASTURIAS;33;ASTURIAS;55;55;RIBADEDEVA;;33055F;0;5
3;PRINCIPADO DE ASTURIAS;33;ASTURIAS;56;56;RIBADESELLA;;33056A;0;0
3;PRINCIPADO DE ASTURIAS;33;ASTURIAS;56;56;RIBADESELLA;;33056B;0;1
3;PRINCIPADO DE ASTURIAS;33;ASTURIAS;57;57;RIBERA DE ARRIBA;;33057A;0;0
3;PRINCIPADO DE ASTURIAS;33;ASTURIAS;58;58;RIOSA;;33058A;0;0
3;PRINCIPADO DE ASTURIAS;33;ASTURIAS;59;59;SALAS;;33059A;0;0
3;PRINCIPADO DE ASTURIAS;33;ASTURIAS;59;59;SALAS;;33059B;0;1
3;PRINCIPADO DE ASTURIAS;33;ASTURIAS;59;59;SALAS;;33059C;0;2
3;PRINCIPADO DE ASTURIAS;33;ASTURIAS;59;59;SALAS;;33059D;0;3
3;PRINCIPADO DE ASTURIAS;33;ASTURIAS;59;59;SALAS;;33059E;0;4
3;PRINCIPADO DE ASTURIAS;33;ASTURIAS;59;59;SALAS;;33059F;0;5
3;PRINCIPADO DE ASTURIAS;33;ASTURIAS;59;59;SALAS;;33059G;0;6
3;PRINCIPADO DE ASTURIAS;33;ASTURIAS;59;59;SALAS;;33059H;0;7
3;PRINCIPADO DE ASTURIAS;33;ASTURIAS;59;59;SALAS;;33059J;0;8
3;PRINCIPADO DE ASTURIAS;33;ASTURIAS;60;60;SAN MARTIN DEL REY AURELIO;;33060A;0;0
3;PRINCIPADO DE ASTURIAS;33;ASTURIAS;61;61;SAN MARTIN DE OSCOS;;33061A;0;0
3;PRINCIPADO DE ASTURIAS;33;ASTURIAS;61;61;SAN MARTIN DE OSCOS;;33061B;0;1
3;PRINCIPADO DE ASTURIAS;33;ASTURIAS;61;61;SAN MARTIN DE OSCOS;;33061C;0;2
3;PRINCIPADO DE ASTURIAS;33;ASTURIAS;61;61;SAN MARTIN DE OSCOS;;33061D;0;3
3;PRINCIPADO DE ASTURIAS;33;ASTURIAS;62;62;SANTA EULALIA DE OSCOS;;33062A;0;0
3;PRINCIPADO DE ASTURIAS;33;ASTURIAS;62;62;SANTA EULALIA DE OSCOS;;33062B;0;1
3;PRINCIPADO DE ASTURIAS;33;ASTURIAS;62;62;SANTA EULALIA DE OSCOS;;33062C;0;2
3;PRINCIPADO DE ASTURIAS;33;ASTURIAS;62;62;SANTA EULALIA DE OSCOS;;33062D;0;3
3;PRINCIPADO DE ASTURIAS;33;ASTURIAS;62;62;SANTA EULALIA DE OSCOS;;33062E;0;4
3;PRINCIPADO DE ASTURIAS;33;ASTURIAS;63;63;SAN TIRSO DE ABRES;;33063A;0;0
3;PRINCIPADO DE ASTURIAS;33;ASTURIAS;63;63;SAN TIRSO DE ABRES;;33063B;0;1
3;PRINCIPADO DE ASTURIAS;33;ASTURIAS;63;63;SAN TIRSO DE ABRES;;33063C;0;2
3;PRINCIPADO DE ASTURIAS;33;ASTURIAS;64;64;SANTO ADRIANO;;33064A;0;0
3;PRINCIPADO DE ASTURIAS;33;ASTURIAS;65;65;SARIEGO;;33065A;0;0
3;PRINCIPADO DE ASTURIAS;33;ASTURIAS;66;66;SIERO;;33066A;0;0
3;PRINCIPADO DE ASTURIAS;33;ASTURIAS;67;67;SOBRESCOBIO;;33067A;0;0
3;PRINCIPADO DE ASTURIAS;33;ASTURIAS;67;67;SOBRESCOBIO;;33067B;0;1
3;PRINCIPADO DE ASTURIAS;33;ASTURIAS;67;67;SOBRESCOBIO;;33067C;0;2
3;PRINCIPADO DE ASTURIAS;33;ASTURIAS;67;67;SOBRESCOBIO;;33067D;0;3
3;PRINCIPADO DE ASTURIAS;33;ASTURIAS;68;68;SOMIEDO;;33068A;0;0
3;PRINCIPADO DE ASTURIAS;33;ASTURIAS;69;69;SOTO DEL BARCO;;33069A;0;0
3;PRINCIPADO DE ASTURIAS;33;ASTURIAS;70;70;TAPIA DE CASARIEGO;;33070A;0;0
3;PRINCIPADO DE ASTURIAS;33;ASTURIAS;70;70;TAPIA DE CASARIEGO;;33070B;0;1
3;PRINCIPADO DE ASTURIAS;33;ASTURIAS;70;70;TAPIA DE CASARIEGO;;33070C;0;5
3;PRINCIPADO DE ASTURIAS;33;ASTURIAS;70;70;TAPIA DE CASARIEGO;;33070D;0;6
3;PRINCIPADO DE ASTURIAS;33;ASTURIAS;70;70;TAPIA DE CASARIEGO;;33070E;0;7
3;PRINCIPADO DE ASTURIAS;33;ASTURIAS;70;70;TAPIA DE CASARIEGO;;33070F;0;8
3;PRINCIPADO DE ASTURIAS;33;ASTURIAS;70;70;TAPIA DE CASARIEGO;;33070G;0;9
3;PRINCIPADO DE ASTURIAS;33;ASTURIAS;70;70;TAPIA DE CASARIEGO;;33070H;0;10
3;PRINCIPADO DE ASTURIAS;33;ASTURIAS;70;70;TAPIA DE CASARIEGO;;33070J;0;11
3;PRINCIPADO DE ASTURIAS;33;ASTURIAS;71;71;TARAMUNDI;;33071A;0;0
3;PRINCIPADO DE ASTURIAS;33;ASTURIAS;71;71;TARAMUNDI;;33071B;0;1
3;PRINCIPADO DE ASTURIAS;33;ASTURIAS;71;71;TARAMUNDI;;33071C;0;2
3;PRINCIPADO DE ASTURIAS;33;ASTURIAS;71;71;TARAMUNDI;;33071D;0;3
3;PRINCIPADO DE ASTURIAS;33;ASTURIAS;71;71;TARAMUNDI;;33071E;0;4
3;PRINCIPADO DE ASTURIAS;33;ASTURIAS;71;71;TARAMUNDI;;33071F;0;5
3;PRINCIPADO DE ASTURIAS;33;ASTURIAS;71;71;TARAMUNDI;;33071G;0;6
3;PRINCIPADO DE ASTURIAS;33;ASTURIAS;71;71;TARAMUNDI;;33071H;0;7
3;PRINCIPADO DE ASTURIAS;33;ASTURIAS;71;71;TARAMUNDI;;33071J;0;8
3;PRINCIPADO DE ASTURIAS;33;ASTURIAS;71;71;TARAMUNDI;;33071K;0;9
3;PRINCIPADO DE ASTURIAS;33;ASTURIAS;71;71;TARAMUNDI;;33071L;0;10
3;PRINCIPADO DE ASTURIAS;33;ASTURIAS;71;71;TARAMUNDI;;33071M;0;11
3;PRINCIPADO DE ASTURIAS;33;ASTURIAS;71;71;TARAMUNDI;;33071N;0;12
3;PRINCIPADO DE ASTURIAS;33;ASTURIAS;71;71;TARAMUNDI;;33071P;0;13
3;PRINCIPADO DE ASTURIAS;33;ASTURIAS;72;72;TEVERGA;;33072A;0;0
3;PRINCIPADO DE ASTURIAS;33;ASTURIAS;73;73;TINEO;;33073A;0;0
3;PRINCIPADO DE ASTURIAS;33;ASTURIAS;73;73;TINEO;;33073B;0;1
3;PRINCIPADO DE ASTURIAS;33;ASTURIAS;73;73;TINEO;;33073C;0;2
3;PRINCIPADO DE ASTURIAS;33;ASTURIAS;73;73;TINEO;;33073D;0;3
3;PRINCIPADO DE ASTURIAS;33;ASTURIAS;73;73;TINEO;;33073E;0;4
3;PRINCIPADO DE ASTURIAS;33;ASTURIAS;73;73;TINEO;;33073F;0;5
3;PRINCIPADO DE ASTURIAS;33;ASTURIAS;73;73;TINEO;;33073G;0;6
3;PRINCIPADO DE ASTURIAS;33;ASTURIAS;73;73;TINEO;;33073H;0;7
3;PRINCIPADO DE ASTURIAS;33;ASTURIAS;73;73;TINEO;;33073J;0;8
3;PRINCIPADO DE ASTURIAS;33;ASTURIAS;73;73;TINEO;;33073K;0;9
3;PRINCIPADO DE ASTURIAS;33;ASTURIAS;73;73;TINEO;;33073L;0;10
3;PRINCIPADO DE ASTURIAS;33;ASTURIAS;73;73;TINEO;;33073M;0;12
3;PRINCIPADO DE ASTURIAS;33;ASTURIAS;73;73;TINEO;;33073P;0;13
3;PRINCIPADO DE ASTURIAS;33;ASTURIAS;73;73;TINEO;;33073R;0;15
3;PRINCIPADO DE ASTURIAS;33;ASTURIAS;73;73;TINEO;;33073S;0;16
3;PRINCIPADO DE ASTURIAS;33;ASTURIAS;73;73;TINEO;;33073T;0;17
3;PRINCIPADO DE ASTURIAS;33;ASTURIAS;73;73;TINEO;;33073U;0;18
3;PRINCIPADO DE ASTURIAS;33;ASTURIAS;73;73;TINEO;;33073V;0;19
3;PRINCIPADO DE ASTURIAS;33;ASTURIAS;73;73;TINEO;;33073W;0;20
3;PRINCIPADO DE ASTURIAS;33;ASTURIAS;73;73;TINEO;;33073X;0;21
3;PRINCIPADO DE ASTURIAS;33;ASTURIAS;73;73;TINEO;;33073Y;0;22
3;PRINCIPADO DE ASTURIAS;33;ASTURIAS;73;73;TINEO;;33073Z;0;23
3;PRINCIPADO DE ASTURIAS;33;ASTURIAS;74;74;VEGADEO;;33074A;0;0
3;PRINCIPADO DE ASTURIAS;33;ASTURIAS;74;74;VEGADEO;;33074B;0;1
3;PRINCIPADO DE ASTURIAS;33;ASTURIAS;74;74;VEGADEO;;33074C;0;2
3;PRINCIPADO DE ASTURIAS;33;ASTURIAS;74;74;VEGADEO;;33074D;0;3
3;PRINCIPADO DE ASTURIAS;33;ASTURIAS;74;74;VEGADEO;;33074E;0;4
3;PRINCIPADO DE ASTURIAS;33;ASTURIAS;74;74;VEGADEO;;33074F;0;5
3;PRINCIPADO DE ASTURIAS;33;ASTURIAS;74;74;VEGADEO;;33074G;0;6
3;PRINCIPADO DE ASTURIAS;33;ASTURIAS;74;74;VEGADEO;;33074H;0;7
3;PRINCIPADO DE ASTURIAS;33;ASTURIAS;74;74;VEGADEO;;33074J;0;8
3;PRINCIPADO DE ASTURIAS;33;ASTURIAS;74;74;VEGADEO;;33074K;0;9
3;PRINCIPADO DE ASTURIAS;33;ASTURIAS;74;74;VEGADEO;;33074L;0;10
3;PRINCIPADO DE ASTURIAS;33;ASTURIAS;74;74;VEGADEO;;33074M;0;11
3;PRINCIPADO DE ASTURIAS;33;ASTURIAS;74;74;VEGADEO;;33074N;0;12
3;PRINCIPADO DE ASTURIAS;33;ASTURIAS;74;74;VEGADEO;;33074P;0;13
3;PRINCIPADO DE ASTURIAS;33;ASTURIAS;75;75;VILLANUEVA DE OSCOS;;33075A;0;0
3;PRINCIPADO DE ASTURIAS;33;ASTURIAS;75;75;VILLANUEVA DE OSCOS;;33075B;0;1
3;PRINCIPADO DE ASTURIAS;33;ASTURIAS;75;75;VILLANUEVA DE OSCOS;;33075C;0;2
3;PRINCIPADO DE ASTURIAS;33;ASTURIAS;75;75;VILLANUEVA DE OSCOS;;33075D;0;3
3;PRINCIPADO DE ASTURIAS;33;ASTURIAS;75;75;VILLANUEVA DE OSCOS;;33075E;0;4
3;PRINCIPADO DE ASTURIAS;33;ASTURIAS;75;75;VILLANUEVA DE OSCOS;;33075F;0;5
3;PRINCIPADO DE ASTURIAS;33;ASTURIAS;75;75;VILLANUEVA DE OSCOS;;33075G;0;6
3;PRINCIPADO DE ASTURIAS;33;ASTURIAS;75;75;VILLANUEVA DE OSCOS;;33075H;0;7
3;PRINCIPADO DE ASTURIAS;33;ASTURIAS;75;75;VILLANUEVA DE OSCOS;;33075J;0;8
3;PRINCIPADO DE ASTURIAS;33;ASTURIAS;76;76;VILLAVICIOSA;;52076A;0;0
3;PRINCIPADO DE ASTURIAS;33;ASTURIAS;77;77;VILLAYON;;33077A;0;0
3;PRINCIPADO DE ASTURIAS;33;ASTURIAS;77;77;VILLAYON;;33077B;0;1
3;PRINCIPADO DE ASTURIAS;33;ASTURIAS;77;77;VILLAYON;;33077C;0;2
3;PRINCIPADO DE ASTURIAS;33;ASTURIAS;77;77;VILLAYON;;33077D;0;3
3;PRINCIPADO DE ASTURIAS;33;ASTURIAS;77;77;VILLAYON;;33077E;0;4
3;PRINCIPADO DE ASTURIAS;33;ASTURIAS;77;77;VILLAYON;;33077F;0;5
3;PRINCIPADO DE ASTURIAS;33;ASTURIAS;77;77;VILLAYON;;33077G;0;6
3;PRINCIPADO DE ASTURIAS;33;ASTURIAS;77;77;VILLAYON;;33077H;0;7
3;PRINCIPADO DE ASTURIAS;33;ASTURIAS;77;77;VILLAYON;;33077J;0;8
3;PRINCIPADO DE ASTURIAS;33;ASTURIAS;78;78;YERNES Y TAMEZA;;33078A;0;0
4;ISLAS BALEARES;7;BALEARES;1;1;ALARO;;07001A;0;0
4;ISLAS BALEARES;7;BALEARES;2;2;ALAIOR;;07002A;0;0
4;ISLAS BALEARES;7;BALEARES;3;3;ALCUDIA;;07003A;0;0
4;ISLAS BALEARES;7;BALEARES;4;4;ALGAIDA;;07004A;0;0
4;ISLAS BALEARES;7;BALEARES;5;5;ANDRATX;;07005A;0;0
4;ISLAS BALEARES;7;BALEARES;6;6;ARTA;;07006A;0;0
4;ISLAS BALEARES;7;BALEARES;7;7;BANYALBUFAR;;07007A;0;0
4;ISLAS BALEARES;7;BALEARES;8;8;BINISSALEM;;07008A;0;0
4;ISLAS BALEARES;7;BALEARES;9;9;BUGER;;07009A;0;0
4;ISLAS BALEARES;7;BALEARES;10;10;BUNYOLA;;07010A;0;0
4;ISLAS BALEARES;7;BALEARES;11;11;CALVIA;;07011A;0;0
4;ISLAS BALEARES;7;BALEARES;12;12;CAMPANET;;07012A;0;0
4;ISLAS BALEARES;7;BALEARES;13;13;CAMPOS;;07013A;0;0
4;ISLAS BALEARES;7;BALEARES;14;14;CAPDEPERA;;07014A;0;0
4;ISLAS BALEARES;7;BALEARES;15;15;CIUTADELLA DE MENORCA;;07015A;0;0
4;ISLAS BALEARES;7;BALEARES;16;16;CONSELL;;07016A;0;0
4;ISLAS BALEARES;7;BALEARES;17;17;COSTITX;;07017A;0;0
4;ISLAS BALEARES;7;BALEARES;18;18;DEIA;;07018A;0;0
4;ISLAS BALEARES;7;BALEARES;19;19;ESCORCA;;07019A;0;0
4;ISLAS BALEARES;7;BALEARES;20;20;ESPORLES;;07020A;0;0
4;ISLAS BALEARES;7;BALEARES;21;21;ESTELLENCS;;07021A;0;0
4;ISLAS BALEARES;7;BALEARES;22;22;FELANITX;;07022A;0;0
4;ISLAS BALEARES;7;BALEARES;23;23;FERRERIES;;07023A;0;0
4;ISLAS BALEARES;7;BALEARES;24;24;FORMENTERA;;07024A;0;0
4;ISLAS BALEARES;7;BALEARES;25;25;FORNALUTX;;07025A;0;0
4;ISLAS BALEARES;7;BALEARES;26;26;EIVISSA;;07026A;0;0
4;ISLAS BALEARES;7;BALEARES;27;27;INCA;;07027A;0;0
4;ISLAS BALEARES;7;BALEARES;28;28;LLORET DE VISTALEGRE;;07028A;0;0
4;ISLAS BALEARES;7;BALEARES;29;29;LLOSETA;;07029A;0;0
4;ISLAS BALEARES;7;BALEARES;30;30;LLUBI;;07030A;0;0
4;ISLAS BALEARES;7;BALEARES;31;31;LLUCMAJOR;;07031A;0;0
4;ISLAS BALEARES;7;BALEARES;32;32;MAO/MAHON;;07032A;0;0
4;ISLAS BALEARES;7;BALEARES;33;33;MANACOR;;07033A;0;0
4;ISLAS BALEARES;7;BALEARES;34;34;MANCOR DE LA VALL;;07034A;0;0
4;ISLAS BALEARES;7;BALEARES;35;35;MARIA DE LA SALUT;;07035A;0;0
4;ISLAS BALEARES;7;BALEARES;36;36;MARRATXI;;07036A;0;0
4;ISLAS BALEARES;7;BALEARES;37;37;ES MERCADAL;;07037A;0;0
4;ISLAS BALEARES;7;BALEARES;38;38;MONTUIRI;;07038A;0;0
4;ISLAS BALEARES;7;BALEARES;39;39;MURO;;07039A;0;0
4;ISLAS BALEARES;7;BALEARES;40;40;PALMA DE MALLORCA;;07040A;0;0
4;ISLAS BALEARES;7;BALEARES;41;41;PETRA;;07041A;0;0
4;ISLAS BALEARES;7;BALEARES;42;42;POLLENÇA;;07042A;0;0
4;ISLAS BALEARES;7;BALEARES;43;43;PORRERES;;07043A;0;0
4;ISLAS BALEARES;7;BALEARES;44;44;SA POBLA;;07044A;0;0
4;ISLAS BALEARES;7;BALEARES;45;45;PUIGPUNYENT;;07045A;0;0
4;ISLAS BALEARES;7;BALEARES;46;46;SANT ANTONI DE PORTMANY;;07046A;0;0
4;ISLAS BALEARES;7;BALEARES;47;47;SENCELLES;;07047A;0;0
4;ISLAS BALEARES;7;BALEARES;48;48;SANT JOSEP DE SA TALAIA;;07048A;0;0
4;ISLAS BALEARES;7;BALEARES;49;49;SANT JOAN;;07049A;0;0
4;ISLAS BALEARES;7;BALEARES;50;50;SANT JOAN DE LABRITJA;;07050A;0;0
4;ISLAS BALEARES;7;BALEARES;51;51;SANT LLORENC DES CARDASSAR;;07051A;0;0
4;ISLAS BALEARES;7;BALEARES;52;52;SANT LLUIS;;07052A;0;0
4;ISLAS BALEARES;7;BALEARES;53;53;SANTA EUGENIA;;07053A;0;0
4;ISLAS BALEARES;7;BALEARES;54;54;SANTA EULARIA DES RIU;;07054A;0;0
4;ISLAS BALEARES;7;BALEARES;55;55;SANTA MARGALIDA;;07055A;0;0
4;ISLAS BALEARES;7;BALEARES;56;56;SANTA MARIA DEL CAMI;;07056A;0;0
4;ISLAS BALEARES;7;BALEARES;57;57;SANTANYI;;07057A;0;0
4;ISLAS BALEARES;7;BALEARES;58;58;SELVA;;07058A;0;0
4;ISLAS BALEARES;7;BALEARES;59;59;SES SALINES;;07059A;0;0
4;ISLAS BALEARES;7;BALEARES;60;60;SINEU;;07060A;0;0
4;ISLAS BALEARES;7;BALEARES;61;61;SOLLER;;07061A;0;0
4;ISLAS BALEARES;7;BALEARES;62;62;SON SERVERA;;07062A;0;0
4;ISLAS BALEARES;7;BALEARES;63;63;VALLDEMOSSA;;07063A;0;0
4;ISLAS BALEARES;7;BALEARES;64;64;ES CASTELL;;07064A;0;0
4;ISLAS BALEARES;7;BALEARES;65;65;VILAFRANCA BONANY;;07065A;0;0
4;ISLAS BALEARES;7;BALEARES;901;66;ARIANY;;07066A;0;0
4;ISLAS BALEARES;7;BALEARES;902;67;ES MIGJORN GRAN;;07067A;0;0
5;ISLAS CANARIAS;35;LAS PALMAS;1;1;AGAETE;;35001A;0;0
5;ISLAS CANARIAS;35;LAS PALMAS;2;2;AGUIMES;;35002A;0;0
5;ISLAS CANARIAS;35;LAS PALMAS;3;3;ANTIGUA;;35003A;0;0
5;ISLAS CANARIAS;35;LAS PALMAS;4;4;ARRECIFE;;35004A;0;0
5;ISLAS CANARIAS;35;LAS PALMAS;5;5;ARTENARA;;35005A;0;0
5;ISLAS CANARIAS;35;LAS PALMAS;6;6;ARUCAS;;35006A;0;0
5;ISLAS CANARIAS;35;LAS PALMAS;7;7;BETANCURIA;;35007A;0;0
5;ISLAS CANARIAS;35;LAS PALMAS;8;8;FIRGAS;;35008A;0;0
5;ISLAS CANARIAS;35;LAS PALMAS;9;9;GALDAR;;35009A;0;0
5;ISLAS CANARIAS;35;LAS PALMAS;10;11;HARIA;;35011A;0;0
5;ISLAS CANARIAS;35;LAS PALMAS;11;12;INGENIO;;35012A;0;0
5;ISLAS CANARIAS;35;LAS PALMAS;12;13;MOGAN;;35013A;0;0
5;ISLAS CANARIAS;35;LAS PALMAS;13;14;MOYA;;35014A;0;0
5;ISLAS CANARIAS;35;LAS PALMAS;14;15;LA OLIVA;;35015A;0;0
5;ISLAS CANARIAS;35;LAS PALMAS;15;16;PAJARA;;35016A;0;0
5;ISLAS CANARIAS;35;LAS PALMAS;16;17;LAS PALMAS DE GRAN CANARIA;;35017A;0;0
5;ISLAS CANARIAS;35;LAS PALMAS;17;18;PUERTO ROSARIO;;35018A;0;0
5;ISLAS CANARIAS;35;LAS PALMAS;18;19;S.BARTOLOME LANZAROTE;;35019A;0;0
5;ISLAS CANARIAS;35;LAS PALMAS;19;20;S.BARTOLOME TIRAJANA;;35020A;0;0
5;ISLAS CANARIAS;35;LAS PALMAS;20;21;LA ALDEA DE SAN NICOLAS;;35021A;0;0
5;ISLAS CANARIAS;35;LAS PALMAS;21;22;SANTA BRIGIDA;;35022A;0;0
5;ISLAS CANARIAS;35;LAS PALMAS;22;23;SANTA LUCIA DE TIRAJANA;;35023A;0;0
5;ISLAS CANARIAS;35;LAS PALMAS;23;10;GUIA;;35010A;0;0
5;ISLAS CANARIAS;35;LAS PALMAS;24;24;TEGUISE;;35024A;0;0
5;ISLAS CANARIAS;35;LAS PALMAS;25;25;TEJEDA;;35025A;0;0
5;ISLAS CANARIAS;35;LAS PALMAS;26;26;TELDE;;35026A;0;0
5;ISLAS CANARIAS;35;LAS PALMAS;27;27;TEROR;;35027A;0;0
5;ISLAS CANARIAS;35;LAS PALMAS;28;28;TIAS;;35028A;0;0
5;ISLAS CANARIAS;35;LAS PALMAS;29;29;TINAJO;;35029A;0;0
5;ISLAS CANARIAS;35;LAS PALMAS;30;30;TUINEJE;;35030A;0;0
5;ISLAS CANARIAS;35;LAS PALMAS;31;31;VALSEQUILLO;;35031A;0;0
5;ISLAS CANARIAS;35;LAS PALMAS;32;32;VALLESECO;;35032A;0;0
5;ISLAS CANARIAS;35;LAS PALMAS;33;33;VEGA S.MATEO;;35033A;0;0
5;ISLAS CANARIAS;35;LAS PALMAS;34;34;YAIZA;;35034A;0;0
5;ISLAS CANARIAS;38;SANTA CRUZ DE TENERIFE;1;1;ADEJE;;38001A;0;0
5;ISLAS CANARIAS;38;SANTA CRUZ DE TENERIFE;2;2;AGULO;;38002A;0;0
5;ISLAS CANARIAS;38;SANTA CRUZ DE TENERIFE;3;3;ALAJERO;;38003A;0;0
5;ISLAS CANARIAS;38;SANTA CRUZ DE TENERIFE;4;4;ARAFO;;38004A;0;0
5;ISLAS CANARIAS;38;SANTA CRUZ DE TENERIFE;5;5;ARICO;;38005A;0;0
5;ISLAS CANARIAS;38;SANTA CRUZ DE TENERIFE;6;6;ARONA;;38006A;0;0
5;ISLAS CANARIAS;38;SANTA CRUZ DE TENERIFE;7;7;BARLOVENTO;;38007A;0;0
5;ISLAS CANARIAS;38;SANTA CRUZ DE TENERIFE;8;8;BREÑA ALTA;;38008A;0;0
5;ISLAS CANARIAS;38;SANTA CRUZ DE TENERIFE;9;9;BREÑA BAJA;;38009A;0;0
5;ISLAS CANARIAS;38;SANTA CRUZ DE TENERIFE;10;10;BUENAVISTA DEL NORTE;;38010A;0;0
5;ISLAS CANARIAS;38;SANTA CRUZ DE TENERIFE;11;11;CANDELARIA;;38011A;0;0
5;ISLAS CANARIAS;38;SANTA CRUZ DE TENERIFE;12;12;FASNIA;;38012A;0;0
5;ISLAS CANARIAS;38;SANTA CRUZ DE TENERIFE;13;13;FRONTERA;;38013A;0;0
5;ISLAS CANARIAS;38;SANTA CRUZ DE TENERIFE;14;14;FUENCALIENTE DE LA PALMA;;38014A;0;0
5;ISLAS CANARIAS;38;SANTA CRUZ DE TENERIFE;15;15;GARACHICO;;38015A;0;0
5;ISLAS CANARIAS;38;SANTA CRUZ DE TENERIFE;16;16;GARAFIA;;38016A;0;0
5;ISLAS CANARIAS;38;SANTA CRUZ DE TENERIFE;17;17;GRANADILLA DE ABONA;;38017A;0;0
5;ISLAS CANARIAS;38;SANTA CRUZ DE TENERIFE;18;18;LA GUANCHA;;38018A;0;0
5;ISLAS CANARIAS;38;SANTA CRUZ DE TENERIFE;19;19;GUIA ISORA;;38019A;0;0
5;ISLAS CANARIAS;38;SANTA CRUZ DE TENERIFE;20;20;GUIMAR;;38020A;0;0
5;ISLAS CANARIAS;38;SANTA CRUZ DE TENERIFE;21;21;HERMIGUA;;38021A;0;0
5;ISLAS CANARIAS;38;SANTA CRUZ DE TENERIFE;22;22;ICOD DE LOS VINOS;;38022A;0;0
5;ISLAS CANARIAS;38;SANTA CRUZ DE TENERIFE;23;23;LA LAGUNA;;38023A;0;0
5;ISLAS CANARIAS;38;SANTA CRUZ DE TENERIFE;24;24;LOS LLANOS DE ARIDANE;;38024A;0;0
5;ISLAS CANARIAS;38;SANTA CRUZ DE TENERIFE;25;25;LA MATANZA DE ACENTEJO;;38025A;0;0
5;ISLAS CANARIAS;38;SANTA CRUZ DE TENERIFE;26;26;LA OROTAVA;;38026A;0;0
5;ISLAS CANARIAS;38;SANTA CRUZ DE TENERIFE;27;27;EL PASO;;38027A;0;0
5;ISLAS CANARIAS;38;SANTA CRUZ DE TENERIFE;28;28;PUERTO DE LA CRUZ;;38028A;0;0
5;ISLAS CANARIAS;38;SANTA CRUZ DE TENERIFE;29;29;PUNTAGORDA;;38029A;0;0
5;ISLAS CANARIAS;38;SANTA CRUZ DE TENERIFE;30;30;PUNTALLANA;;38030A;0;0
5;ISLAS CANARIAS;38;SANTA CRUZ DE TENERIFE;31;31;LOS REALEJOS;;38031A;0;0
5;ISLAS CANARIAS;38;SANTA CRUZ DE TENERIFE;32;32;EL ROSARIO;;38032A;0;0
5;ISLAS CANARIAS;38;SANTA CRUZ DE TENERIFE;33;33;SAN ANDRES Y SAUCES;;38033A;0;0
5;ISLAS CANARIAS;38;SANTA CRUZ DE TENERIFE;34;34;SAN JUAN DE LA RAMBLA;;38034A;0;0
5;ISLAS CANARIAS;38;SANTA CRUZ DE TENERIFE;35;35;SAN MIGUEL;;38035A;0;0
5;ISLAS CANARIAS;38;SANTA CRUZ DE TENERIFE;36;36;SAN SEBASTIAN DE LA GOMERA;;38036A;0;0
5;ISLAS CANARIAS;38;SANTA CRUZ DE TENERIFE;37;37;SANTA CRUZ DE LA PALMA;;38037A;0;0
5;ISLAS CANARIAS;38;SANTA CRUZ DE TENERIFE;38;900;SANTA CRUZ TENERIFE;;38900A;0;0
5;ISLAS CANARIAS;38;SANTA CRUZ DE TENERIFE;39;39;SANTA URSULA;;38039A;0;0
5;ISLAS CANARIAS;38;SANTA CRUZ DE TENERIFE;40;40;SANTIAGO DEL TEIDE;;38040A;0;0
5;ISLAS CANARIAS;38;SANTA CRUZ DE TENERIFE;41;41;SAUZAL;;38041A;0;0
5;ISLAS CANARIAS;38;SANTA CRUZ DE TENERIFE;42;42;LOS SILOS;;38042A;0;0
5;ISLAS CANARIAS;38;SANTA CRUZ DE TENERIFE;43;43;TACORONTE;;38043A;0;0
5;ISLAS CANARIAS;38;SANTA CRUZ DE TENERIFE;44;44;TANQUE;;38044A;0;0
5;ISLAS CANARIAS;38;SANTA CRUZ DE TENERIFE;45;45;TAZACORTE;;38045A;0;0
5;ISLAS CANARIAS;38;SANTA CRUZ DE TENERIFE;46;46;TEGUESTE;;38046A;0;0
5;ISLAS CANARIAS;38;SANTA CRUZ DE TENERIFE;47;47;TIJARAFE;;38047A;0;0
5;ISLAS CANARIAS;38;SANTA CRUZ DE TENERIFE;48;48;VALVERDE;;38048A;0;0
5;ISLAS CANARIAS;38;SANTA CRUZ DE TENERIFE;49;49;VALLE GRAN REY;;38049A;0;0
5;ISLAS CANARIAS;38;SANTA CRUZ DE TENERIFE;50;50;VALLEHERMOSO;;38050A;0;0
5;ISLAS CANARIAS;38;SANTA CRUZ DE TENERIFE;51;51;LA VICTORIA DE ACENTEJO;;38051A;0;0
5;ISLAS CANARIAS;38;SANTA CRUZ DE TENERIFE;52;52;VILAFLOR;;38052A;0;0
5;ISLAS CANARIAS;38;SANTA CRUZ DE TENERIFE;53;53;VILLA DE MAZO;;38053A;0;0
5;ISLAS CANARIAS;38;SANTA CRUZ DE TENERIFE;901;54;EL PINAR DE EL HIERRO;;38054A;0;0
6;CANTABRIA;39;CANTABRIA;1;1;ALFOZ DE LLOREDO;;39001A;0;0
6;CANTABRIA;39;CANTABRIA;2;2;AMPUERO;;39002A;0;0
6;CANTABRIA;39;CANTABRIA;3;3;ANIEVAS;;39003A;0;0
6;CANTABRIA;39;CANTABRIA;4;4;ARENAS DE IGUÑA;;39004A;0;0
6;CANTABRIA;39;CANTABRIA;5;5;ARGOÑOS;;39005A;0;0
6;CANTABRIA;39;CANTABRIA;6;6;ARNUERO;;39006A;0;0
6;CANTABRIA;39;CANTABRIA;7;7;ARREDONDO;;39007A;0;0
6;CANTABRIA;39;CANTABRIA;8;8;EL ASTILLERO;;39008A;0;0
6;CANTABRIA;39;CANTABRIA;9;9;BARCENA DE CICERO;;39009A;0;0
6;CANTABRIA;39;CANTABRIA;10;10;BARCENA DE PIE DE CONCHA;;39010A;0;0
6;CANTABRIA;39;CANTABRIA;11;11;BAREYO;;39011A;0;0
6;CANTABRIA;39;CANTABRIA;12;12;CABEZON DE LA SAL;;39012A;0;0
6;CANTABRIA;39;CANTABRIA;13;13;CABEZON DE LIEBANA;;39013A;0;0
6;CANTABRIA;39;CANTABRIA;14;14;CABUERNIGA;;39014A;0;0
6;CANTABRIA;39;CANTABRIA;15;15;CAMALEÑO;;39015A;0;0
6;CANTABRIA;39;CANTABRIA;16;16;CAMARGO;;39016A;0;0
6;CANTABRIA;39;CANTABRIA;17;17;CAMPOO DE YUSO;;39017A;0;0
6;CANTABRIA;39;CANTABRIA;18;18;CARTES;;39018A;0;0
6;CANTABRIA;39;CANTABRIA;19;19;CASTAÑEDA;;39019A;0;0
6;CANTABRIA;39;CANTABRIA;20;20;CASTRO URDIALES;;39020A;0;0
6;CANTABRIA;39;CANTABRIA;21;21;CIEZA;;39021A;0;0
6;CANTABRIA;39;CANTABRIA;22;22;CILLORIGO DE LIEBANA;;39022A;0;0
6;CANTABRIA;39;CANTABRIA;23;23;COLINDRES;;39023A;0;0
6;CANTABRIA;39;CANTABRIA;24;24;COMILLAS;;39024A;0;0
6;CANTABRIA;39;CANTABRIA;25;25;CORRALES DE BUELNA;;39025A;0;0
6;CANTABRIA;39;CANTABRIA;26;26;CORVERA DE TORANZO;;39026A;0;0
6;CANTABRIA;39;CANTABRIA;27;27;CAMPOO DE ENMEDIO;;39027A;0;0
6;CANTABRIA;39;CANTABRIA;28;28;ENTRAMBASAGUAS;;39028A;0;0
6;CANTABRIA;39;CANTABRIA;29;29;ESCALANTE;;39029A;0;0
6;CANTABRIA;39;CANTABRIA;30;30;GURIEZO;;39030A;0;0
6;CANTABRIA;39;CANTABRIA;31;31;HAZAS DE CESTO;;39031A;0;0
6;CANTABRIA;39;CANTABRIA;32;32;HERMANDAD DE CAMPOO DE SUSO;;39032A;0;0
6;CANTABRIA;39;CANTABRIA;33;33;HERRERIAS;;39033A;0;0
6;CANTABRIA;39;CANTABRIA;34;34;LAMASON;;39034A;0;0
6;CANTABRIA;39;CANTABRIA;35;35;LAREDO;;39035A;0;0
6;CANTABRIA;39;CANTABRIA;36;36;LIENDO;;39036A;0;0
6;CANTABRIA;39;CANTABRIA;37;37;LIERGANES;;39037A;0;0
6;CANTABRIA;39;CANTABRIA;38;38;LIMPIAS;;39038A;0;0
6;CANTABRIA;39;CANTABRIA;39;39;LUENA;;39039A;0;0
6;CANTABRIA;39;CANTABRIA;40;40;MARINA DE CUDEYO;;39040A;0;0
6;CANTABRIA;39;CANTABRIA;41;41;MAZCUERRAS;;39041A;0;0
6;CANTABRIA;39;CANTABRIA;42;42;MEDIO CUDEYO;;39042A;0;0
6;CANTABRIA;39;CANTABRIA;43;43;MERUELO;;39043A;0;0
6;CANTABRIA;39;CANTABRIA;44;44;MIENGO;;39044A;0;0
6;CANTABRIA;39;CANTABRIA;45;45;MIERA;;39045A;0;0
6;CANTABRIA;39;CANTABRIA;46;46;MOLLEDO;;39046A;0;0
6;CANTABRIA;39;CANTABRIA;47;47;NOJA;;39047A;0;0
6;CANTABRIA;39;CANTABRIA;48;48;PENAGOS;;39048A;0;0
6;CANTABRIA;39;CANTABRIA;49;49;PEÑARRUBIA;;39049A;0;0
6;CANTABRIA;39;CANTABRIA;50;50;PESAGUERO;;39050A;0;0
6;CANTABRIA;39;CANTABRIA;51;51;PESQUERA;;39051A;0;0
6;CANTABRIA;39;CANTABRIA;52;52;PIELAGOS;;39052A;0;0
6;CANTABRIA;39;CANTABRIA;53;53;POLACIONES;;39053A;0;0
6;CANTABRIA;39;CANTABRIA;54;54;POLANCO;;39054A;0;0
6;CANTABRIA;39;CANTABRIA;55;55;POTES;;39055A;0;0
6;CANTABRIA;39;CANTABRIA;56;56;PUENTE VIESGO;;39056A;0;0
6;CANTABRIA;39;CANTABRIA;57;57;RAMALES DE LA VICTORIA;;39057A;0;0
6;CANTABRIA;39;CANTABRIA;58;58;RASINES;;39058A;0;0
6;CANTABRIA;39;CANTABRIA;59;59;REINOSA;;39059A;0;0
6;CANTABRIA;39;CANTABRIA;60;60;REOCIN;;39060A;0;0
6;CANTABRIA;39;CANTABRIA;61;61;RIBAMONTAN AL MAR;;39061A;0;0
6;CANTABRIA;39;CANTABRIA;62;62;RIBAMONTAN AL MONTE;;39062A;0;0
6;CANTABRIA;39;CANTABRIA;63;63;RIONANSA;;39063A;0;0
6;CANTABRIA;39;CANTABRIA;64;64;RIOTUERTO;;39064A;0;0
6;CANTABRIA;39;CANTABRIA;65;65;LAS ROZAS;;39065A;0;0
6;CANTABRIA;39;CANTABRIA;66;66;RUENTE;;39066A;0;0
6;CANTABRIA;39;CANTABRIA;67;67;RUESGA;;39067A;0;0
6;CANTABRIA;39;CANTABRIA;68;68;RUILOBA;;39068A;0;0
6;CANTABRIA;39;CANTABRIA;69;69;SAN FELICES DE BUELNA;;39069A;0;0
6;CANTABRIA;39;CANTABRIA;70;70;SAN MIGUEL DE AGUAYO;;39070A;0;0
6;CANTABRIA;39;CANTABRIA;71;71;SAN PEDRO DEL ROMERAL;;39071A;0;0
6;CANTABRIA;39;CANTABRIA;72;72;SAN ROQUE DE RIOMIERA;;39072A;0;0
6;CANTABRIA;39;CANTABRIA;73;73;SANTA CRUZ DE BEZANA;;39073A;0;0
6;CANTABRIA;39;CANTABRIA;74;74;SANTA MARIA DE CAYON;;39074A;0;0
6;CANTABRIA;39;CANTABRIA;75;900;SANTANDER;;39900A;0;0
6;CANTABRIA;39;CANTABRIA;76;76;SANTILLANA DEL MAR;;39076A;0;0
6;CANTABRIA;39;CANTABRIA;77;77;SANTIURDE DE REINOSA;;39077A;0;0
6;CANTABRIA;39;CANTABRIA;78;78;SANTIURDE DE TORANZO;;39078A;0;0
6;CANTABRIA;39;CANTABRIA;79;79;SANTOÑA;;39079A;0;0
6;CANTABRIA;39;CANTABRIA;80;80;SAN VICENTE DE LA BARQUERA;;39080A;0;0
6;CANTABRIA;39;CANTABRIA;81;81;SARO;;39081A;0;0
6;CANTABRIA;39;CANTABRIA;82;82;SELAYA;;39082A;0;0
6;CANTABRIA;39;CANTABRIA;83;83;SOBA;;39083A;0;0
6;CANTABRIA;39;CANTABRIA;84;84;SOLORZANO;;39084A;0;0
6;CANTABRIA;39;CANTABRIA;85;85;SUANCES;;39085A;0;0
6;CANTABRIA;39;CANTABRIA;86;86;LOS TOJOS;;39086A;0;0
6;CANTABRIA;39;CANTABRIA;87;87;TORRELAVEGA;;39087A;0;0
6;CANTABRIA;39;CANTABRIA;88;88;TRESVISO;;39088A;0;0
6;CANTABRIA;39;CANTABRIA;89;89;TUDANCA;;39089A;0;0
6;CANTABRIA;39;CANTABRIA;90;90;UDIAS;;39090A;0;0
6;CANTABRIA;39;CANTABRIA;91;91;VALDALIGA;;39091A;0;0
6;CANTABRIA;39;CANTABRIA;92;92;VALDEOLEA;;39092A;0;0
6;CANTABRIA;39;CANTABRIA;93;93;VALDEPRADO DEL RIO;;39093A;0;0
6;CANTABRIA;39;CANTABRIA;94;94;VALDERREDIBLE;;39094A;0;0
6;CANTABRIA;39;CANTABRIA;95;95;VAL DE SAN VICENTE;;39095A;0;0
6;CANTABRIA;39;CANTABRIA;96;96;VEGA DE LIEBANA;;39096A;0;0
6;CANTABRIA;39;CANTABRIA;97;97;VEGA DE PAS;;39097A;0;0
6;CANTABRIA;39;CANTABRIA;98;98;VILLACARRIEDO;;39098A;0;0
6;CANTABRIA;39;CANTABRIA;99;99;VILLAESCUSA;;39099A;0;0
6;CANTABRIA;39;CANTABRIA;100;100;VILLAFUFRE;;39100A;0;0
6;CANTABRIA;39;CANTABRIA;101;101;VALLE DE VILLAVERDE;;39101A;0;0
6;CANTABRIA;39;CANTABRIA;102;102;VOTO;;39102A;0;0
6;CANTABRIA;39;CANTABRIA;678;103;COMUNIDAD CAMPOO-CABUERNIGA;;39103A;0;0
7;CASTILLA LA MANCHA;2;ALBACETE;1;1;ABENGIBRE;;02001A;0;0
7;CASTILLA LA MANCHA;2;ALBACETE;2;2;ALATOZ;;02002A;0;0
7;CASTILLA LA MANCHA;2;ALBACETE;3;900;ALBACETE;;02900A;0;0
7;CASTILLA LA MANCHA;2;ALBACETE;4;4;ALBATANA;;02004A;0;0
7;CASTILLA LA MANCHA;2;ALBACETE;5;5;ALBOREA;;02005A;0;0
7;CASTILLA LA MANCHA;2;ALBACETE;6;6;ALCADOZO;;02006A;0;0
7;CASTILLA LA MANCHA;2;ALBACETE;7;7;ALCALA DEL JUCAR;;02007A;0;0
7;CASTILLA LA MANCHA;2;ALBACETE;8;8;ALCARAZ;;02008A;0;0
7;CASTILLA LA MANCHA;2;ALBACETE;9;9;ALMANSA;;02009A;0;0
7;CASTILLA LA MANCHA;2;ALBACETE;10;10;ALPERA;;02010A;0;0
7;CASTILLA LA MANCHA;2;ALBACETE;11;11;AYNA;;02011A;0;0
7;CASTILLA LA MANCHA;2;ALBACETE;12;12;BALAZOTE;;02012A;0;0
7;CASTILLA LA MANCHA;2;ALBACETE;13;13;BALSA DE VES;;02013A;0;0
7;CASTILLA LA MANCHA;2;ALBACETE;14;14;EL BALLESTERO;;02014A;0;0
7;CASTILLA LA MANCHA;2;ALBACETE;15;15;BARRAX;;02015A;0;0
7;CASTILLA LA MANCHA;2;ALBACETE;16;16;BIENSERVIDA;;02016A;0;0
7;CASTILLA LA MANCHA;2;ALBACETE;17;17;BOGARRA;;02017A;0;0
7;CASTILLA LA MANCHA;2;ALBACETE;18;18;BONETE;;02018A;0;0
7;CASTILLA LA MANCHA;2;ALBACETE;19;19;EL BONILLO;;02019A;0;0
7;CASTILLA LA MANCHA;2;ALBACETE;20;20;CARCELEN;;02020A;0;0
7;CASTILLA LA MANCHA;2;ALBACETE;21;21;CASAS DE JUAN NUÑEZ;;02021A;0;0
7;CASTILLA LA MANCHA;2;ALBACETE;22;22;CASAS DE LAZARO;;02022A;0;0
7;CASTILLA LA MANCHA;2;ALBACETE;22;22;CASAS DE LAZARO;;02022B;0;1
7;CASTILLA LA MANCHA;2;ALBACETE;23;23;CASAS DE VES;;02023A;0;0
7;CASTILLA LA MANCHA;2;ALBACETE;24;24;CASAS IBAÑEZ;;02024A;0;0
7;CASTILLA LA MANCHA;2;ALBACETE;25;25;CAUDETE;;02025A;0;0
7;CASTILLA LA MANCHA;2;ALBACETE;26;26;CENIZATE;;02026A;0;0
7;CASTILLA LA MANCHA;2;ALBACETE;27;27;CORRAL-RUBIO;;02027A;0;0
7;CASTILLA LA MANCHA;2;ALBACETE;28;28;COTILLAS;;02028A;0;0
7;CASTILLA LA MANCHA;2;ALBACETE;29;29;CHINCHILLA DE MONTE-ARAGON;;02029A;0;0
7;CASTILLA LA MANCHA;2;ALBACETE;30;30;ELCHE DE LA SIERRA;;02030A;0;0
7;CASTILLA LA MANCHA;2;ALBACETE;31;31;FEREZ;;02031A;0;0
7;CASTILLA LA MANCHA;2;ALBACETE;32;32;FUENSANTA;;02032A;0;0
7;CASTILLA LA MANCHA;2;ALBACETE;33;33;FUENTE-ALAMO;;02033A;0;0
7;CASTILLA LA MANCHA;2;ALBACETE;34;34;FUENTEALBILLA;;02034A;0;0
7;CASTILLA LA MANCHA;2;ALBACETE;35;35;LA GINETA;;02035A;0;0
7;CASTILLA LA MANCHA;2;ALBACETE;36;36;GOLOSALVO;;02036A;0;0
7;CASTILLA LA MANCHA;2;ALBACETE;37;37;HELLIN;;02037A;0;0
7;CASTILLA LA MANCHA;2;ALBACETE;38;38;LA HERRERA;;02038A;0;0
7;CASTILLA LA MANCHA;2;ALBACETE;39;39;HIGUERUELA;;02039A;0;0
7;CASTILLA LA MANCHA;2;ALBACETE;40;40;HOYA-GONZALO;;02040A;0;0
7;CASTILLA LA MANCHA;2;ALBACETE;41;41;JORQUERA;;02041A;0;0
7;CASTILLA LA MANCHA;2;ALBACETE;42;42;LETUR;;02042A;0;0
7;CASTILLA LA MANCHA;2;ALBACETE;43;43;LEZUZA;;02043A;0;0
7;CASTILLA LA MANCHA;2;ALBACETE;44;44;LIETOR;;02044A;0;0
7;CASTILLA LA MANCHA;2;ALBACETE;45;45;MADRIGUERAS;;02045A;0;0
7;CASTILLA LA MANCHA;2;ALBACETE;46;46;MAHORA;;02046A;0;0
7;CASTILLA LA MANCHA;2;ALBACETE;47;47;MASEGOSO;;02047A;0;0
7;CASTILLA LA MANCHA;2;ALBACETE;48;48;MINAYA;;02048A;0;0
7;CASTILLA LA MANCHA;2;ALBACETE;49;49;MOLINICOS;;02049A;0;0
7;CASTILLA LA MANCHA;2;ALBACETE;50;50;MONTALVOS;;02050A;0;0
7;CASTILLA LA MANCHA;2;ALBACETE;51;51;MONTEALEGRE DEL CASTILLO;;02051A;0;0
7;CASTILLA LA MANCHA;2;ALBACETE;52;52;MOTILLEJA;;02052A;0;0
7;CASTILLA LA MANCHA;2;ALBACETE;53;53;MUNERA;;02053A;0;0
7;CASTILLA LA MANCHA;2;ALBACETE;54;54;NAVAS DE JORQUERA;;02054A;0;0
7;CASTILLA LA MANCHA;2;ALBACETE;55;55;NERPIO;;02055A;0;0
7;CASTILLA LA MANCHA;2;ALBACETE;56;56;ONTUR;;02056A;0;0
7;CASTILLA LA MANCHA;2;ALBACETE;57;57;OSSA DE MONTIEL;;02057A;0;0
7;CASTILLA LA MANCHA;2;ALBACETE;58;58;PATERNA DEL MADERA;;02058A;0;0
7;CASTILLA LA MANCHA;2;ALBACETE;59;59;PEÑASCOSA;;02059A;0;0
7;CASTILLA LA MANCHA;2;ALBACETE;60;60;PEÑAS DE SAN PEDRO;;02060A;0;0
7;CASTILLA LA MANCHA;2;ALBACETE;61;61;PETROLA;;02061A;0;0
7;CASTILLA LA MANCHA;2;ALBACETE;62;62;POVEDILLA;;02062A;0;0
7;CASTILLA LA MANCHA;2;ALBACETE;63;63;POZOHONDO;;02063A;0;0
7;CASTILLA LA MANCHA;2;ALBACETE;64;64;POZO-LORENTE;;02064A;0;0
7;CASTILLA LA MANCHA;2;ALBACETE;65;65;POZUELO;;02065A;0;0
7;CASTILLA LA MANCHA;2;ALBACETE;65;65;POZUELO;;02065B;0;1
7;CASTILLA LA MANCHA;2;ALBACETE;65;65;POZUELO;;02065C;0;2
7;CASTILLA LA MANCHA;2;ALBACETE;66;66;LA RECUEJA;;02066A;0;0
7;CASTILLA LA MANCHA;2;ALBACETE;67;67;RIOPAR;;02067A;0;0
7;CASTILLA LA MANCHA;2;ALBACETE;68;68;ROBLEDO;;02068A;0;0
7;CASTILLA LA MANCHA;2;ALBACETE;69;69;LA RODA;;02069A;0;0
7;CASTILLA LA MANCHA;2;ALBACETE;70;70;SALOBRE;;02070A;0;0
7;CASTILLA LA MANCHA;2;ALBACETE;71;71;SAN PEDRO;;02071A;0;0
7;CASTILLA LA MANCHA;2;ALBACETE;71;71;SAN PEDRO;;02071B;0;1
7;CASTILLA LA MANCHA;2;ALBACETE;72;72;SOCOVOS;;02072A;0;0
7;CASTILLA LA MANCHA;2;ALBACETE;73;73;TARAZONA DE LA MANCHA;;02073A;0;0
7;CASTILLA LA MANCHA;2;ALBACETE;74;74;TOBARRA;;02074A;0;0
7;CASTILLA LA MANCHA;2;ALBACETE;75;75;VALDEGANGA;;02075A;0;0
7;CASTILLA LA MANCHA;2;ALBACETE;75;75;VALDEGANGA;;02075B;0;1
7;CASTILLA LA MANCHA;2;ALBACETE;76;76;VIANOS;;02076A;0;0
7;CASTILLA LA MANCHA;2;ALBACETE;77;77;VILLA DE VES;;02077A;0;0
7;CASTILLA LA MANCHA;2;ALBACETE;78;78;VILLALGORDO DEL JUCAR;;02078A;0;0
7;CASTILLA LA MANCHA;2;ALBACETE;79;79;VILLAMALEA;;02079A;0;0
7;CASTILLA LA MANCHA;2;ALBACETE;80;80;VILLAPALACIOS;;02080A;0;0
7;CASTILLA LA MANCHA;2;ALBACETE;81;81;VILLARROBLEDO;;02081A;0;0
7;CASTILLA LA MANCHA;2;ALBACETE;82;82;VILLATOYA;;02082A;0;0
7;CASTILLA LA MANCHA;2;ALBACETE;83;83;VILLAVALIENTE;;02083A;0;0
7;CASTILLA LA MANCHA;2;ALBACETE;84;84;VILLAVERDE DE GUADALIMAR;;02084A;0;0
7;CASTILLA LA MANCHA;2;ALBACETE;85;85;VIVEROS;;02085A;0;0
7;CASTILLA LA MANCHA;2;ALBACETE;86;86;YESTE;;02086A;0;0
7;CASTILLA LA MANCHA;2;ALBACETE;901;87;POZO CAÑADA;;02087A;0;0
7;CASTILLA LA MANCHA;13;CIUDAD REAL;1;1;ABENOJAR;;13001A;0;0
7;CASTILLA LA MANCHA;13;CIUDAD REAL;2;2;AGUDO;;13002A;0;0
7;CASTILLA LA MANCHA;13;CIUDAD REAL;3;3;ALAMILLO;;13003A;0;0
7;CASTILLA LA MANCHA;13;CIUDAD REAL;4;4;ALBALADEJO;;13004A;0;0
7;CASTILLA LA MANCHA;13;CIUDAD REAL;5;5;ALCAZAR DE SAN JUAN;;13005A;0;0
7;CASTILLA LA MANCHA;13;CIUDAD REAL;6;6;ALCOBA;;13006A;0;0
7;CASTILLA LA MANCHA;13;CIUDAD REAL;6;6;ALCOBA;;13006B;0;1
7;CASTILLA LA MANCHA;13;CIUDAD REAL;7;7;ALCOLEA DE CALATRAVA;;13007A;0;0
7;CASTILLA LA MANCHA;13;CIUDAD REAL;8;8;ALCUBILLAS;;13008A;0;0
7;CASTILLA LA MANCHA;13;CIUDAD REAL;9;9;ALDEA DEL REY;;13009A;0;0
7;CASTILLA LA MANCHA;13;CIUDAD REAL;10;10;ALHAMBRA;;13010A;0;0
7;CASTILLA LA MANCHA;13;CIUDAD REAL;11;11;ALMADEN;;13011A;0;0
7;CASTILLA LA MANCHA;13;CIUDAD REAL;12;12;ALMADENEJOS;;13012A;0;0
7;CASTILLA LA MANCHA;13;CIUDAD REAL;13;13;ALMAGRO;;13013A;0;0
7;CASTILLA LA MANCHA;13;CIUDAD REAL;14;14;ALMEDINA;;13014A;0;0
7;CASTILLA LA MANCHA;13;CIUDAD REAL;15;15;ALMODOVAR DEL CAMPO;;13015A;0;0
7;CASTILLA LA MANCHA;13;CIUDAD REAL;16;16;ALMURADIEL;;13016A;0;0
7;CASTILLA LA MANCHA;13;CIUDAD REAL;17;17;ANCHURAS;;13017A;0;0
7;CASTILLA LA MANCHA;13;CIUDAD REAL;18;18;ARENAS DE SAN JUAN;;13018A;0;0
7;CASTILLA LA MANCHA;13;CIUDAD REAL;19;19;ARGAMASILLA DE ALBA;;13019A;0;0
7;CASTILLA LA MANCHA;13;CIUDAD REAL;20;20;ARGAMASILLA DE CALATRAVA;;13020A;0;0
7;CASTILLA LA MANCHA;13;CIUDAD REAL;21;21;ARROBA DE LOS MONTES;;13021A;0;0
7;CASTILLA LA MANCHA;13;CIUDAD REAL;22;22;BALLESTEROS DE CALATRAVA;;13022A;0;0
7;CASTILLA LA MANCHA;13;CIUDAD REAL;23;23;BOLAÑOS DE CALATRAVA;;13023A;0;0
7;CASTILLA LA MANCHA;13;CIUDAD REAL;24;24;BRAZATORTAS;;13024A;0;0
7;CASTILLA LA MANCHA;13;CIUDAD REAL;25;25;CABEZARADOS;;13025A;0;0
7;CASTILLA LA MANCHA;13;CIUDAD REAL;26;26;CABEZARRUBIAS DEL PUERTO;;13026A;0;0
7;CASTILLA LA MANCHA;13;CIUDAD REAL;27;27;CALZADA DE CALATRAVA;;13027A;0;0
7;CASTILLA LA MANCHA;13;CIUDAD REAL;28;28;CAMPO DE CRIPTANA;;13028A;0;0
7;CASTILLA LA MANCHA;13;CIUDAD REAL;29;29;CAÑADA DE CALATRAVA;;13029A;0;0
7;CASTILLA LA MANCHA;13;CIUDAD REAL;30;30;CARACUEL DE CALATRAVA;;13030A;0;0
7;CASTILLA LA MANCHA;13;CIUDAD REAL;31;31;CARRION DE CALATRAVA;;13031A;0;0
7;CASTILLA LA MANCHA;13;CIUDAD REAL;32;32;CARRIZOSA;;13032A;0;0
7;CASTILLA LA MANCHA;13;CIUDAD REAL;33;33;CASTELLAR DE SANTIAGO;;13033A;0;0
7;CASTILLA LA MANCHA;13;CIUDAD REAL;34;900;CIUDAD REAL;;13900A;0;0
7;CASTILLA LA MANCHA;13;CIUDAD REAL;34;900;CIUDAD REAL;;13900B;0;1
7;CASTILLA LA MANCHA;13;CIUDAD REAL;35;35;CORRAL DE CALATRAVA;;13035A;0;0
7;CASTILLA LA MANCHA;13;CIUDAD REAL;36;36;LOS CORTIJOS;;13036A;0;0
7;CASTILLA LA MANCHA;13;CIUDAD REAL;37;37;COZAR;;13037A;0;0
7;CASTILLA LA MANCHA;13;CIUDAD REAL;38;38;CHILLON;;13038A;0;0
7;CASTILLA LA MANCHA;13;CIUDAD REAL;39;39;DAIMIEL;;13039A;0;0
7;CASTILLA LA MANCHA;13;CIUDAD REAL;40;40;FERNAN CABALLERO;;13040A;0;0
7;CASTILLA LA MANCHA;13;CIUDAD REAL;41;41;FONTANAREJO;;13041A;0;0
7;CASTILLA LA MANCHA;13;CIUDAD REAL;41;41;FONTANAREJO;;13041B;0;1
7;CASTILLA LA MANCHA;13;CIUDAD REAL;42;42;FUENCALIENTE;;13042A;0;0
7;CASTILLA LA MANCHA;13;CIUDAD REAL;43;43;FUENLLANA;;13043A;0;0
7;CASTILLA LA MANCHA;13;CIUDAD REAL;44;44;FUENTE EL FRESNO;;13044A;0;0
7;CASTILLA LA MANCHA;13;CIUDAD REAL;45;45;GRANATULA DE CALATRAVA;;13045A;0;0
7;CASTILLA LA MANCHA;13;CIUDAD REAL;46;46;GUADALMEZ;;13046A;0;0
7;CASTILLA LA MANCHA;13;CIUDAD REAL;47;47;HERENCIA;;13047A;0;0
7;CASTILLA LA MANCHA;13;CIUDAD REAL;48;48;HINOJOSAS DE CALATRAVA;;13048A;0;0
7;CASTILLA LA MANCHA;13;CIUDAD REAL;49;49;HORCAJO DE LOS MONTES;;13049A;0;0
7;CASTILLA LA MANCHA;13;CIUDAD REAL;50;50;LAS LABORES;;13050A;0;0
7;CASTILLA LA MANCHA;13;CIUDAD REAL;51;51;LUCIANA;;13051A;0;0
7;CASTILLA LA MANCHA;13;CIUDAD REAL;52;52;MALAGON;;13052A;0;0
7;CASTILLA LA MANCHA;13;CIUDAD REAL;53;53;MANZANARES;;13053A;0;0
7;CASTILLA LA MANCHA;13;CIUDAD REAL;54;54;MEMBRILLA;;13054A;0;0
7;CASTILLA LA MANCHA;13;CIUDAD REAL;55;55;MESTANZA;;13055A;0;0
7;CASTILLA LA MANCHA;13;CIUDAD REAL;56;56;MIGUELTURRA;;13056A;0;0
7;CASTILLA LA MANCHA;13;CIUDAD REAL;57;57;MONTIEL;;13057A;0;0
7;CASTILLA LA MANCHA;13;CIUDAD REAL;58;58;MORAL DE CALATRAVA;;13058A;0;0
7;CASTILLA LA MANCHA;13;CIUDAD REAL;59;59;NAVALPINO;;13059A;0;0
7;CASTILLA LA MANCHA;13;CIUDAD REAL;59;59;NAVALPINO;;13059B;0;1
7;CASTILLA LA MANCHA;13;CIUDAD REAL;60;60;NAVAS DE ESTENA;;13060A;0;0
7;CASTILLA LA MANCHA;13;CIUDAD REAL;61;61;PEDRO MUÑOZ;;13061A;0;0
7;CASTILLA LA MANCHA;13;CIUDAD REAL;62;62;PICON;;13062A;0;0
7;CASTILLA LA MANCHA;13;CIUDAD REAL;63;63;PIEDRABUENA;;13063A;0;0
7;CASTILLA LA MANCHA;13;CIUDAD REAL;64;64;POBLETE;;13064A;0;0
7;CASTILLA LA MANCHA;13;CIUDAD REAL;65;65;PORZUNA;;13065A;0;0
7;CASTILLA LA MANCHA;13;CIUDAD REAL;65;65;PORZUNA;;13065B;0;1
7;CASTILLA LA MANCHA;13;CIUDAD REAL;65;65;PORZUNA;;13065C;0;2
7;CASTILLA LA MANCHA;13;CIUDAD REAL;65;65;PORZUNA;;13065D;0;3
7;CASTILLA LA MANCHA;13;CIUDAD REAL;65;65;PORZUNA;;13065E;0;4
7;CASTILLA LA MANCHA;13;CIUDAD REAL;65;65;PORZUNA;;13065F;0;5
7;CASTILLA LA MANCHA;13;CIUDAD REAL;66;66;POZUELO DE CALATRAVA;;13066A;0;0
7;CASTILLA LA MANCHA;13;CIUDAD REAL;67;67;LOS POZUELOS DE CVA;;13067A;0;0
7;CASTILLA LA MANCHA;13;CIUDAD REAL;68;68;PUEBLA DE DON RODRIGO;;13068A;0;0
7;CASTILLA LA MANCHA;13;CIUDAD REAL;68;68;PUEBLA DE DON RODRIGO;;13068B;0;1
7;CASTILLA LA MANCHA;13;CIUDAD REAL;69;69;PUEBLA DEL PRINCIPE;;13069A;0;0
7;CASTILLA LA MANCHA;13;CIUDAD REAL;70;70;PUERTO LAPICE;;13070A;0;0
7;CASTILLA LA MANCHA;13;CIUDAD REAL;71;71;PUERTOLLANO;;13071A;0;0
7;CASTILLA LA MANCHA;13;CIUDAD REAL;72;72;RETUERTA DEL BULLAQUE;;13072A;0;0
7;CASTILLA LA MANCHA;13;CIUDAD REAL;73;73;SACERUELA;;13073A;0;0
7;CASTILLA LA MANCHA;13;CIUDAD REAL;74;74;SAN CARLOS DEL VALLE;;13074A;0;0
7;CASTILLA LA MANCHA;13;CIUDAD REAL;75;75;SAN LORENZO DE CALATRAVA;;13075A;0;0
7;CASTILLA LA MANCHA;13;CIUDAD REAL;76;76;SANTA CRUZ DE LOS CAÑAMOS;;13076A;0;0
7;CASTILLA LA MANCHA;13;CIUDAD REAL;77;77;SANTA CRUZ DE MUDELA;;13077A;0;0
7;CASTILLA LA MANCHA;13;CIUDAD REAL;78;78;SOCUELLAMOS;;13078A;0;0
7;CASTILLA LA MANCHA;13;CIUDAD REAL;79;79;LA SOLANA;;13079A;0;0
7;CASTILLA LA MANCHA;13;CIUDAD REAL;80;80;SOLANA DEL PINO;;13080A;0;0
7;CASTILLA LA MANCHA;13;CIUDAD REAL;81;81;TERRINCHES;;13081A;0;0
7;CASTILLA LA MANCHA;13;CIUDAD REAL;82;82;TOMELLOSO;;13082A;0;0
7;CASTILLA LA MANCHA;13;CIUDAD REAL;83;83;TORRALBA DE CALATRAVA;;13083A;0;0
7;CASTILLA LA MANCHA;13;CIUDAD REAL;84;84;TORRE DE JUAN ABAD;;13084A;0;0
7;CASTILLA LA MANCHA;13;CIUDAD REAL;85;85;TORRENUEVA;;13085A;0;0
7;CASTILLA LA MANCHA;13;CIUDAD REAL;86;86;VALDEMANCO DEL ESTERA;;13086A;0;0
7;CASTILLA LA MANCHA;13;CIUDAD REAL;87;87;VALDEPEÑAS;;13087A;0;0
7;CASTILLA LA MANCHA;13;CIUDAD REAL;88;88;VALENZUELA DE CALATRAVA;;13088A;0;0
7;CASTILLA LA MANCHA;13;CIUDAD REAL;89;89;VILLAHERMOSA;;13089A;0;0
7;CASTILLA LA MANCHA;13;CIUDAD REAL;90;90;VILLAMANRIQUE;;13090A;0;0
7;CASTILLA LA MANCHA;13;CIUDAD REAL;91;91;VILLAMAYOR DE CALATRAVA;;13091A;0;0
7;CASTILLA LA MANCHA;13;CIUDAD REAL;92;92;VILLANUEVA DE LA FUENTE;;13092A;0;0
7;CASTILLA LA MANCHA;13;CIUDAD REAL;93;93;VILLANUEVA INFANTES;;13093A;0;0
7;CASTILLA LA MANCHA;13;CIUDAD REAL;94;94;VILLANUEVA DE SAN CARLOS;;13094A;0;0
7;CASTILLA LA MANCHA;13;CIUDAD REAL;95;95;VILLAR DEL POZO;;13095A;0;0
7;CASTILLA LA MANCHA;13;CIUDAD REAL;96;96;VILLARRUBIA DE LOS OJOS;;13096A;0;0
7;CASTILLA LA MANCHA;13;CIUDAD REAL;97;97;VILLARTA DE SAN JUAN;;13097A;0;0
7;CASTILLA LA MANCHA;13;CIUDAD REAL;98;98;VISO DEL MARQUES;;13098A;0;0
7;CASTILLA LA MANCHA;13;CIUDAD REAL;901;99;EL ROBLEDO;;13099A;0;0
7;CASTILLA LA MANCHA;13;CIUDAD REAL;901;99;EL ROBLEDO;;13099B;0;1
7;CASTILLA LA MANCHA;13;CIUDAD REAL;901;99;EL ROBLEDO;;13099C;0;2
7;CASTILLA LA MANCHA;13;CIUDAD REAL;901;99;EL ROBLEDO;;13099D;0;3
7;CASTILLA LA MANCHA;13;CIUDAD REAL;902;100;RUIDERA;;13100A;0;0
7;CASTILLA LA MANCHA;13;CIUDAD REAL;903;101;ARENALES DE SAN GREGORIO;;13101A;0;0
7;CASTILLA LA MANCHA;13;CIUDAD REAL;904;102;LLANOS DEL CAUDILLO;;13102A;0;0
7;CASTILLA LA MANCHA;16;CUENCA;1;1;ABIA DE LA OBISPALIA;;16001A;0;0
7;CASTILLA LA MANCHA;16;CUENCA;2;2;EL ACEBRON;;16002A;0;0
7;CASTILLA LA MANCHA;16;CUENCA;3;3;ALARCON;;16003A;0;0
7;CASTILLA LA MANCHA;16;CUENCA;4;4;ALBALADEJO DEL CUENDE;;16004A;0;0
7;CASTILLA LA MANCHA;16;CUENCA;5;5;ALBALATE DE LAS NOGUERAS;;16005A;0;0
7;CASTILLA LA MANCHA;16;CUENCA;6;6;ALBENDEA;;16006A;0;0
7;CASTILLA LA MANCHA;16;CUENCA;7;7;LA ALBERCA DE ZANCARA;;16007A;0;0
7;CASTILLA LA MANCHA;16;CUENCA;8;8;ALCALA DE LA VEGA;;16008A;0;0
7;CASTILLA LA MANCHA;16;CUENCA;8;8;ALCALA DE LA VEGA;EL CUBILLO;16008C;78;0
7;CASTILLA LA MANCHA;16;CUENCA;9;9;ALCANTUD;;16009A;0;0
7;CASTILLA LA MANCHA;16;CUENCA;10;10;ALCAZAR DEL REY;;16010A;0;0
7;CASTILLA LA MANCHA;16;CUENCA;11;11;ALCOHUJATE;;16011A;0;0
7;CASTILLA LA MANCHA;16;CUENCA;12;12;ALCONCHEL DE LA ESTRELLA;;16012A;0;0
7;CASTILLA LA MANCHA;16;CUENCA;13;13;ALGARRA;;16013A;0;0
7;CASTILLA LA MANCHA;16;CUENCA;14;14;ALIAGUILLA;;16014A;0;0
7;CASTILLA LA MANCHA;16;CUENCA;15;15;LA ALMARCHA;;16015A;0;0
7;CASTILLA LA MANCHA;16;CUENCA;16;16;ALMENDROS;;16016A;0;0
7;CASTILLA LA MANCHA;16;CUENCA;17;17;ALMODOVAR DEL PINAR;;16017A;0;0
7;CASTILLA LA MANCHA;16;CUENCA;18;18;ALMONACID DEL MARQUESADO;;16018A;0;0
7;CASTILLA LA MANCHA;16;CUENCA;19;19;ALTAREJOS;;16019A;0;0
7;CASTILLA LA MANCHA;16;CUENCA;19;19;ALTAREJOS;POVEDA DE LA OBISPALIA;16019B;173;0
7;CASTILLA LA MANCHA;16;CUENCA;20;20;ARANDILLA DEL ARROYO;;16020A;0;0
7;CASTILLA LA MANCHA;16;CUENCA;22;23;ARCOS DE LA SIERRA;;16023A;0;0
7;CASTILLA LA MANCHA;16;CUENCA;23;22;CHILLARON DE CUENCA;ARCOS DE LA CANTERA*;16022A;0;0
7;CASTILLA LA MANCHA;16;CUENCA;23;22;CHILLARON DE CUENCA;CHILLARON DE CUENCA;16022B;83;0
7;CASTILLA LA MANCHA;16;CUENCA;24;24;ARGUISUELAS;;16024A;0;0
7;CASTILLA LA MANCHA;16;CUENCA;25;25;ARRANCACEPAS;;16025A;0;0
7;CASTILLA LA MANCHA;16;CUENCA;26;26;ATALAYA DEL CAÑAVATE;;16026A;0;0
7;CASTILLA LA MANCHA;16;CUENCA;27;27;BARAJAS DE MELO;;16027A;0;0
7;CASTILLA LA MANCHA;16;CUENCA;29;29;BARCHIN DEL HOYO;;16029A;0;0
7;CASTILLA LA MANCHA;16;CUENCA;30;30;BASCUÑANA DE SAN PEDRO;;16030A;0;0
7;CASTILLA LA MANCHA;16;CUENCA;31;31;BEAMUD;;16031A;0;0
7;CASTILLA LA MANCHA;16;CUENCA;32;32;BELINCHON;;16032A;0;0
7;CASTILLA LA MANCHA;16;CUENCA;33;33;BELMONTE;;16033A;0;0
7;CASTILLA LA MANCHA;16;CUENCA;34;34;BELMONTEJO;;16034A;0;0
7;CASTILLA LA MANCHA;16;CUENCA;35;35;BETETA;;16035A;0;0
7;CASTILLA LA MANCHA;16;CUENCA;35;35;BETETA;EL TOBAR;16035B;216;0
7;CASTILLA LA MANCHA;16;CUENCA;35;35;BETETA;VALTABLADO DE BETETA;16035C;244;0
7;CASTILLA LA MANCHA;16;CUENCA;36;37;BONICHES;;16037A;0;0
7;CASTILLA LA MANCHA;16;CUENCA;38;39;BUCIEGAS;;16039A;0;0
7;CASTILLA LA MANCHA;16;CUENCA;39;40;BUENACHE DE ALARCON;;16040A;0;0
7;CASTILLA LA MANCHA;16;CUENCA;40;41;BUENACHE DE LA SIERRA;;16041A;0;0
7;CASTILLA LA MANCHA;16;CUENCA;41;42;BUENDIA;;16042A;0;0
7;CASTILLA LA MANCHA;16;CUENCA;42;43;CAMPILLO DE ALTOBUEY;;16043A;0;0
7;CASTILLA LA MANCHA;16;CUENCA;43;44;CAMPILLOS-PARAVIENTOS;;16044A;0;0
7;CASTILLA LA MANCHA;16;CUENCA;44;45;CAMPILLOS-SIERRA;;16045A;0;0
7;CASTILLA LA MANCHA;16;CUENCA;45;46;CANALEJAS DEL ARROYO;;16046A;0;0
7;CASTILLA LA MANCHA;16;CUENCA;46;47;CAÑADA DEL HOYO;;16047A;0;0
7;CASTILLA LA MANCHA;16;CUENCA;47;48;CAÑADAJUNCOSA;;16048A;0;0
7;CASTILLA LA MANCHA;16;CUENCA;48;49;CAÑAMARES;;16049A;0;0
7;CASTILLA LA MANCHA;16;CUENCA;49;50;EL CAÑAVATE;;16050A;0;0
7;CASTILLA LA MANCHA;16;CUENCA;50;51;CAÑAVERAS;;16051A;0;0
7;CASTILLA LA MANCHA;16;CUENCA;51;52;CAÑAVERUELAS;;16052A;0;0
7;CASTILLA LA MANCHA;16;CUENCA;52;53;CAÑETE;;16053A;0;0
7;CASTILLA LA MANCHA;16;CUENCA;53;54;CAÑIZARES;;16054A;0;0
7;CASTILLA LA MANCHA;16;CUENCA;55;56;CARBONERAS DEL GUADAZAON;;16056A;0;0
7;CASTILLA LA MANCHA;16;CUENCA;56;57;CARDENETE;;16057A;0;0
7;CASTILLA LA MANCHA;16;CUENCA;57;58;CARRASCOSA;;16058A;0;0
7;CASTILLA LA MANCHA;16;CUENCA;58;59;CARRASCOSA DE HARO;;16059A;0;0
7;CASTILLA LA MANCHA;16;CUENCA;60;61;CASAS DE BENITEZ;;16061A;0;0
7;CASTILLA LA MANCHA;16;CUENCA;61;62;CASAS DE FERNANDO ALONSO;;16062A;0;0
7;CASTILLA LA MANCHA;16;CUENCA;62;63;CASAS DE GARCIMOLINA;;16063A;0;0
7;CASTILLA LA MANCHA;16;CUENCA;63;64;CASAS DE GUIJARRO;;16064A;0;0
7;CASTILLA LA MANCHA;16;CUENCA;64;65;CASAS DE HARO;;16065A;0;0
7;CASTILLA LA MANCHA;16;CUENCA;65;66;CASAS DE LOS PINOS;;16066A;0;0
7;CASTILLA LA MANCHA;16;CUENCA;66;67;CASASIMARRO;;16067A;0;0
7;CASTILLA LA MANCHA;16;CUENCA;67;68;CASTEJON;;16068A;0;0
7;CASTILLA LA MANCHA;16;CUENCA;68;69;CASTILLEJO DE INIESTA;;16069A;0;0
7;CASTILLA LA MANCHA;16;CUENCA;70;71;CASTILLEJO-SIERRA;;16071A;0;0
7;CASTILLA LA MANCHA;16;CUENCA;71;72;CASTILLO-ALBARAÑEZ;;16072A;0;0
7;CASTILLA LA MANCHA;16;CUENCA;72;73;CASTILLO DE GARCIMUÑOZ;;16073A;0;0
7;CASTILLA LA MANCHA;16;CUENCA;73;74;CERVERA DEL LLANO;;16074A;0;0
7;CASTILLA LA MANCHA;16;CUENCA;74;75;LA CIERVA;;16075A;0;0
7;CASTILLA LA MANCHA;16;CUENCA;78;900;CUENCA;;16900A;0;0
7;CASTILLA LA MANCHA;16;CUENCA;78;900;CUENCA;CÓLLIGA;16900B;77;0
7;CASTILLA LA MANCHA;16;CUENCA;78;900;CUENCA;MELGOSA;16900C;131;0
7;CASTILLA LA MANCHA;16;CUENCA;78;900;CUENCA;MOHORTE;16900D;135;0
7;CASTILLA LA MANCHA;16;CUENCA;78;900;CUENCA;TONDOS;16900E;217;0
7;CASTILLA LA MANCHA;16;CUENCA;78;900;CUENCA;VALDECABRAS;16900F;229;0
7;CASTILLA LA MANCHA;16;CUENCA;78;900;CUENCA;VILLANUE DE LOS ESCUDEROS;16900G;262;0
7;CASTILLA LA MANCHA;16;CUENCA;79;80;CUEVA DEL HIERRO;;16080A;0;0
7;CASTILLA LA MANCHA;16;CUENCA;81;84;CHUMILLAS;;16084A;0;0
7;CASTILLA LA MANCHA;16;CUENCA;82;85;ENGUIDANOS;;16085A;0;0
7;CASTILLA LA MANCHA;16;CUENCA;83;86;FRESNEDA DE ALTAREJOS;;16086A;0;0
7;CASTILLA LA MANCHA;16;CUENCA;84;87;FRESNEDA DE LA SIERRA;;16087A;0;0
7;CASTILLA LA MANCHA;16;CUENCA;85;88;LA FRONTERA;;16088A;0;0
7;CASTILLA LA MANCHA;16;CUENCA;86;89;FUENTE DE PEDRO NAHARRO;;16089A;0;0
7;CASTILLA LA MANCHA;16;CUENCA;87;90;FUENTELESPINO DE HARO;;16090A;0;0
7;CASTILLA LA MANCHA;16;CUENCA;88;91;FUENTELESPINO DE MOYA;;16091A;0;0
7;CASTILLA LA MANCHA;16;CUENCA;89;92;FUENTES;;16092A;0;0
7;CASTILLA LA MANCHA;16;CUENCA;91;95;FUERTESCUSA;;16095A;0;0
7;CASTILLA LA MANCHA;16;CUENCA;92;96;GABALDON;;16096A;0;0
7;CASTILLA LA MANCHA;16;CUENCA;93;97;GARABALLA;;16097A;0;0
7;CASTILLA LA MANCHA;16;CUENCA;94;99;GASCUEÑA;;16099A;0;0
7;CASTILLA LA MANCHA;16;CUENCA;95;100;GRAJA DE CAMPALBO;;16100A;0;0
7;CASTILLA LA MANCHA;16;CUENCA;96;101;GRAJA DE INIESTA;;16101A;0;0
7;CASTILLA LA MANCHA;16;CUENCA;97;102;HENAREJOS;;16102A;0;0
7;CASTILLA LA MANCHA;16;CUENCA;98;103;EL HERRUMBLAR;;16103A;0;0
7;CASTILLA LA MANCHA;16;CUENCA;99;104;LA HINOJOSA;;16104A;0;0
7;CASTILLA LA MANCHA;16;CUENCA;100;105;LOS HINOJOSOS;;16105A;0;0
7;CASTILLA LA MANCHA;16;CUENCA;101;106;EL HITO;;16106A;0;0
7;CASTILLA LA MANCHA;16;CUENCA;102;107;HONRUBIA;;16107A;0;0
7;CASTILLA LA MANCHA;16;CUENCA;103;108;HONTANAYA;;16108A;0;0
7;CASTILLA LA MANCHA;16;CUENCA;104;109;HONTECILLAS;;16109A;0;0
7;CASTILLA LA MANCHA;16;CUENCA;106;111;HORCAJO DE SANTIAGO;;16111A;0;0
7;CASTILLA LA MANCHA;16;CUENCA;107;112;HUELAMO;;16112A;0;0
7;CASTILLA LA MANCHA;16;CUENCA;108;113;HUELVES;;16113A;0;0
7;CASTILLA LA MANCHA;16;CUENCA;109;114;HUERGUINA;;16114A;0;0
7;CASTILLA LA MANCHA;16;CUENCA;110;115;HUERTA DE LA OBISPALIA;;16115A;0;0
7;CASTILLA LA MANCHA;16;CUENCA;111;116;HUERTA DEL MARQUESADO;;16116A;0;0
7;CASTILLA LA MANCHA;16;CUENCA;112;117;HUETE;;16117A;0;0
7;CASTILLA LA MANCHA;16;CUENCA;112;117;HUETE;BONILLA;16117B;38;0
7;CASTILLA LA MANCHA;16;CUENCA;112;117;HUETE;CARACENILLA;16117C;55;0
7;CASTILLA LA MANCHA;16;CUENCA;112;117;HUETE;CASTILLEJO DEL ROMERAL;16117D;70;0
7;CASTILLA LA MANCHA;16;CUENCA;112;117;HUETE;MONCALVILLO DEL HUETE;16117E;136;0
7;CASTILLA LA MANCHA;16;CUENCA;112;117;HUETE;SACEDA DEL RÍO;16117F;192;0
7;CASTILLA LA MANCHA;16;CUENCA;112;117;HUETE;VALDEMORO DEL REY;16117G;235;0
7;CASTILLA LA MANCHA;16;CUENCA;112;117;HUETE;VERDELPINO DE HUETE;16117H;251;0
7;CASTILLA LA MANCHA;16;CUENCA;113;118;INIESTA;;16118A;0;0
7;CASTILLA LA MANCHA;16;CUENCA;115;121;LAGUNA DEL MARQUESADO;;16121A;0;0
7;CASTILLA LA MANCHA;16;CUENCA;116;122;LAGUNASECA;;16122A;0;0
7;CASTILLA LA MANCHA;16;CUENCA;117;123;LANDETE;;16123A;0;0
7;CASTILLA LA MANCHA;16;CUENCA;118;124;LEDAÑA;;16124A;0;0
7;CASTILLA LA MANCHA;16;CUENCA;119;125;LEGANIEL;;16125A;0;0
7;CASTILLA LA MANCHA;16;CUENCA;121;127;LAS MAJADAS;;16127A;0;0
7;CASTILLA LA MANCHA;16;CUENCA;122;128;MARIANA;;16128A;0;0
7;CASTILLA LA MANCHA;16;CUENCA;123;129;MASEGOSA;;16129A;0;0
7;CASTILLA LA MANCHA;16;CUENCA;124;132;LAS MESAS;;16132A;0;0
7;CASTILLA LA MANCHA;16;CUENCA;125;133;MINGLANILLA;;16133A;0;0
7;CASTILLA LA MANCHA;16;CUENCA;126;134;MIRA;;16134A;0;0
7;CASTILLA LA MANCHA;16;CUENCA;128;137;MONREAL DEL LLANO;;16137A;0;0
7;CASTILLA LA MANCHA;16;CUENCA;129;138;MONTALBANEJO;;16138A;0;0
7;CASTILLA LA MANCHA;16;CUENCA;130;139;MONTALBO;;16139A;0;0
7;CASTILLA LA MANCHA;16;CUENCA;131;140;MONTEAGUDO DE LAS SALINAS;;16140A;0;0
7;CASTILLA LA MANCHA;16;CUENCA;132;141;MOTA DE ALTAREJOS;;16141A;0;0
7;CASTILLA LA MANCHA;16;CUENCA;133;142;MOTA DEL CUERVO;;16142A;0;0
7;CASTILLA LA MANCHA;16;CUENCA;134;143;MOTILLA DEL PALANCAR;;16143A;0;0
7;CASTILLA LA MANCHA;16;CUENCA;135;144;MOYA;;16144A;0;0
7;CASTILLA LA MANCHA;16;CUENCA;137;146;NARBONETA;;16146A;0;0
7;CASTILLA LA MANCHA;16;CUENCA;139;148;OLIVARES DE JUCAR;;16148A;0;0
7;CASTILLA LA MANCHA;16;CUENCA;140;149;OLMEDA DE LA CUESTA;;16149A;0;0
7;CASTILLA LA MANCHA;16;CUENCA;141;150;OLMEDA DEL REY;;16150A;0;0
7;CASTILLA LA MANCHA;16;CUENCA;142;151;OLMEDILLA DE ALARCON;;16151A;0;0
7;CASTILLA LA MANCHA;16;CUENCA;143;152;OLMEDILLA DE ELIZ;;16152A;0;0
7;CASTILLA LA MANCHA;16;CUENCA;145;154;OSA DE LA VEGA;;16154A;0;0
7;CASTILLA LA MANCHA;16;CUENCA;146;155;PAJARON;;16155A;0;0
7;CASTILLA LA MANCHA;16;CUENCA;147;156;PAJARONCILLO;;16156A;0;0
7;CASTILLA LA MANCHA;16;CUENCA;148;157;PALOMARES DEL CAMPO;;16157A;0;0
7;CASTILLA LA MANCHA;16;CUENCA;149;158;PALOMERA;;16158A;0;0
7;CASTILLA LA MANCHA;16;CUENCA;150;159;PARACUELLOS;;16159A;0;0
7;CASTILLA LA MANCHA;16;CUENCA;151;160;PAREDES;;16160A;0;0
7;CASTILLA LA MANCHA;16;CUENCA;152;161;LA PARRA DE LAS VEGAS;;16161A;0;0
7;CASTILLA LA MANCHA;16;CUENCA;153;162;EL PEDERNOSO;;16162A;0;0
7;CASTILLA LA MANCHA;16;CUENCA;154;163;LAS PEDROÑERAS;;16163A;0;0
7;CASTILLA LA MANCHA;16;CUENCA;155;164;EL PERAL;;16164A;0;0
7;CASTILLA LA MANCHA;16;CUENCA;156;165;LA PERALEJA;;16165A;0;0
7;CASTILLA LA MANCHA;16;CUENCA;157;166;LA PESQUERA;;16166A;0;0
7;CASTILLA LA MANCHA;16;CUENCA;158;167;EL PICAZO;;16167A;0;0
7;CASTILLA LA MANCHA;16;CUENCA;159;168;PINAREJO;;16168A;0;0
7;CASTILLA LA MANCHA;16;CUENCA;160;169;PINEDA DE GIGUELA;;16169A;0;0
7;CASTILLA LA MANCHA;16;CUENCA;161;170;PIQUERAS DEL CASTILLO;;16170A;0;0
7;CASTILLA LA MANCHA;16;CUENCA;162;171;PORTALRUBIO DE GUADAMEJUD;;16171A;0;0
7;CASTILLA LA MANCHA;16;CUENCA;163;172;PORTILLA;;16172A;0;0
7;CASTILLA LA MANCHA;16;CUENCA;165;174;POYATOS;;16174A;0;0
7;CASTILLA LA MANCHA;16;CUENCA;166;175;POZOAMARGO;;16175A;0;0
7;CASTILLA LA MANCHA;16;CUENCA;167;176;POZORRUBIO DE SANTIAGO;;16176A;0;0
7;CASTILLA LA MANCHA;16;CUENCA;169;178;EL POZUELO;;16178A;0;0
7;CASTILLA LA MANCHA;16;CUENCA;170;179;PRIEGO;;16179A;0;0
7;CASTILLA LA MANCHA;16;CUENCA;171;180;EL PROVENCIO;;16180A;0;0
7;CASTILLA LA MANCHA;16;CUENCA;172;181;PUEBLA DE ALMENARA;;16181A;0;0
7;CASTILLA LA MANCHA;16;CUENCA;173;98;EL VALLE DE ALTOMIRA;PUEBLA DE DON FRANCISCO*;16098A;0;0
7;CASTILLA LA MANCHA;16;CUENCA;173;98;EL VALLE DE ALTOMIRA;JABALERA;16098B;120;0
7;CASTILLA LA MANCHA;16;CUENCA;173;98;EL VALLE DE ALTOMIRA;MAZARULLEQUE;16098C;130;0
7;CASTILLA LA MANCHA;16;CUENCA;174;182;PUEBLA DEL SALVADOR;;16182A;0;0
7;CASTILLA LA MANCHA;16;CUENCA;175;183;QUINTANAR DEL REY;;16183A;0;0
7;CASTILLA LA MANCHA;16;CUENCA;176;184;RADA DE HARO;;16184A;0;0
7;CASTILLA LA MANCHA;16;CUENCA;177;185;REILLO;;16185A;0;0
7;CASTILLA LA MANCHA;16;CUENCA;181;189;ROZALEN DEL MONTE;;16189A;0;0
7;CASTILLA LA MANCHA;16;CUENCA;185;193;SACEDA-TRASIERRA;;16193A;0;0
7;CASTILLA LA MANCHA;16;CUENCA;186;195;SAELICES;;16195A;0;0
7;CASTILLA LA MANCHA;16;CUENCA;187;196;SALINAS DEL MANZANO;;16196A;0;0
7;CASTILLA LA MANCHA;16;CUENCA;188;197;SALMERONCILLOS;;16197A;0;0
7;CASTILLA LA MANCHA;16;CUENCA;189;198;SALVACAÑETE;;16198A;0;0
7;CASTILLA LA MANCHA;16;CUENCA;190;199;SAN CLEMENTE;;16199A;0;0
7;CASTILLA LA MANCHA;16;CUENCA;191;200;SAN LORENZO DE LA PARRILLA;;16200A;0;0
7;CASTILLA LA MANCHA;16;CUENCA;192;201;SAN MARTIN DE BONICHES;;16201A;0;0
7;CASTILLA LA MANCHA;16;CUENCA;193;202;SAN PEDRO PALMICHES;;16202A;0;0
7;CASTILLA LA MANCHA;16;CUENCA;194;203;SANTA CRUZ DE MOYA;;16203A;0;0
7;CASTILLA LA MANCHA;16;CUENCA;195;204;SANTA MARIA DEL CAMPO RUS;;16204A;0;0
7;CASTILLA LA MANCHA;16;CUENCA;196;205;SANTA MARIA DE LOS LLANOS;;16205A;0;0
7;CASTILLA LA MANCHA;16;CUENCA;197;206;SANTA MARIA DEL VAL;;16206A;0;0
7;CASTILLA LA MANCHA;16;CUENCA;198;207;SISANTE;;16207A;0;0
7;CASTILLA LA MANCHA;16;CUENCA;199;208;SOLERA DE GABALDON;;16208A;0;0
7;CASTILLA LA MANCHA;16;CUENCA;202;211;TALAYUELAS;;16211A;0;0
7;CASTILLA LA MANCHA;16;CUENCA;203;212;TARANCON;;16212A;0;0
7;CASTILLA LA MANCHA;16;CUENCA;204;213;TEBAR;;16213A;0;0
7;CASTILLA LA MANCHA;16;CUENCA;205;214;TEJADILLOS;;16214A;0;0
7;CASTILLA LA MANCHA;16;CUENCA;206;215;TINAJAS;;16215A;0;0
7;CASTILLA LA MANCHA;16;CUENCA;209;218;TORRALBA;;16218A;0;0
7;CASTILLA LA MANCHA;16;CUENCA;211;220;TORREJONCILLO DEL REY;;16220A;0;0
7;CASTILLA LA MANCHA;16;CUENCA;211;220;TORREJONCILLO DEL REY;HORCAJADA DE LA TORRE;16220B;110;0
7;CASTILLA LA MANCHA;16;CUENCA;211;220;TORREJONCILLO DEL REY;NAHARROS;16220C;145;0
7;CASTILLA LA MANCHA;16;CUENCA;211;220;TORREJONCILLO DEL REY;VILLAR DEL ÁGUILA;16220D;266;0
7;CASTILLA LA MANCHA;16;CUENCA;211;220;TORREJONCILLO DEL REY;VILLAR DEL HORNO;16220E;267;0
7;CASTILLA LA MANCHA;16;CUENCA;211;220;TORREJONCILLO DEL REY;VILLAREJO SOBREHUERTA;16220F;279;0
7;CASTILLA LA MANCHA;16;CUENCA;212;221;TORRUBIA DEL CAMPO;;16221A;0;0
7;CASTILLA LA MANCHA;16;CUENCA;213;222;TORRUBIA DEL CASTILLO;;16222A;0;0
7;CASTILLA LA MANCHA;16;CUENCA;215;224;TRAGACETE;;16224A;0;0
7;CASTILLA LA MANCHA;16;CUENCA;216;225;TRESJUNCOS;;16225A;0;0
7;CASTILLA LA MANCHA;16;CUENCA;217;226;TRIBALDOS;;16226A;0;0
7;CASTILLA LA MANCHA;16;CUENCA;218;227;UCLES;;16227A;0;0
7;CASTILLA LA MANCHA;16;CUENCA;219;228;UÑA;;16228A;0;0
7;CASTILLA LA MANCHA;16;CUENCA;224;233;VALDEMECA;;16233A;0;0
7;CASTILLA LA MANCHA;16;CUENCA;225;234;VALDEMORILLO DE LA SIERRA;;16234A;0;0
7;CASTILLA LA MANCHA;16;CUENCA;227;236;VALDEMORO-SIERRA;;16236A;0;0
7;CASTILLA LA MANCHA;16;CUENCA;228;237;VALDEOLIVAS;;16237A;0;0
7;CASTILLA LA MANCHA;16;CUENCA;231;240;VALHERMOSO DE LA FUENTE;;16240A;0;0
7;CASTILLA LA MANCHA;16;CUENCA;234;243;VALSALOBRE;;16243A;0;0
7;CASTILLA LA MANCHA;16;CUENCA;236;245;VALVERDE DE JUCAR;;16245A;0;0
7;CASTILLA LA MANCHA;16;CUENCA;237;246;VALVERDEJO;;16246A;0;0
7;CASTILLA LA MANCHA;16;CUENCA;238;247;VARA DE REY;;16247A;0;0
7;CASTILLA LA MANCHA;16;CUENCA;239;248;VEGA DEL CODORNO;;16248A;0;0
7;CASTILLA LA MANCHA;16;CUENCA;240;249;VELLISCA;;16249A;0;0
7;CASTILLA LA MANCHA;16;CUENCA;242;252;VILLACONEJOS DE TRABAQUE;;16252A;0;0
7;CASTILLA LA MANCHA;16;CUENCA;243;253;VILLAESCUSA DE HARO;;16253A;0;0
7;CASTILLA LA MANCHA;16;CUENCA;244;254;VILLAGARCIA DEL LLANO;;16254A;0;0
7;CASTILLA LA MANCHA;16;CUENCA;245;255;VILLALBA DE LA SIERRA;;16255A;0;0
7;CASTILLA LA MANCHA;16;CUENCA;246;256;VILLALBA DEL REY;;16256A;0;0
7;CASTILLA LA MANCHA;16;CUENCA;247;257;VILLALGORDO DEL MARQUESADO;;16257A;0;0
7;CASTILLA LA MANCHA;16;CUENCA;248;258;VILLALPARDO;;16258A;0;0
7;CASTILLA LA MANCHA;16;CUENCA;249;259;VILLAMAYOR DE SANTIAGO;;16259A;0;0
7;CASTILLA LA MANCHA;16;CUENCA;250;260;VILLANUEVA DE GUADAMEJUD;;16260A;0;0
7;CASTILLA LA MANCHA;16;CUENCA;251;261;VILLANUEVA DE LA JARA;;16261A;0;0
7;CASTILLA LA MANCHA;16;CUENCA;253;263;VILLAR DE CAÑAS;;16263A;0;0
7;CASTILLA LA MANCHA;16;CUENCA;254;264;VILLAR DE DOMINGO GARCIA;;16264A;0;0
7;CASTILLA LA MANCHA;16;CUENCA;254;264;VILLAR DE DOMINGO GARCIA;SACEDONCILLO;16264B;194;0
7;CASTILLA LA MANCHA;16;CUENCA;255;265;VILLAR DE LA ENCINA;;16265A;0;0
7;CASTILLA LA MANCHA;16;CUENCA;258;268;VILLAR DEL HUMO;;16268A;0;0
7;CASTILLA LA MANCHA;16;CUENCA;259;269;VILLAR DEL INFANTADO;;16269A;0;0
7;CASTILLA LA MANCHA;16;CUENCA;263;273;VILLAR DE OLALLA;;16273A;0;0
7;CASTILLA LA MANCHA;16;CUENCA;263;273;VILLAR DE OLALLA;BARBALIMPIA;16273B;28;0
7;CASTILLA LA MANCHA;16;CUENCA;263;273;VILLAR DE OLALLA;VILLAREJO SECO;16273C;278;0
7;CASTILLA LA MANCHA;16;CUENCA;264;274;VILLAREJO DE FUENTES;;16274A;0;0
7;CASTILLA LA MANCHA;16;CUENCA;265;275;VILLAREJO DE LA PEÑUELA;;16275A;0;0
7;CASTILLA LA MANCHA;16;CUENCA;266;277;VILLAREJO-PERIESTEBAN;;16277A;0;0
7;CASTILLA LA MANCHA;16;CUENCA;269;280;VILLARES DEL SAZ;;16280A;0;0
7;CASTILLA LA MANCHA;16;CUENCA;270;281;VILLARRUBIO;;16281A;0;0
7;CASTILLA LA MANCHA;16;CUENCA;271;282;VILLARTA;;16282A;0;0
7;CASTILLA LA MANCHA;16;CUENCA;272;276;VILLAS DE LA VENTOSA;VILLAREJO DEL ESPARTAL*;16276A;0;0
7;CASTILLA LA MANCHA;16;CUENCA;272;276;VILLAS DE LA VENTOSA;BÓLLIGA;16276B;36;0
7;CASTILLA LA MANCHA;16;CUENCA;272;276;VILLAS DE LA VENTOSA;CULEBRAS;16276C;82;0
7;CASTILLA LA MANCHA;16;CUENCA;272;276;VILLAS DE LA VENTOSA;FUENTESBUENAS;16276D;93;0
7;CASTILLA LA MANCHA;16;CUENCA;272;276;VILLAS DE LA VENTOSA;LA VENTOSA;16276E;250;0
7;CASTILLA LA MANCHA;16;CUENCA;273;283;VILLAVERDE Y PASACONSOL;;16283A;0;0
7;CASTILLA LA MANCHA;16;CUENCA;274;284;VILLORA;;16284A;0;0
7;CASTILLA LA MANCHA;16;CUENCA;275;285;VINDEL;;16285A;0;0
7;CASTILLA LA MANCHA;16;CUENCA;276;286;YEMEDA;;16286A;0;0
7;CASTILLA LA MANCHA;16;CUENCA;277;287;ZAFRA DE ZANCARA;;16287A;0;0
7;CASTILLA LA MANCHA;16;CUENCA;278;288;ZAFRILLA;;16288A;0;0
7;CASTILLA LA MANCHA;16;CUENCA;279;289;ZARZA DE TAJO;;16289A;0;0
7;CASTILLA LA MANCHA;16;CUENCA;280;290;ZARZUELA;;16290A;0;0
7;CASTILLA LA MANCHA;16;CUENCA;901;60;CAMPOS DEL PARAISO;CARRASCOSA DEL CAMPO*;16060A;0;0
7;CASTILLA LA MANCHA;16;CUENCA;901;60;CAMPOS DEL PARAISO;LORANCA DEL CAMPO;16060B;126;0
7;CASTILLA LA MANCHA;16;CUENCA;901;60;CAMPOS DEL PARAISO;OLMEDILLA DEL CAMPO;16060C;153;0
7;CASTILLA LA MANCHA;16;CUENCA;901;60;CAMPOS DEL PARAISO;VALPARAISO DE ABAJO;16060D;241;0
7;CASTILLA LA MANCHA;16;CUENCA;901;60;CAMPOS DEL PARAISO;VALPARAISO DE ARRIBA;16060E;242;0
7;CASTILLA LA MANCHA;16;CUENCA;902;232;VALDETORTOLA;VALDEGANGA DE CUENCA*;16232A;0;0
7;CASTILLA LA MANCHA;16;CUENCA;902;232;VALDETORTOLA;TORTOLA;16232B;223;0
7;CASTILLA LA MANCHA;16;CUENCA;903;238;LAS VALERAS;VALERA DE ABAJO*;16238A;0;0
7;CASTILLA LA MANCHA;16;CUENCA;903;238;LAS VALERAS;VALERA DE ARRIBA;16238B;239;0
7;CASTILLA LA MANCHA;16;CUENCA;904;119;FUENTENAVA DE JABAGA;;16119A;0;0
7;CASTILLA LA MANCHA;16;CUENCA;904;119;FUENTENAVA DE JABAGA;FUENTESCLARAS DEL CHILLARON;16119B;94;0
7;CASTILLA LA MANCHA;16;CUENCA;904;119;FUENTENAVA DE JABAGA;NAVALON;16119C;147;0
7;CASTILLA LA MANCHA;16;CUENCA;904;119;FUENTENAVA DE JABAGA;SOTOCA;16119D;209;0
7;CASTILLA LA MANCHA;16;CUENCA;904;119;FUENTENAVA DE JABAGA;VILLAR DEL SAZ DE NAVALON;16119E;272;0
7;CASTILLA LA MANCHA;16;CUENCA;905;21;ARCAS;ARCAS DEL VILLAR*;16021A;0;0
7;CASTILLA LA MANCHA;16;CUENCA;905;21;ARCAS;VILLAR DE SAZ DE ARCAS;16021B;271;0
7;CASTILLA LA MANCHA;16;CUENCA;906;230;LOS VALDECOLMENAS;;16230A;0;0
7;CASTILLA LA MANCHA;16;CUENCA;906;230;LOS VALDECOLMENAS;VALDECOLMENAS DE ARRIBA;16230B;231;0
7;CASTILLA LA MANCHA;16;CUENCA;908;177;POZORRUBIELOS DE LA MANCHA;;16177A;0;0
7;CASTILLA LA MANCHA;16;CUENCA;908;177;POZORRUBIELOS DE LA MANCHA;RUBIELOS ALTOS;16177B;190;0
7;CASTILLA LA MANCHA;16;CUENCA;908;177;POZORRUBIELOS DE LA MANCHA;RUBIELOS BAJOS;16177C;191;0
7;CASTILLA LA MANCHA;16;CUENCA;909;210;SOTORRIBAS;SOTOS*;16210A;0;0
7;CASTILLA LA MANCHA;16;CUENCA;909;210;SOTORRIBAS;COLLADOS;16210B;76;0
7;CASTILLA LA MANCHA;16;CUENCA;909;210;SOTORRIBAS;RIBAGORDA;16210C;186;0
7;CASTILLA LA MANCHA;16;CUENCA;909;210;SOTORRIBAS;RIBATAJADA;16210D;187;0
7;CASTILLA LA MANCHA;16;CUENCA;909;210;SOTORRIBAS;RIBATAJADILLA;16210E;188;0
7;CASTILLA LA MANCHA;16;CUENCA;909;210;SOTORRIBAS;TORRECILLA;16210F;219;0
7;CASTILLA LA MANCHA;16;CUENCA;910;270;VILLAR Y VELASCO;;16270A;0;0
7;CASTILLA LA MANCHA;16;CUENCA;910;270;VILLAR Y VELASCO;CUEVAS DE VELASCO;16270B;81;0
7;CASTILLA LA MANCHA;19;GUADALAJARA;1;1;ABANADES;;19001A;0;0
7;CASTILLA LA MANCHA;19;GUADALAJARA;2;2;ABLANQUE;;19002A;0;0
7;CASTILLA LA MANCHA;19;GUADALAJARA;3;3;ADOBES;;19003A;0;0
7;CASTILLA LA MANCHA;19;GUADALAJARA;4;5;ALAMINOS;;19005A;0;0
7;CASTILLA LA MANCHA;19;GUADALAJARA;5;6;ALARILLA;;19006A;0;0
7;CASTILLA LA MANCHA;19;GUADALAJARA;6;7;ALBALATE DE ZORITA;;19007A;0;0
7;CASTILLA LA MANCHA;19;GUADALAJARA;7;8;ALBARES;;19008A;0;0
7;CASTILLA LA MANCHA;19;GUADALAJARA;8;9;ALBENDIEGO;;19009A;0;0
7;CASTILLA LA MANCHA;19;GUADALAJARA;9;11;ALCOCER;;19011A;0;0
7;CASTILLA LA MANCHA;19;GUADALAJARA;10;12;ALCOLEA DE LAS PEÑAS;;19012A;0;0
7;CASTILLA LA MANCHA;19;GUADALAJARA;11;13;ALCOLEA DEL PINAR;;19013A;0;0
7;CASTILLA LA MANCHA;19;GUADALAJARA;11;13;ALCOLEA DEL PINAR;CORTES DE TAJUÑA;19013B;119;0
7;CASTILLA LA MANCHA;19;GUADALAJARA;11;13;ALCOLEA DEL PINAR;GARBAJOSA;19013C;151;0
7;CASTILLA LA MANCHA;19;GUADALAJARA;11;13;ALCOLEA DEL PINAR;TORTONDA;19013D;347;0
7;CASTILLA LA MANCHA;19;GUADALAJARA;11;13;ALCOLEA DEL PINAR;VILLAVERDE DEL DUCADO;19013E;392;0
7;CASTILLA LA MANCHA;19;GUADALAJARA;13;15;ALCOROCHES;;19015A;0;0
7;CASTILLA LA MANCHA;19;GUADALAJARA;15;18;ALDEANUEVA DE GUADALAJARA;;19018A;0;0
7;CASTILLA LA MANCHA;19;GUADALAJARA;16;20;ALGAR DE MESA;;19020A;0;0
7;CASTILLA LA MANCHA;19;GUADALAJARA;17;21;ALGORA;;19021A;0;0
7;CASTILLA LA MANCHA;19;GUADALAJARA;18;22;ALHONDIGA;;19022A;0;0
7;CASTILLA LA MANCHA;19;GUADALAJARA;19;23;ALIQUE;;19023A;0;0
7;CASTILLA LA MANCHA;19;GUADALAJARA;20;24;ALMADRONES;;19024A;0;0
7;CASTILLA LA MANCHA;19;GUADALAJARA;21;26;ALMOGUERA;;19026A;0;0
7;CASTILLA LA MANCHA;19;GUADALAJARA;22;27;ALMONACID DE ZORITA;;19027A;0;0
7;CASTILLA LA MANCHA;19;GUADALAJARA;23;28;ALOCEN;;19028A;0;0
7;CASTILLA LA MANCHA;19;GUADALAJARA;24;29;ALOVERA;;19029A;0;0
7;CASTILLA LA MANCHA;19;GUADALAJARA;27;32;ALUSTANTE;;19032A;0;0
7;CASTILLA LA MANCHA;19;GUADALAJARA;27;32;ALUSTANTE;MOTOS;19032B;229;0
7;CASTILLA LA MANCHA;19;GUADALAJARA;31;36;ANGON;;19036A;0;0
7;CASTILLA LA MANCHA;19;GUADALAJARA;32;37;ANGUITA;;19037A;0;0
7;CASTILLA LA MANCHA;19;GUADALAJARA;32;37;ANGUITA;AGUILAR DE ANGUITA;19037B;4;0
7;CASTILLA LA MANCHA;19;GUADALAJARA;32;37;ANGUITA;PADILLA DEL DUCADO;19037C;245;0
7;CASTILLA LA MANCHA;19;GUADALAJARA;32;37;ANGUITA;SANTA MARÍA DEL ESPINO;19037D;302;0
7;CASTILLA LA MANCHA;19;GUADALAJARA;32;37;ANGUITA;VILLAREJO DE MEDINA;19037E;388;0
7;CASTILLA LA MANCHA;19;GUADALAJARA;33;38;ANQUELA DEL DUCADO;;19038A;0;0
7;CASTILLA LA MANCHA;19;GUADALAJARA;34;39;ANQUELA DEL PEDREGAL;;19039A;0;0
7;CASTILLA LA MANCHA;19;GUADALAJARA;36;41;ARANZUEQUE;;19041A;0;0
7;CASTILLA LA MANCHA;19;GUADALAJARA;37;42;ARBANCON;;19042A;0;0
7;CASTILLA LA MANCHA;19;GUADALAJARA;38;43;ARBETETA;;19043A;0;0
7;CASTILLA LA MANCHA;19;GUADALAJARA;39;45;ARGECILLA;;19045A;0;0
7;CASTILLA LA MANCHA;19;GUADALAJARA;40;46;ARMALLONES;;19046A;0;0
7;CASTILLA LA MANCHA;19;GUADALAJARA;41;47;ARMUÑA DE TAJUÑA;;19047A;0;0
7;CASTILLA LA MANCHA;19;GUADALAJARA;42;48;ARROYO DE LAS FRAGUAS;;19048A;0;0
7;CASTILLA LA MANCHA;19;GUADALAJARA;43;50;ATANZON;;19050A;0;0
7;CASTILLA LA MANCHA;19;GUADALAJARA;44;51;ATIENZA;;19051A;0;0
7;CASTILLA LA MANCHA;19;GUADALAJARA;44;51;ATIENZA;ALPEDROCHES;19051B;31;0
7;CASTILLA LA MANCHA;19;GUADALAJARA;44;51;ATIENZA;MADRIGAL;19051C;195;0
7;CASTILLA LA MANCHA;19;GUADALAJARA;45;52;AUÑON;;19052A;0;0
7;CASTILLA LA MANCHA;19;GUADALAJARA;46;54;AZUQUECA DE HENARES;;19054A;0;0
7;CASTILLA LA MANCHA;19;GUADALAJARA;47;55;BAIDES;;19055A;0;0
7;CASTILLA LA MANCHA;19;GUADALAJARA;48;58;BAÑOS DE TAJO;;19058A;0;0
7;CASTILLA LA MANCHA;19;GUADALAJARA;49;59;BAÑUELOS;;19059A;0;0
7;CASTILLA LA MANCHA;19;GUADALAJARA;50;60;BARRIOPEDRO;;19060A;0;0
7;CASTILLA LA MANCHA;19;GUADALAJARA;51;62;BERNINCHES;;19062A;0;0
7;CASTILLA LA MANCHA;19;GUADALAJARA;52;64;LA BODERA;;19064A;0;0
7;CASTILLA LA MANCHA;19;GUADALAJARA;53;65;BRIHUEGA;;19065A;0;0
7;CASTILLA LA MANCHA;19;GUADALAJARA;53;65;BRIHUEGA;ARCHILLA;19065B;44;0
7;CASTILLA LA MANCHA;19;GUADALAJARA;53;65;BRIHUEGA;BALCONETE;19065C;57;0
7;CASTILLA LA MANCHA;19;GUADALAJARA;53;65;BRIHUEGA;CASTILMIMBRE;19065D;93;0
7;CASTILLA LA MANCHA;19;GUADALAJARA;53;65;BRIHUEGA;FUENTES DE LA ALCARRIA;19065E;147;0
7;CASTILLA LA MANCHA;19;GUADALAJARA;53;65;BRIHUEGA;HONTANARES;19065F;166;0
7;CASTILLA LA MANCHA;19;GUADALAJARA;53;65;BRIHUEGA;OLMEDA DEL EXTREMO;19065G;239;0
7;CASTILLA LA MANCHA;19;GUADALAJARA;53;65;BRIHUEGA;PAJARES;19065H;246;0
7;CASTILLA LA MANCHA;19;GUADALAJARA;53;65;BRIHUEGA;ROMANCOS;19065J;291;0
7;CASTILLA LA MANCHA;19;GUADALAJARA;53;65;BRIHUEGA;TOMELLOSA;19065K;326;0
7;CASTILLA LA MANCHA;19;GUADALAJARA;53;65;BRIHUEGA;VALDELSAZ;19065L;371;0
7;CASTILLA LA MANCHA;19;GUADALAJARA;53;65;BRIHUEGA;VILLAVICIOSA DE TAJUÑA;19065M;393;0
7;CASTILLA LA MANCHA;19;GUADALAJARA;53;65;BRIHUEGA;YELA;19065N;398;0
7;CASTILLA LA MANCHA;19;GUADALAJARA;54;66;BUDIA;;19066A;0;0
7;CASTILLA LA MANCHA;19;GUADALAJARA;54;66;BUDIA;VALDELAGUA;19066B;364;0
7;CASTILLA LA MANCHA;19;GUADALAJARA;55;67;BUJALARO;;19067A;0;0
7;CASTILLA LA MANCHA;19;GUADALAJARA;57;69;BUSTARES;;19069A;0;0
7;CASTILLA LA MANCHA;19;GUADALAJARA;58;70;CABANILLAS DEL CAMPO;;19070A;0;0
7;CASTILLA LA MANCHA;19;GUADALAJARA;59;72;CAMPILLO DE DUEÑAS;;19072A;0;0
7;CASTILLA LA MANCHA;19;GUADALAJARA;60;73;CAMPILLO DE RANAS;;19073A;0;0
7;CASTILLA LA MANCHA;19;GUADALAJARA;60;73;CAMPILLO DE RANAS;LA VEREDA;19073B;379;0
7;CASTILLA LA MANCHA;19;GUADALAJARA;61;74;CAMPISABALOS;;19074A;0;0
7;CASTILLA LA MANCHA;19;GUADALAJARA;64;77;CANREDONDO;;19077A;0;0
7;CASTILLA LA MANCHA;19;GUADALAJARA;65;78;CANTALOJAS;;19078A;0;0
7;CASTILLA LA MANCHA;19;GUADALAJARA;65;78;CANTALOJAS;VILLACADIMA;19078B;382;0
7;CASTILLA LA MANCHA;19;GUADALAJARA;66;79;CAÑIZAR;;19079A;0;0
7;CASTILLA LA MANCHA;19;GUADALAJARA;67;81;EL CARDOSO DE LA SIERRA;;19081A;0;0
7;CASTILLA LA MANCHA;19;GUADALAJARA;67;81;EL CARDOSO DE LA SIERRA;BOCIGANO;19081B;63;0
7;CASTILLA LA MANCHA;19;GUADALAJARA;67;81;EL CARDOSO DE LA SIERRA;COLMENAR DE LA SIERRA;19081C;111;0
7;CASTILLA LA MANCHA;19;GUADALAJARA;67;81;EL CARDOSO DE LA SIERRA;PEÑALBA DE LA SIERRA;19081D;256;0
7;CASTILLA LA MANCHA;19;GUADALAJARA;70;84;CASA DE UCEDA;;19084A;0;0
7;CASTILLA LA MANCHA;19;GUADALAJARA;71;85;EL CASAR;;19085A;0;0
7;CASTILLA LA MANCHA;19;GUADALAJARA;71;85;EL CASAR;MESONES;19085B;211;0
7;CASTILLA LA MANCHA;19;GUADALAJARA;73;87;CASAS DE SAN GALINDO;;19087A;0;0
7;CASTILLA LA MANCHA;19;GUADALAJARA;74;88;CASPUEÑAS;;19088A;0;0
7;CASTILLA LA MANCHA;19;GUADALAJARA;75;89;CASTEJON DE HENARES;;19089A;0;0
7;CASTILLA LA MANCHA;19;GUADALAJARA;76;90;CASTELLAR DE LA MUELA;;19090A;0;0
7;CASTILLA LA MANCHA;19;GUADALAJARA;78;92;CASTILFORTE;;19092A;0;0
7;CASTILLA LA MANCHA;19;GUADALAJARA;79;94;CASTILNUEVO;;19094A;0;0
7;CASTILLA LA MANCHA;19;GUADALAJARA;80;95;CENDEJAS DE ENMEDIO;;19095A;0;0
7;CASTILLA LA MANCHA;19;GUADALAJARA;81;96;CENDEJAS DE LA TORRE;;19096A;0;0
7;CASTILLA LA MANCHA;19;GUADALAJARA;82;97;CENTENERA;;19097A;0;0
7;CASTILLA LA MANCHA;19;GUADALAJARA;86;101;CIFUENTES;;19101A;0;0
7;CASTILLA LA MANCHA;19;GUADALAJARA;86;101;CIFUENTES;CARRASCOSA DE TAJO;19101B;83;0
7;CASTILLA LA MANCHA;19;GUADALAJARA;86;101;CIFUENTES;GARGOLES DE ABAJO;19101C;152;0
7;CASTILLA LA MANCHA;19;GUADALAJARA;86;101;CIFUENTES;GARGOLES DE ARRIBA;19101D;153;0
7;CASTILLA LA MANCHA;19;GUADALAJARA;86;101;CIFUENTES;GUALDA;19101E;156;0
7;CASTILLA LA MANCHA;19;GUADALAJARA;86;101;CIFUENTES;HUETOS;19101F;176;0
7;CASTILLA LA MANCHA;19;GUADALAJARA;86;101;CIFUENTES;OTER;19101G;243;0
7;CASTILLA LA MANCHA;19;GUADALAJARA;86;101;CIFUENTES;RUGUILLA;19101H;295;0
7;CASTILLA LA MANCHA;19;GUADALAJARA;86;101;CIFUENTES;SOTOCA DE TAJO;19101J;314;0
7;CASTILLA LA MANCHA;19;GUADALAJARA;86;101;CIFUENTES;VAL DE SAN GARCÍA;19101K;370;0
7;CASTILLA LA MANCHA;19;GUADALAJARA;87;103;CINCOVILLAS;;19103A;0;0
7;CASTILLA LA MANCHA;19;GUADALAJARA;88;104;CIRUELAS;;19104A;0;0
7;CASTILLA LA MANCHA;19;GUADALAJARA;89;105;CIRUELOS DEL PINAR;;19105A;0;0
7;CASTILLA LA MANCHA;19;GUADALAJARA;90;107;COBETA;;19107A;0;0
7;CASTILLA LA MANCHA;19;GUADALAJARA;91;109;COGOLLOR;;19109A;0;0
7;CASTILLA LA MANCHA;19;GUADALAJARA;92;110;COGOLLUDO;;19110A;0;0
7;CASTILLA LA MANCHA;19;GUADALAJARA;92;110;COGOLLUDO;ALEAS;19110B;19;0
7;CASTILLA LA MANCHA;19;GUADALAJARA;92;110;COGOLLUDO;BELEÑA DE SORBE;19110C;61;0
7;CASTILLA LA MANCHA;19;GUADALAJARA;92;110;COGOLLUDO;TORREBELEÑA;19110D;332;0
7;CASTILLA LA MANCHA;19;GUADALAJARA;92;110;COGOLLUDO;VEGUILLAS;19110E;378;0
7;CASTILLA LA MANCHA;19;GUADALAJARA;95;113;CONDEMIOS DE ABAJO;;19113A;0;0
7;CASTILLA LA MANCHA;19;GUADALAJARA;96;114;CONDEMIOS DE ARRIBA;;19114A;0;0
7;CASTILLA LA MANCHA;19;GUADALAJARA;96;114;CONDEMIOS DE ARRIBA;ALDEANUE DE ATIENZA;19114B;17;0
7;CASTILLA LA MANCHA;19;GUADALAJARA;97;115;CONGOSTRINA;;19115A;0;0
7;CASTILLA LA MANCHA;19;GUADALAJARA;98;116;COPERNAL;;19116A;0;0
7;CASTILLA LA MANCHA;19;GUADALAJARA;99;118;CORDUENTE;;19118A;0;0
7;CASTILLA LA MANCHA;19;GUADALAJARA;99;118;CORDUENTE;ARAGONCILLO;19118B;40;0
7;CASTILLA LA MANCHA;19;GUADALAJARA;99;118;CORDUENTE;CANALES DE MOLINA;19118C;76;0
7;CASTILLA LA MANCHA;19;GUADALAJARA;99;118;CORDUENTE;CUEVAS LABRADAS;19118D;123;0
7;CASTILLA LA MANCHA;19;GUADALAJARA;99;118;CORDUENTE;LEBRANCON;19118E;189;0
7;CASTILLA LA MANCHA;19;GUADALAJARA;99;118;CORDUENTE;TERRAZA;19118F;322;0
7;CASTILLA LA MANCHA;19;GUADALAJARA;99;118;CORDUENTE;TORETE;19118G;330;0
7;CASTILLA LA MANCHA;19;GUADALAJARA;102;122;EL CUBILLO DE UCEDA;;19122A;0;0
7;CASTILLA LA MANCHA;19;GUADALAJARA;103;124;CHECA;;19124A;0;0
7;CASTILLA LA MANCHA;19;GUADALAJARA;104;125;CHEQUILLA;;19125A;0;0
7;CASTILLA LA MANCHA;19;GUADALAJARA;105;126;CHILOECHES;;19126A;0;0
7;CASTILLA LA MANCHA;19;GUADALAJARA;106;127;CHILLARON DEL REY;;19127A;0;0
7;CASTILLA LA MANCHA;19;GUADALAJARA;107;128;DRIEBES;;19128A;0;0
7;CASTILLA LA MANCHA;19;GUADALAJARA;108;129;DURON;;19129A;0;0
7;CASTILLA LA MANCHA;19;GUADALAJARA;109;130;EMBID;;19130A;0;0
7;CASTILLA LA MANCHA;19;GUADALAJARA;110;131;ESCAMILLA;;19131A;0;0
7;CASTILLA LA MANCHA;19;GUADALAJARA;110;131;ESCAMILLA;TORRONTERAS;19131B;344;0
7;CASTILLA LA MANCHA;19;GUADALAJARA;111;132;ESCARICHE;;19132A;0;0
7;CASTILLA LA MANCHA;19;GUADALAJARA;112;133;ESCOPETE;;19133A;0;0
7;CASTILLA LA MANCHA;19;GUADALAJARA;113;134;ESPINOSA DE HENARES;;19134A;0;0
7;CASTILLA LA MANCHA;19;GUADALAJARA;113;134;ESPINOSA DE HENARES;CARRASCOSA DE HENARES;19134B;82;0
7;CASTILLA LA MANCHA;19;GUADALAJARA;114;135;ESPLEGARES;;19135A;0;0
7;CASTILLA LA MANCHA;19;GUADALAJARA;115;136;ESTABLES;;19136A;0;0
7;CASTILLA LA MANCHA;19;GUADALAJARA;115;136;ESTABLES;ANCHUELA DEL CAMPO;19136B;34;0
7;CASTILLA LA MANCHA;19;GUADALAJARA;116;137;ESTRIEGANA;;19137A;0;0
7;CASTILLA LA MANCHA;19;GUADALAJARA;117;138;FONTANAR;;19138A;0;0
7;CASTILLA LA MANCHA;19;GUADALAJARA;118;139;FUEMBELLIDA;;19139A;0;0
7;CASTILLA LA MANCHA;19;GUADALAJARA;119;140;FUENCEMILLAN;;19140A;0;0
7;CASTILLA LA MANCHA;19;GUADALAJARA;120;142;FUENTELAHIGUERA DE ALBATAGES;;19142A;0;0
7;CASTILLA LA MANCHA;19;GUADALAJARA;121;143;FUENTELENCINA;;19143A;0;0
7;CASTILLA LA MANCHA;19;GUADALAJARA;122;144;FUENTELSAZ;;19144A;0;0
7;CASTILLA LA MANCHA;19;GUADALAJARA;123;145;FUENTELVIEJO;;19145A;0;0
7;CASTILLA LA MANCHA;19;GUADALAJARA;124;146;FUENTENOVILLA;;19146A;0;0
7;CASTILLA LA MANCHA;19;GUADALAJARA;125;148;GAJANEJOS;;19148A;0;0
7;CASTILLA LA MANCHA;19;GUADALAJARA;126;149;GALAPAGOS;;19149A;0;0
7;CASTILLA LA MANCHA;19;GUADALAJARA;127;150;GALVE DE SORBE;;19150A;0;0
7;CASTILLA LA MANCHA;19;GUADALAJARA;129;154;GASCUEÑA DE BORNOVA;;19154A;0;0
7;CASTILLA LA MANCHA;19;GUADALAJARA;130;900;GUADALAJARA;;19900A;0;0
7;CASTILLA LA MANCHA;19;GUADALAJARA;130;900;GUADALAJARA;IRIEPAL;19900B;183;0
7;CASTILLA LA MANCHA;19;GUADALAJARA;130;900;GUADALAJARA;TARACENA;19900C;317;0
7;CASTILLA LA MANCHA;19;GUADALAJARA;130;900;GUADALAJARA;USANOS;19900D;356;0
7;CASTILLA LA MANCHA;19;GUADALAJARA;130;900;GUADALAJARA;VALDENOCHES;19900E;366;0
7;CASTILLA LA MANCHA;19;GUADALAJARA;132;158;HENCHE;;19158A;0;0
7;CASTILLA LA MANCHA;19;GUADALAJARA;133;159;HERAS DE AYUSO;;19159A;0;0
7;CASTILLA LA MANCHA;19;GUADALAJARA;134;160;HERRERIA;;19160A;0;0
7;CASTILLA LA MANCHA;19;GUADALAJARA;135;161;HIENDELAENCINA;;19161A;0;0
7;CASTILLA LA MANCHA;19;GUADALAJARA;136;162;HIJES;;19162A;0;0
7;CASTILLA LA MANCHA;19;GUADALAJARA;138;164;HITA;;19164A;0;0
7;CASTILLA LA MANCHA;19;GUADALAJARA;138;164;HITA;PADILLA DE HITA;19164B;244;0
7;CASTILLA LA MANCHA;19;GUADALAJARA;139;165;HOMBRADOS;;19165A;0;0
7;CASTILLA LA MANCHA;19;GUADALAJARA;142;168;HONTOBA;;19168A;0;0
7;CASTILLA LA MANCHA;19;GUADALAJARA;143;169;HORCHE;;19169A;0;0
7;CASTILLA LA MANCHA;19;GUADALAJARA;145;171;LA HORTEZUELA DE OCEN;;19171A;0;0
7;CASTILLA LA MANCHA;19;GUADALAJARA;146;172;LA HUERCE;;19172A;0;0
7;CASTILLA LA MANCHA;19;GUADALAJARA;147;173;HUERMECES DEL CERRO;;19173A;0;0
7;CASTILLA LA MANCHA;19;GUADALAJARA;148;174;HUERTAHERNANDO;;19174A;0;0
7;CASTILLA LA MANCHA;19;GUADALAJARA;150;177;HUEVA;;19177A;0;0
7;CASTILLA LA MANCHA;19;GUADALAJARA;151;178;HUMANES DE MOHERNANDO;HUMANES*;19178A;0;0
7;CASTILLA LA MANCHA;19;GUADALAJARA;151;178;HUMANES DE MOHERNANDO;CEREZO DE MOHERNANDO;19178B;100;0
7;CASTILLA LA MANCHA;19;GUADALAJARA;152;179;ILLANA;;19179A;0;0
7;CASTILLA LA MANCHA;19;GUADALAJARA;153;181;INIESTOLA;;19181A;0;0
7;CASTILLA LA MANCHA;19;GUADALAJARA;154;182;INVIERNAS LAS;;19182A;0;0
7;CASTILLA LA MANCHA;19;GUADALAJARA;155;184;IRUESTE;;19184A;0;0
7;CASTILLA LA MANCHA;19;GUADALAJARA;156;185;JADRAQUE;;19185A;0;0
7;CASTILLA LA MANCHA;19;GUADALAJARA;156;185;JADRAQUE;CASTILBLANCO DE HENARES;19185B;91;0
7;CASTILLA LA MANCHA;19;GUADALAJARA;157;186;JIRUEQUE;;19186A;0;0
7;CASTILLA LA MANCHA;19;GUADALAJARA;159;190;LEDANCA;;19190A;0;0
7;CASTILLA LA MANCHA;19;GUADALAJARA;159;190;LEDANCA;VALFERMOSO DE LAS MONJAS;19190B;373;0
7;CASTILLA LA MANCHA;19;GUADALAJARA;160;191;LORANCA DE TAJUÑA;;19191A;0;0
7;CASTILLA LA MANCHA;19;GUADALAJARA;161;192;LUPIANA;;19192A;0;0
7;CASTILLA LA MANCHA;19;GUADALAJARA;162;193;LUZAGA;;19193A;0;0
7;CASTILLA LA MANCHA;19;GUADALAJARA;163;194;LUZON;;19194A;0;0
7;CASTILLA LA MANCHA;19;GUADALAJARA;165;196;MAJAELRAYO;;19196A;0;0
7;CASTILLA LA MANCHA;19;GUADALAJARA;166;197;MALAGA DEL FRESNO;;19197A;0;0
7;CASTILLA LA MANCHA;19;GUADALAJARA;167;198;MALAGUILLA;;19198A;0;0
7;CASTILLA LA MANCHA;19;GUADALAJARA;168;199;MANDAYONA;;19199A;0;0
7;CASTILLA LA MANCHA;19;GUADALAJARA;169;200;MANTIEL;;19200A;0;0
7;CASTILLA LA MANCHA;19;GUADALAJARA;170;201;MARANCHON;;19201A;0;0
7;CASTILLA LA MANCHA;19;GUADALAJARA;170;201;MARANCHON;BALBACIL;19201B;56;0
7;CASTILLA LA MANCHA;19;GUADALAJARA;170;201;MARANCHON;CLARES;19201C;106;0
7;CASTILLA LA MANCHA;19;GUADALAJARA;170;201;MARANCHON;CODES;19201D;108;0
7;CASTILLA LA MANCHA;19;GUADALAJARA;170;201;MARANCHON;TURMIEL;19201E;353;0
7;CASTILLA LA MANCHA;19;GUADALAJARA;171;202;MARCHAMALO;;19202A;0;0
7;CASTILLA LA MANCHA;19;GUADALAJARA;172;203;MASEGOSO DE TAJUÑA;;19203A;0;0
7;CASTILLA LA MANCHA;19;GUADALAJARA;173;204;MATARRUBIA;;19204A;0;0
7;CASTILLA LA MANCHA;19;GUADALAJARA;174;205;MATILLAS;;19205A;0;0
7;CASTILLA LA MANCHA;19;GUADALAJARA;175;206;MAZARETE;;19206A;0;0
7;CASTILLA LA MANCHA;19;GUADALAJARA;176;207;MAZUECOS;;19207A;0;0
7;CASTILLA LA MANCHA;19;GUADALAJARA;177;208;MEDRANDA;;19208A;0;0
7;CASTILLA LA MANCHA;19;GUADALAJARA;178;209;MEGINA;;19209A;0;0
7;CASTILLA LA MANCHA;19;GUADALAJARA;179;210;MEMBRILLERA;;19210A;0;0
7;CASTILLA LA MANCHA;19;GUADALAJARA;181;212;MIEDES DE ATIENZA;;19212A;0;0
7;CASTILLA LA MANCHA;19;GUADALAJARA;182;213;LA MIERLA;;19213A;0;0
7;CASTILLA LA MANCHA;19;GUADALAJARA;183;214;MILMARCOS;;19214A;0;0
7;CASTILLA LA MANCHA;19;GUADALAJARA;184;215;MILLANA;;19215A;0;0
7;CASTILLA LA MANCHA;19;GUADALAJARA;185;216;LA MIÑOSA;;19216A;0;0
7;CASTILLA LA MANCHA;19;GUADALAJARA;186;217;MIRABUENO;;19217A;0;0
7;CASTILLA LA MANCHA;19;GUADALAJARA;187;218;MIRALRIO;;19218A;0;0
7;CASTILLA LA MANCHA;19;GUADALAJARA;188;219;MOCHALES;;19219A;0;0
7;CASTILLA LA MANCHA;19;GUADALAJARA;189;220;MOHERNANDO;;19220A;0;0
7;CASTILLA LA MANCHA;19;GUADALAJARA;190;221;MOLINA DE ARAGON;;19221A;0;0
7;CASTILLA LA MANCHA;19;GUADALAJARA;190;221;MOLINA DE ARAGON;ANCHUELA DEL PEDREGAL;19221B;35;0
7;CASTILLA LA MANCHA;19;GUADALAJARA;190;221;MOLINA DE ARAGON;CUBILLEJO DE LA SIERRA;19221C;120;0
7;CASTILLA LA MANCHA;19;GUADALAJARA;190;221;MOLINA DE ARAGON;CUBILLEJO DEL SITIO;19221D;121;0
7;CASTILLA LA MANCHA;19;GUADALAJARA;191;222;MONASTERIO;;19222A;0;0
7;CASTILLA LA MANCHA;19;GUADALAJARA;192;223;MONDEJAR;;19223A;0;0
7;CASTILLA LA MANCHA;19;GUADALAJARA;193;224;MONTARRON;;19224A;0;0
7;CASTILLA LA MANCHA;19;GUADALAJARA;194;226;MORATILLA DE LOS MELEROS;;19226A;0;0
7;CASTILLA LA MANCHA;19;GUADALAJARA;195;227;MORENILLA;;19227A;0;0
7;CASTILLA LA MANCHA;19;GUADALAJARA;196;230;MUDUEX;;19230A;0;0
7;CASTILLA LA MANCHA;19;GUADALAJARA;197;233;NAVAS DE JADRAQUE;;19233A;0;0
7;CASTILLA LA MANCHA;19;GUADALAJARA;198;234;NEGREDO;;19234A;0;0
7;CASTILLA LA MANCHA;19;GUADALAJARA;199;235;OCENTEJO;;19235A;0;0
7;CASTILLA LA MANCHA;19;GUADALAJARA;200;236;EL OLIVAR;;19236A;0;0
7;CASTILLA LA MANCHA;19;GUADALAJARA;201;237;OLMEDA DE COBETA;;19237A;0;0
7;CASTILLA LA MANCHA;19;GUADALAJARA;202;238;LA OLMEDA DE JADRAQUE;;19238A;0;0
7;CASTILLA LA MANCHA;19;GUADALAJARA;203;241;EL ORDIAL;;19241A;0;0
7;CASTILLA LA MANCHA;19;GUADALAJARA;204;242;OREA;;19242A;0;0
7;CASTILLA LA MANCHA;19;GUADALAJARA;208;249;PALMACES DE JADRAQUE;;19249A;0;0
7;CASTILLA LA MANCHA;19;GUADALAJARA;209;250;PARDOS;;19250A;0;0
7;CASTILLA LA MANCHA;19;GUADALAJARA;210;251;PAREDES DE SIGUENZA;;19251A;0;0
7;CASTILLA LA MANCHA;19;GUADALAJARA;211;252;PAREJA;;19252A;0;0
7;CASTILLA LA MANCHA;19;GUADALAJARA;211;252;PAREJA;CASASANA;19252B;86;0
7;CASTILLA LA MANCHA;19;GUADALAJARA;211;252;PAREJA;CERECEDA;19252C;99;0
7;CASTILLA LA MANCHA;19;GUADALAJARA;211;252;PAREJA;HONTANILLAS;19252D;167;0
7;CASTILLA LA MANCHA;19;GUADALAJARA;212;253;PASTRANA;;19253A;0;0
7;CASTILLA LA MANCHA;19;GUADALAJARA;213;254;EL PEDREGAL;;19254A;0;0
7;CASTILLA LA MANCHA;19;GUADALAJARA;214;257;PEÑALEN;;19257A;0;0
7;CASTILLA LA MANCHA;19;GUADALAJARA;215;258;PEÑALVER;;19258A;0;0
7;CASTILLA LA MANCHA;19;GUADALAJARA;216;259;PERALEJOS DE LAS TRUCHAS;;19259A;0;0
7;CASTILLA LA MANCHA;19;GUADALAJARA;217;260;PERALVECHE;;19260A;0;0
7;CASTILLA LA MANCHA;19;GUADALAJARA;217;260;PERALVECHE;VILLAESCUSA DE PALOSITOS;19260B;383;0
7;CASTILLA LA MANCHA;19;GUADALAJARA;218;261;PINILLA DE JADRAQUE;;19261A;0;0
7;CASTILLA LA MANCHA;19;GUADALAJARA;219;262;PINILLA DE MOLINA;;19262A;0;0
7;CASTILLA LA MANCHA;19;GUADALAJARA;220;263;PIOZ;;19263A;0;0
7;CASTILLA LA MANCHA;19;GUADALAJARA;221;264;PIQUERAS;;19264A;0;0
7;CASTILLA LA MANCHA;19;GUADALAJARA;222;265;EL POBO DE DUEÑAS;;19265A;0;0
7;CASTILLA LA MANCHA;19;GUADALAJARA;223;266;POVEDA DE LA SIERRA;;19266A;0;0
7;CASTILLA LA MANCHA;19;GUADALAJARA;224;269;POZO DE ALMOGUERA;;19269A;0;0
7;CASTILLA LA MANCHA;19;GUADALAJARA;225;270;POZO DE GUADALAJARA;;19270A;0;0
7;CASTILLA LA MANCHA;19;GUADALAJARA;226;271;PRADENA DE ATIENZA;;19271A;0;0
7;CASTILLA LA MANCHA;19;GUADALAJARA;227;272;PRADOS REDONDOS;;19272A;0;0
7;CASTILLA LA MANCHA;19;GUADALAJARA;228;273;PUEBLA DE BELEÑA;;19273A;0;0
7;CASTILLA LA MANCHA;19;GUADALAJARA;229;274;PUEBLA DE VALLES;;19274A;0;0
7;CASTILLA LA MANCHA;19;GUADALAJARA;230;276;QUER;;19276A;0;0
7;CASTILLA LA MANCHA;19;GUADALAJARA;231;278;REBOLLOSA DE JADRAQUE;;19278A;0;0
7;CASTILLA LA MANCHA;19;GUADALAJARA;232;279;EL RECUENCO;;19279A;0;0
7;CASTILLA LA MANCHA;19;GUADALAJARA;233;281;RENERA;;19281A;0;0
7;CASTILLA LA MANCHA;19;GUADALAJARA;234;282;RETIENDAS;;19282A;0;0
7;CASTILLA LA MANCHA;19;GUADALAJARA;235;283;RIBA DE SAELICES;;19283A;0;0
7;CASTILLA LA MANCHA;19;GUADALAJARA;235;283;RIBA DE SAELICES;RIBARREDONDA;19283B;285;0
7;CASTILLA LA MANCHA;19;GUADALAJARA;237;286;RILLO DE GALLO;;19286A;0;0
7;CASTILLA LA MANCHA;19;GUADALAJARA;238;287;RIOFRIO DEL LLANO;;19287A;0;0
7;CASTILLA LA MANCHA;19;GUADALAJARA;239;289;ROBLEDILLO DE MOHERNANDO;;19289A;0;0
7;CASTILLA LA MANCHA;19;GUADALAJARA;240;290;ROBLEDO DE CORPES;;19290A;0;0
7;CASTILLA LA MANCHA;19;GUADALAJARA;241;292;ROMANILLOS DE ATIENZA;;19292A;0;0
7;CASTILLA LA MANCHA;19;GUADALAJARA;242;293;ROMANONES;;19293A;0;0
7;CASTILLA LA MANCHA;19;GUADALAJARA;243;294;RUEDA DE LA SIERRA;;19294A;0;0
7;CASTILLA LA MANCHA;19;GUADALAJARA;243;294;RUEDA DE LA SIERRA;CILLAS;19294B;102;0
7;CASTILLA LA MANCHA;19;GUADALAJARA;244;296;SACECORBO;;19296A;0;0
7;CASTILLA LA MANCHA;19;GUADALAJARA;244;296;SACECORBO;CANALES DEL DUCADO;19296B;75;0
7;CASTILLA LA MANCHA;19;GUADALAJARA;245;297;SACEDON;;19297A;0;0
7;CASTILLA LA MANCHA;19;GUADALAJARA;245;297;SACEDON;CORCOLES;19297B;117;0
7;CASTILLA LA MANCHA;19;GUADALAJARA;245;297;SACEDON;POYOS;19297C;267;0
7;CASTILLA LA MANCHA;19;GUADALAJARA;246;298;SAELICES DE LA SAL;;19298A;0;0
7;CASTILLA LA MANCHA;19;GUADALAJARA;247;299;SALMERON;;19299A;0;0
7;CASTILLA LA MANCHA;19;GUADALAJARA;248;300;SAN ANDRES DEL CONGOSTO;;19300A;0;0
7;CASTILLA LA MANCHA;19;GUADALAJARA;249;301;SAN ANDRES DEL REY;;19301A;0;0
7;CASTILLA LA MANCHA;19;GUADALAJARA;250;303;SANTIUSTE;;19303A;0;0
7;CASTILLA LA MANCHA;19;GUADALAJARA;251;304;SAUCA;;19304A;0;0
7;CASTILLA LA MANCHA;19;GUADALAJARA;252;305;SAYATON;;19305A;0;0
7;CASTILLA LA MANCHA;19;GUADALAJARA;254;306;SELAS;;19306A;0;0
7;CASTILLA LA MANCHA;19;GUADALAJARA;255;308;SETILES;;19308A;0;0
7;CASTILLA LA MANCHA;19;GUADALAJARA;256;309;SIENES;;19309A;0;0
7;CASTILLA LA MANCHA;19;GUADALAJARA;256;309;SIENES;TORRECILLA DEL DUCADO;19309B;333;0
7;CASTILLA LA MANCHA;19;GUADALAJARA;257;310;SIGUENZA;;19310A;0;0
7;CASTILLA LA MANCHA;19;GUADALAJARA;257;310;SIGUENZA;ALBORECA;19310B;10;0
7;CASTILLA LA MANCHA;19;GUADALAJARA;257;310;SIGUENZA;ALCUNEZA;19310C;16;0
7;CASTILLA LA MANCHA;19;GUADALAJARA;257;310;SIGUENZA;EL ATANCE;19310D;49;0
7;CASTILLA LA MANCHA;19;GUADALAJARA;257;310;SIGUENZA;BUJARRABAL;19310E;68;0
7;CASTILLA LA MANCHA;19;GUADALAJARA;257;310;SIGUENZA;CARABIAS;19310F;80;0
7;CASTILLA LA MANCHA;19;GUADALAJARA;257;310;SIGUENZA;CERCADILLO;19310G;98;0
7;CASTILLA LA MANCHA;19;GUADALAJARA;257;310;SIGUENZA;GUIJOSA;19310H;157;0
7;CASTILLA LA MANCHA;19;GUADALAJARA;257;310;SIGUENZA;HORNA;19310J;170;0
7;CASTILLA LA MANCHA;19;GUADALAJARA;257;310;SIGUENZA;IMON;19310K;180;0
7;CASTILLA LA MANCHA;19;GUADALAJARA;257;310;SIGUENZA;MORATILLA DE HENARES;19310L;225;0
7;CASTILLA LA MANCHA;19;GUADALAJARA;257;310;SIGUENZA;OLMEDILLAS;19310M;240;0
7;CASTILLA LA MANCHA;19;GUADALAJARA;257;310;SIGUENZA;PALAZUELOS;19310N;248;0
7;CASTILLA LA MANCHA;19;GUADALAJARA;257;310;SIGUENZA;PELEGRINA;19310P;255;0
7;CASTILLA LA MANCHA;19;GUADALAJARA;257;310;SIGUENZA;POZANCOS;19310Q;268;0
7;CASTILLA LA MANCHA;19;GUADALAJARA;257;310;SIGUENZA;RIBA DE SANTIUSTE;19310R;284;0
7;CASTILLA LA MANCHA;19;GUADALAJARA;257;310;SIGUENZA;RIOTOVI DEL VALLE;19310S;288;0
7;CASTILLA LA MANCHA;19;GUADALAJARA;258;311;SOLANILLOS DEL EXTREMO;;19311A;0;0
7;CASTILLA LA MANCHA;19;GUADALAJARA;259;312;SOMOLINOS;;19312A;0;0
7;CASTILLA LA MANCHA;19;GUADALAJARA;260;313;EL SOTILLO;;19313A;0;0
7;CASTILLA LA MANCHA;19;GUADALAJARA;261;315;SOTODOSOS;;19315A;0;0
7;CASTILLA LA MANCHA;19;GUADALAJARA;262;316;TAMAJON;;19316A;0;0
7;CASTILLA LA MANCHA;19;GUADALAJARA;262;316;TAMAJON;ALMIRUETE;19316B;25;0
7;CASTILLA LA MANCHA;19;GUADALAJARA;262;316;TAMAJON;MURIEL;19316C;231;0
7;CASTILLA LA MANCHA;19;GUADALAJARA;262;316;TAMAJON;PALANCARES;19316D;247;0
7;CASTILLA LA MANCHA;19;GUADALAJARA;263;318;TARAGUDO;;19318A;0;0
7;CASTILLA LA MANCHA;19;GUADALAJARA;264;319;TARAVILLA;;19319A;0;0
7;CASTILLA LA MANCHA;19;GUADALAJARA;265;320;TARTANEDO;;19320A;0;0
7;CASTILLA LA MANCHA;19;GUADALAJARA;265;320;TARTANEDO;AMAYAS;19320B;33;0
7;CASTILLA LA MANCHA;19;GUADALAJARA;265;320;TARTANEDO;CONCHA;19320C;112;0
7;CASTILLA LA MANCHA;19;GUADALAJARA;265;320;TARTANEDO;HINOJOSA;19320D;163;0
7;CASTILLA LA MANCHA;19;GUADALAJARA;265;320;TARTANEDO;LABROS;19320E;187;0
7;CASTILLA LA MANCHA;19;GUADALAJARA;266;321;TENDILLA;;19321A;0;0
7;CASTILLA LA MANCHA;19;GUADALAJARA;267;323;TERZAGA;;19323A;0;0
7;CASTILLA LA MANCHA;19;GUADALAJARA;268;324;TIERZO;;19324A;0;0
7;CASTILLA LA MANCHA;19;GUADALAJARA;269;325;LA TOBA;;19325A;0;0
7;CASTILLA LA MANCHA;19;GUADALAJARA;269;325;LA TOBA;ALCORLO;19325B;14;0
7;CASTILLA LA MANCHA;19;GUADALAJARA;270;327;TORDELRABANO;;19327A;0;0
7;CASTILLA LA MANCHA;19;GUADALAJARA;271;328;TORDELLEGO;;19328A;0;0
7;CASTILLA LA MANCHA;19;GUADALAJARA;272;329;TORDESILOS;;19329A;0;0
7;CASTILLA LA MANCHA;19;GUADALAJARA;274;331;TORIJA;;19331A;0;0
7;CASTILLA LA MANCHA;19;GUADALAJARA;274;331;TORIJA;REBOLLOSA DE HITA;19331B;277;0
7;CASTILLA LA MANCHA;19;GUADALAJARA;277;335;TORRECUADRADA DE MOLINA;;19335A;0;0
7;CASTILLA LA MANCHA;19;GUADALAJARA;278;336;TORRECUADRADILLA;;19336A;0;0
7;CASTILLA LA MANCHA;19;GUADALAJARA;279;337;TORRE DEL BURGO;;19337A;0;0
7;CASTILLA LA MANCHA;19;GUADALAJARA;280;338;TORREJON DEL REY;;19338A;0;0
7;CASTILLA LA MANCHA;19;GUADALAJARA;281;339;TORREMOCHA DE JADRAQUE;;19339A;0;0
7;CASTILLA LA MANCHA;19;GUADALAJARA;282;340;TORREMOCHA DEL CAMPO;;19340A;0;0
7;CASTILLA LA MANCHA;19;GUADALAJARA;282;340;TORREMOCHA DEL CAMPO;LA FUENSAVIÑÁN;19340B;141;0
7;CASTILLA LA MANCHA;19;GUADALAJARA;282;340;TORREMOCHA DEL CAMPO;LARANUEVA;19340C;188;0
7;CASTILLA LA MANCHA;19;GUADALAJARA;282;340;TORREMOCHA DEL CAMPO;NAVALPOTRO;19340D;232;0
7;CASTILLA LA MANCHA;19;GUADALAJARA;282;340;TORREMOCHA DEL CAMPO;RENALES;19340E;280;0
7;CASTILLA LA MANCHA;19;GUADALAJARA;282;340;TORREMOCHA DEL CAMPO;TORRECUADRADA DE LOS VALLES;19340F;334;0
7;CASTILLA LA MANCHA;19;GUADALAJARA;282;340;TORREMOCHA DEL CAMPO;LA TORRESAVIÑAN;19340G;343;0
7;CASTILLA LA MANCHA;19;GUADALAJARA;283;341;TORREMOCHA DEL PINAR;;19341A;0;0
7;CASTILLA LA MANCHA;19;GUADALAJARA;284;342;TORREMOCHUELA;;19342A;0;0
7;CASTILLA LA MANCHA;19;GUADALAJARA;285;345;TORRUBIA;;19345A;0;0
7;CASTILLA LA MANCHA;19;GUADALAJARA;286;346;TORTOLA DE HENARES;;19346A;0;0
7;CASTILLA LA MANCHA;19;GUADALAJARA;287;348;TORTUERA;;19348A;0;0
7;CASTILLA LA MANCHA;19;GUADALAJARA;288;349;TORTUERO;;19349A;0;0
7;CASTILLA LA MANCHA;19;GUADALAJARA;289;350;TRAID;;19350A;0;0
7;CASTILLA LA MANCHA;19;GUADALAJARA;290;351;TRIJUEQUE;;19351A;0;0
7;CASTILLA LA MANCHA;19;GUADALAJARA;291;352;TRILLO;;19352A;0;0
7;CASTILLA LA MANCHA;19;GUADALAJARA;291;352;TRILLO;AZAÑÓN;19352B;53;0
7;CASTILLA LA MANCHA;19;GUADALAJARA;291;352;TRILLO;MORILLEJO;19352C;228;0
7;CASTILLA LA MANCHA;19;GUADALAJARA;291;352;TRILLO;LA PUERTA;19352D;275;0
7;CASTILLA LA MANCHA;19;GUADALAJARA;291;352;TRILLO;VIANA DE MONDEJAR;19352E;381;0
7;CASTILLA LA MANCHA;19;GUADALAJARA;293;354;UCEDA;;19354A;0;0
7;CASTILLA LA MANCHA;19;GUADALAJARA;294;355;UJADOS;;19355A;0;0
7;CASTILLA LA MANCHA;19;GUADALAJARA;296;357;UTANDE;;19357A;0;0
7;CASTILLA LA MANCHA;19;GUADALAJARA;297;358;VALDARACHAS;;19358A;0;0
7;CASTILLA LA MANCHA;19;GUADALAJARA;298;359;VALDEARENAS;;19359A;0;0
7;CASTILLA LA MANCHA;19;GUADALAJARA;299;360;VALDEAVELLANO;;19360A;0;0
7;CASTILLA LA MANCHA;19;GUADALAJARA;300;361;VALDEAVERUELO;;19361A;0;0
7;CASTILLA LA MANCHA;19;GUADALAJARA;301;362;VALDECONCHA;;19362A;0;0
7;CASTILLA LA MANCHA;19;GUADALAJARA;302;363;VALDEGRUDAS;;19363A;0;0
7;CASTILLA LA MANCHA;19;GUADALAJARA;303;365;VALDELCUBO;;19365A;0;0
7;CASTILLA LA MANCHA;19;GUADALAJARA;304;367;VALDENUÑO FERNANDEZ;;19367A;0;0
7;CASTILLA LA MANCHA;19;GUADALAJARA;305;368;VALDEPEÑAS DE LA SIERRA;;19368A;0;0
7;CASTILLA LA MANCHA;19;GUADALAJARA;305;368;VALDEPEÑAS DE LA SIERRA;ALPEDRETE DE LA SIERRA;19368B;30;0
7;CASTILLA LA MANCHA;19;GUADALAJARA;306;369;VALDERREBOLLO;;19369A;0;0
7;CASTILLA LA MANCHA;19;GUADALAJARA;307;372;VALDESOTOS;;19372A;0;0
7;CASTILLA LA MANCHA;19;GUADALAJARA;308;374;VALFERMOSO DE TAJUÑA;;19374A;0;0
7;CASTILLA LA MANCHA;19;GUADALAJARA;309;375;VALHERMOSO;;19375A;0;0
7;CASTILLA LA MANCHA;19;GUADALAJARA;310;376;VALTABLADO DEL RIO;;19376A;0;0
7;CASTILLA LA MANCHA;19;GUADALAJARA;311;377;VALVERDE DE LOS ARROYOS;;19377A;0;0
7;CASTILLA LA MANCHA;19;GUADALAJARA;314;380;VIANA DE JADRAQUE;;19380A;0;0
7;CASTILLA LA MANCHA;19;GUADALAJARA;317;384;VILLANUEVA DE ALCORON;;19384A;0;0
7;CASTILLA LA MANCHA;19;GUADALAJARA;318;385;VILLANUEVA DE ARGECILLA;;19385A;0;0
7;CASTILLA LA MANCHA;19;GUADALAJARA;319;386;VILLANUEVA DE LA TORRE;;19386A;0;0
7;CASTILLA LA MANCHA;19;GUADALAJARA;321;389;VILLARES DE JADRAQUE;;19389A;0;0
7;CASTILLA LA MANCHA;19;GUADALAJARA;322;390;VILLASECA DE HENARES;;19390A;0;0
7;CASTILLA LA MANCHA;19;GUADALAJARA;323;391;VILLASECA DE UCEDA;;19391A;0;0
7;CASTILLA LA MANCHA;19;GUADALAJARA;324;394;VILLEL DE MESA;;19394A;0;0
7;CASTILLA LA MANCHA;19;GUADALAJARA;325;395;VIÑUELAS;;19395A;0;0
7;CASTILLA LA MANCHA;19;GUADALAJARA;326;396;YEBES;;19396A;0;0
7;CASTILLA LA MANCHA;19;GUADALAJARA;327;397;YEBRA;;19397A;0;0
7;CASTILLA LA MANCHA;19;GUADALAJARA;329;399;YELAMOS DE ABAJO;;19399A;0;0
7;CASTILLA LA MANCHA;19;GUADALAJARA;330;400;YELAMOS DE ARRIBA;;19400A;0;0
7;CASTILLA LA MANCHA;19;GUADALAJARA;331;401;YUNQUERA DE HENARES;;19401A;0;0
7;CASTILLA LA MANCHA;19;GUADALAJARA;332;402;LA YUNTA;;19402A;0;0
7;CASTILLA LA MANCHA;19;GUADALAJARA;333;403;ZAOREJAS;;19403A;0;0
7;CASTILLA LA MANCHA;19;GUADALAJARA;333;403;ZAOREJAS;HUERTAPELAYO;19403B;175;0
7;CASTILLA LA MANCHA;19;GUADALAJARA;333;403;ZAOREJAS;VILLAR DE COBETA;19403C;387;0
7;CASTILLA LA MANCHA;19;GUADALAJARA;334;404;ZARZUELA DE JADRAQUE;;19404A;0;0
7;CASTILLA LA MANCHA;19;GUADALAJARA;335;405;ZORITA DE LOS CANES;;19405A;0;0
7;CASTILLA LA MANCHA;19;GUADALAJARA;901;307;SEMILLAS;;19307A;0;0
7;CASTILLA LA MANCHA;19;GUADALAJARA;901;307;SEMILLAS;LAS CABEZADAS;19307B;71;0
7;CASTILLA LA MANCHA;45;TOLEDO;1;1;AJOFRIN;;45001A;0;0
7;CASTILLA LA MANCHA;45;TOLEDO;2;2;ALAMEDA DE LA SAGRA;;45002A;0;0
7;CASTILLA LA MANCHA;45;TOLEDO;3;3;ALBARREAL DE TAJO;;45003A;0;0
7;CASTILLA LA MANCHA;45;TOLEDO;4;4;ALCABON;;45004A;0;0
7;CASTILLA LA MANCHA;45;TOLEDO;5;5;ALCAÑIZO;;45005A;0;0
7;CASTILLA LA MANCHA;45;TOLEDO;6;6;ALCAUDETE DE LA JARA;;45006A;0;0
7;CASTILLA LA MANCHA;45;TOLEDO;7;7;ALCOLEA DE TAJO;;45007A;0;0
7;CASTILLA LA MANCHA;45;TOLEDO;8;8;ALDEAEN CABO;;45008A;0;0
7;CASTILLA LA MANCHA;45;TOLEDO;9;9;ALDEANUEVA DE BARBARROYA;;45009A;0;0
7;CASTILLA LA MANCHA;45;TOLEDO;10;10;ALDEANUEVA DE SAN BARTOLOME;;45010A;0;0
7;CASTILLA LA MANCHA;45;TOLEDO;11;11;ALMENDRAL DE LA CAÑADA;;45011A;0;0
7;CASTILLA LA MANCHA;45;TOLEDO;12;12;ALMONACID DE TOLEDO;;45012A;0;0
7;CASTILLA LA MANCHA;45;TOLEDO;13;13;ALMOROX;;45013A;0;0
7;CASTILLA LA MANCHA;45;TOLEDO;14;14;AÑOVER DE TAJO;;45014A;0;0
7;CASTILLA LA MANCHA;45;TOLEDO;15;15;ARCICOLLAR;;45015A;0;0
7;CASTILLA LA MANCHA;45;TOLEDO;16;16;ARGES;;45016A;0;0
7;CASTILLA LA MANCHA;45;TOLEDO;17;17;AZUTAN;;45017A;0;0
7;CASTILLA LA MANCHA;45;TOLEDO;18;18;BARCIENCE;;45018A;0;0
7;CASTILLA LA MANCHA;45;TOLEDO;19;19;BARGAS;;45019A;0;0
7;CASTILLA LA MANCHA;45;TOLEDO;20;20;BELVIS DE LA JARA;;45020A;0;0
7;CASTILLA LA MANCHA;45;TOLEDO;21;21;BOROX;;45021A;0;0
7;CASTILLA LA MANCHA;45;TOLEDO;22;22;BUENAVENTURA;;45022A;0;0
7;CASTILLA LA MANCHA;45;TOLEDO;23;23;BURGUILLOS DE TOLEDO;;45023A;0;0
7;CASTILLA LA MANCHA;45;TOLEDO;24;24;BURUJON;;45024A;0;0
7;CASTILLA LA MANCHA;45;TOLEDO;25;25;CABAÑAS DE LA SAGRA;;45025A;0;0
7;CASTILLA LA MANCHA;45;TOLEDO;26;26;CABAÑAS DE YEPES;;45026A;0;0
7;CASTILLA LA MANCHA;45;TOLEDO;27;27;CABEZAMESADA;;45027A;0;0
7;CASTILLA LA MANCHA;45;TOLEDO;28;28;CALERA Y CHOZAS;;45028A;0;0
7;CASTILLA LA MANCHA;45;TOLEDO;29;29;CALERUELA;;45029A;0;0
7;CASTILLA LA MANCHA;45;TOLEDO;30;30;LA CALZADA DE OROPESA;;45030A;0;0
7;CASTILLA LA MANCHA;45;TOLEDO;31;31;CAMARENA;;45031A;0;0
7;CASTILLA LA MANCHA;45;TOLEDO;32;32;CAMARENILLA;;45032A;0;0
7;CASTILLA LA MANCHA;45;TOLEDO;33;33;EL CAMPILLO DE LA JARA;;45033A;0;0
7;CASTILLA LA MANCHA;45;TOLEDO;34;34;CAMUÑAS;;45034A;0;0
7;CASTILLA LA MANCHA;45;TOLEDO;35;35;CARDIEL DE LOS MONTES;;45035A;0;0
7;CASTILLA LA MANCHA;45;TOLEDO;36;36;CARMENA;;45036A;0;0
7;CASTILLA LA MANCHA;45;TOLEDO;37;37;EL CARPIO DE TAJO;;45037A;0;0
7;CASTILLA LA MANCHA;45;TOLEDO;38;38;CARRANQUE;;45038A;0;0
7;CASTILLA LA MANCHA;45;TOLEDO;39;39;CARRICHES;;45039A;0;0
7;CASTILLA LA MANCHA;45;TOLEDO;40;40;EL CASAR DE ESCALONA;;45040A;0;0
7;CASTILLA LA MANCHA;45;TOLEDO;41;41;CASARRUBIOS DEL MONTE;;45041A;0;0
7;CASTILLA LA MANCHA;45;TOLEDO;42;42;CASASBUENAS;;45042A;0;0
7;CASTILLA LA MANCHA;45;TOLEDO;43;43;CASTILLO DE BAYUELA;;45043A;0;0
7;CASTILLA LA MANCHA;45;TOLEDO;45;45;CAZALEGAS;;45045A;0;0
7;CASTILLA LA MANCHA;45;TOLEDO;46;46;CEBOLLA;;45046A;0;0
7;CASTILLA LA MANCHA;45;TOLEDO;47;47;CEDILLO DEL CONDADO;;45047A;0;0
7;CASTILLA LA MANCHA;45;TOLEDO;48;48;LOS CERRALBOS;;45048A;0;0
7;CASTILLA LA MANCHA;45;TOLEDO;49;49;CERVERA DE LOS MONTES;;45049A;0;0
7;CASTILLA LA MANCHA;45;TOLEDO;50;50;CIRUELOS;;45050A;0;0
7;CASTILLA LA MANCHA;45;TOLEDO;51;51;COBEJA;;45051A;0;0
7;CASTILLA LA MANCHA;45;TOLEDO;52;52;COBISA;;45052A;0;0
7;CASTILLA LA MANCHA;45;TOLEDO;53;53;CONSUEGRA;;45053A;0;0
7;CASTILLA LA MANCHA;45;TOLEDO;54;54;CORRAL DE ALMAGUER;;45054A;0;0
7;CASTILLA LA MANCHA;45;TOLEDO;55;55;CUERVA;;45055A;0;0
7;CASTILLA LA MANCHA;45;TOLEDO;56;56;CHOZAS DE CANALES;;45056A;0;0
7;CASTILLA LA MANCHA;45;TOLEDO;57;57;CHUECA;;45057A;0;0
7;CASTILLA LA MANCHA;45;TOLEDO;58;58;DOMINGO PEREZ;;45058A;0;0
7;CASTILLA LA MANCHA;45;TOLEDO;59;59;DOSBARRIOS;;45059A;0;0
7;CASTILLA LA MANCHA;45;TOLEDO;60;60;ERUSTES;;45060A;0;0
7;CASTILLA LA MANCHA;45;TOLEDO;61;61;ESCALONA;;45061A;0;0
7;CASTILLA LA MANCHA;45;TOLEDO;62;62;ESCALONILLA;;45062A;0;0
7;CASTILLA LA MANCHA;45;TOLEDO;63;63;ESPINOSO DEL REY;;45063A;0;0
7;CASTILLA LA MANCHA;45;TOLEDO;64;64;ESQUIVIAS;;45064A;0;0
7;CASTILLA LA MANCHA;45;TOLEDO;65;65;LA ESTRELLA;;45065A;0;0
7;CASTILLA LA MANCHA;45;TOLEDO;66;66;FUENSALIDA;;45066A;0;0
7;CASTILLA LA MANCHA;45;TOLEDO;67;67;GALVEZ;;45067A;0;0
7;CASTILLA LA MANCHA;45;TOLEDO;68;69;GARCIOTUM;;45069A;0;0
7;CASTILLA LA MANCHA;45;TOLEDO;69;70;GERINDOTE;;45070A;0;0
7;CASTILLA LA MANCHA;45;TOLEDO;70;71;GUADAMUR;;45071A;0;0
7;CASTILLA LA MANCHA;45;TOLEDO;71;72;LA GUARDIA;;45072A;0;0
7;CASTILLA LA MANCHA;45;TOLEDO;72;73;LAS HERENCIAS;;45073A;0;0
7;CASTILLA LA MANCHA;45;TOLEDO;73;74;HERRERUELA DE OROPESA;;45074A;0;0
7;CASTILLA LA MANCHA;45;TOLEDO;74;75;HINOJOSA DE SAN VICENTE;;45075A;0;0
7;CASTILLA LA MANCHA;45;TOLEDO;75;76;HONTANAR;;45076A;0;0
7;CASTILLA LA MANCHA;45;TOLEDO;76;77;HORMIGOS;;45077A;0;0
7;CASTILLA LA MANCHA;45;TOLEDO;77;78;HUECAS;;45078A;0;0
7;CASTILLA LA MANCHA;45;TOLEDO;78;79;HUERTA DE VALDECARABANOS;;45079A;0;0
7;CASTILLA LA MANCHA;45;TOLEDO;79;80;LA IGLESUELA;;45080A;0;0
7;CASTILLA LA MANCHA;45;TOLEDO;80;81;ILLAN DE VACAS;;45081A;0;0
7;CASTILLA LA MANCHA;45;TOLEDO;81;82;ILLESCAS;;45082A;0;0
7;CASTILLA LA MANCHA;45;TOLEDO;82;83;LAGARTERA;;45083A;0;0
7;CASTILLA LA MANCHA;45;TOLEDO;83;84;LAYOS;;45084A;0;0
7;CASTILLA LA MANCHA;45;TOLEDO;84;85;LILLO;;45085A;0;0
7;CASTILLA LA MANCHA;45;TOLEDO;85;86;LOMINCHAR;;45086A;0;0
7;CASTILLA LA MANCHA;45;TOLEDO;86;87;LUCILLOS;;45087A;0;0
7;CASTILLA LA MANCHA;45;TOLEDO;87;88;MADRIDEJOS;;45088A;0;0
7;CASTILLA LA MANCHA;45;TOLEDO;88;89;MAGAN;;45089A;0;0
7;CASTILLA LA MANCHA;45;TOLEDO;89;90;MALPICA DE TAJO;;45090A;0;0
7;CASTILLA LA MANCHA;45;TOLEDO;90;91;MANZANEQUE;;45091A;0;0
7;CASTILLA LA MANCHA;45;TOLEDO;91;92;MAQUEDA;;45092A;0;0
7;CASTILLA LA MANCHA;45;TOLEDO;92;93;MARJALIZA;;45093A;0;0
7;CASTILLA LA MANCHA;45;TOLEDO;93;94;MARRUPE;;45094A;0;0
7;CASTILLA LA MANCHA;45;TOLEDO;94;95;MASCARAQUE;;45095A;0;0
7;CASTILLA LA MANCHA;45;TOLEDO;95;96;LA MATA;;45096A;0;0
7;CASTILLA LA MANCHA;45;TOLEDO;96;97;MAZARAMBROZ;;45097A;0;0
7;CASTILLA LA MANCHA;45;TOLEDO;97;98;MEJORADA;;45098A;0;0
7;CASTILLA LA MANCHA;45;TOLEDO;98;99;MENASALBAS;;45099A;0;0
7;CASTILLA LA MANCHA;45;TOLEDO;99;100;MENTRIDA;;45100A;0;0
7;CASTILLA LA MANCHA;45;TOLEDO;100;101;MESEGAR DE TAJO;;45101A;0;0
7;CASTILLA LA MANCHA;45;TOLEDO;101;102;MIGUEL ESTEBAN;;45102A;0;0
7;CASTILLA LA MANCHA;45;TOLEDO;102;103;MOCEJON;;45103A;0;0
7;CASTILLA LA MANCHA;45;TOLEDO;103;104;MOHEDAS DE LA JARA;;45104A;0;0
7;CASTILLA LA MANCHA;45;TOLEDO;104;105;MONTEARAGON;;45105A;0;0
7;CASTILLA LA MANCHA;45;TOLEDO;105;106;MONTESCLAROS;;45106A;0;0
7;CASTILLA LA MANCHA;45;TOLEDO;106;107;MORA;;45107A;0;0
7;CASTILLA LA MANCHA;45;TOLEDO;107;108;NAMBROCA;;45108A;0;0
7;CASTILLA LA MANCHA;45;TOLEDO;108;109;LA NAVA DE RICOMALILLO;;45109A;0;0
7;CASTILLA LA MANCHA;45;TOLEDO;109;110;NAVAHERMOSA;;45110A;0;0
7;CASTILLA LA MANCHA;45;TOLEDO;110;111;NAVALCAN;;45111A;0;0
7;CASTILLA LA MANCHA;45;TOLEDO;111;112;NAVALMORALEJO;;45112A;0;0
7;CASTILLA LA MANCHA;45;TOLEDO;112;113;LOS NAVALMORALES;;45113A;0;0
7;CASTILLA LA MANCHA;45;TOLEDO;113;114;LOS NAVALUCILLOS;;45114A;0;0
7;CASTILLA LA MANCHA;45;TOLEDO;114;115;NAVAMORCUENDE;;45115A;0;0
7;CASTILLA LA MANCHA;45;TOLEDO;115;116;NOBLEJAS;;45116A;0;0
7;CASTILLA LA MANCHA;45;TOLEDO;116;117;NOEZ;;45117A;0;0
7;CASTILLA LA MANCHA;45;TOLEDO;117;118;NOMBELA;;45118A;0;0
7;CASTILLA LA MANCHA;45;TOLEDO;118;119;NOVES;;45119A;0;0
7;CASTILLA LA MANCHA;45;TOLEDO;119;120;NUMANCIA DE LA SAGRA;;45120A;0;0
7;CASTILLA LA MANCHA;45;TOLEDO;120;121;NUÑO GOMEZ;;45121A;0;0
7;CASTILLA LA MANCHA;45;TOLEDO;121;122;OCAÑA;;45122A;0;0
7;CASTILLA LA MANCHA;45;TOLEDO;122;123;OLIAS DEL REY;;45123A;0;0
7;CASTILLA LA MANCHA;45;TOLEDO;123;124;ONTIGOLA;;45124A;0;0
7;CASTILLA LA MANCHA;45;TOLEDO;124;125;ORGAZ;;45125A;0;0
7;CASTILLA LA MANCHA;45;TOLEDO;125;126;OROPESA;;45126A;0;0
7;CASTILLA LA MANCHA;45;TOLEDO;126;127;OTERO;;45127A;0;0
7;CASTILLA LA MANCHA;45;TOLEDO;127;128;PALOMEQUE;;45128A;0;0
7;CASTILLA LA MANCHA;45;TOLEDO;128;129;PANTOJA;;45129A;0;0
7;CASTILLA LA MANCHA;45;TOLEDO;129;130;PAREDES DE ESCALONA;;45130A;0;0
7;CASTILLA LA MANCHA;45;TOLEDO;130;131;PARRILLAS;;45131A;0;0
7;CASTILLA LA MANCHA;45;TOLEDO;131;132;PELAHUSTAN;;45132A;0;0
7;CASTILLA LA MANCHA;45;TOLEDO;132;133;PEPINO;;45133A;0;0
7;CASTILLA LA MANCHA;45;TOLEDO;133;134;POLAN;;45134A;0;0
7;CASTILLA LA MANCHA;45;TOLEDO;134;135;PORTILLO DE TOLEDO;;45135A;0;0
7;CASTILLA LA MANCHA;45;TOLEDO;135;136;LA PUEBLA DE ALMORADIEL;;45136A;0;0
7;CASTILLA LA MANCHA;45;TOLEDO;136;137;LA PUEBLA DE MONTALBAN;;45137A;0;0
7;CASTILLA LA MANCHA;45;TOLEDO;137;138;LA PUEBLANUEVA;;45138A;0;0
7;CASTILLA LA MANCHA;45;TOLEDO;138;139;EL PUENTE DEL ARZOBISPO;;45139A;0;0
7;CASTILLA LA MANCHA;45;TOLEDO;139;140;PUERTO DE SAN VICENTE;;45140A;0;0
7;CASTILLA LA MANCHA;45;TOLEDO;140;141;PULGAR;;45141A;0;0
7;CASTILLA LA MANCHA;45;TOLEDO;141;142;QUERO;;45142A;0;0
7;CASTILLA LA MANCHA;45;TOLEDO;142;143;QUINTANAR DE LA ORDEN;;45143A;0;0
7;CASTILLA LA MANCHA;45;TOLEDO;143;144;QUISMONDO;;45144A;0;0
7;CASTILLA LA MANCHA;45;TOLEDO;144;145;EL REAL DE SAN VICENTE;;45145A;0;0
7;CASTILLA LA MANCHA;45;TOLEDO;145;146;RECAS;;45146A;0;0
7;CASTILLA LA MANCHA;45;TOLEDO;146;147;RETAMOSO;;45147A;0;0
7;CASTILLA LA MANCHA;45;TOLEDO;147;148;RIELVES;;45148A;0;0
7;CASTILLA LA MANCHA;45;TOLEDO;148;149;ROBLEDO DEL MAZO;;45149A;0;0
7;CASTILLA LA MANCHA;45;TOLEDO;149;150;EL ROMERAL;;45150A;0;0
7;CASTILLA LA MANCHA;45;TOLEDO;150;151;SAN BARTOLOME DE LAS ABIERTAS;;45151A;0;0
7;CASTILLA LA MANCHA;45;TOLEDO;151;152;SAN MARTIN DE MONTALBAN;;45152A;0;0
7;CASTILLA LA MANCHA;45;TOLEDO;152;153;SAN MARTIN DE PUSA;;45153A;0;0
7;CASTILLA LA MANCHA;45;TOLEDO;153;154;SAN PABLO DE LOS MONTES;;45154A;0;0
7;CASTILLA LA MANCHA;45;TOLEDO;154;155;SAN ROMAN DE LOS MONTES;;45155A;0;0
7;CASTILLA LA MANCHA;45;TOLEDO;155;156;SANTA ANA DE PUSA;;45156A;0;0
7;CASTILLA LA MANCHA;45;TOLEDO;156;157;SANTA CRUZ DE LA ZARZA;;45157A;0;0
7;CASTILLA LA MANCHA;45;TOLEDO;157;158;SANTA CRUZ DEL RETAMAR;;45158A;0;0
7;CASTILLA LA MANCHA;45;TOLEDO;158;159;SANTA OLALLA;;45159A;0;0
7;CASTILLA LA MANCHA;45;TOLEDO;159;160;SARTAJADA;;45160A;0;0
7;CASTILLA LA MANCHA;45;TOLEDO;160;161;SEGURILLA;;45161A;0;0
7;CASTILLA LA MANCHA;45;TOLEDO;161;162;SESEÑA;;45162A;0;0
7;CASTILLA LA MANCHA;45;TOLEDO;162;163;SEVILLEJA DE LA JARA;;45163A;0;0
7;CASTILLA LA MANCHA;45;TOLEDO;163;164;SONSECA;;45164A;0;0
7;CASTILLA LA MANCHA;45;TOLEDO;164;165;SOTILLO DE LAS PALOMAS;;45165A;0;0
7;CASTILLA LA MANCHA;45;TOLEDO;165;166;TALAVERA DE LA REINA;;45166A;0;0
7;CASTILLA LA MANCHA;45;TOLEDO;166;167;TEMBLEQUE;;45167A;0;0
7;CASTILLA LA MANCHA;45;TOLEDO;167;168;EL TOBOSO;;45168A;0;0
7;CASTILLA LA MANCHA;45;TOLEDO;168;900;TOLEDO;;45900A;0;0
7;CASTILLA LA MANCHA;45;TOLEDO;169;170;TORRALBA DE OROPESA;;45170A;0;0
7;CASTILLA LA MANCHA;45;TOLEDO;170;171;TORRECILLA DE LA JARA;;45171A;0;0
7;CASTILLA LA MANCHA;45;TOLEDO;171;172;LA TORRE DE ESTEBAN HAMBRAN;;45172A;0;0
7;CASTILLA LA MANCHA;45;TOLEDO;172;173;TORRICO;;45173A;0;0
7;CASTILLA LA MANCHA;45;TOLEDO;173;174;TORRIJOS;;45174A;0;0
7;CASTILLA LA MANCHA;45;TOLEDO;174;175;TOTANES;;45175A;0;0
7;CASTILLA LA MANCHA;45;TOLEDO;175;176;TURLEQUE;;45176A;0;0
7;CASTILLA LA MANCHA;45;TOLEDO;176;177;UGENA;;45177A;0;0
7;CASTILLA LA MANCHA;45;TOLEDO;177;178;URDA;;45178A;0;0
7;CASTILLA LA MANCHA;45;TOLEDO;179;180;VALDEVERDEJA;;45180A;0;0
7;CASTILLA LA MANCHA;45;TOLEDO;180;181;VALMOJADO;;45181A;0;0
7;CASTILLA LA MANCHA;45;TOLEDO;181;182;VELADA;;45182A;0;0
7;CASTILLA LA MANCHA;45;TOLEDO;182;183;LAS VENTAS CON PEÑA AGUILERA;;45183A;0;0
7;CASTILLA LA MANCHA;45;TOLEDO;183;184;LAS VENTAS DE RETAMOSA;;45184A;0;0
7;CASTILLA LA MANCHA;45;TOLEDO;184;185;LAS VENTAS DE SAN JULIAN;;45185A;0;0
7;CASTILLA LA MANCHA;45;TOLEDO;185;186;VILLACAÑAS;;45186A;0;0
7;CASTILLA LA MANCHA;45;TOLEDO;186;187;LA VILLA DE DON FADRIQUE;;45187A;0;0
7;CASTILLA LA MANCHA;45;TOLEDO;187;188;VILLAFRANCA DE LOS CABALLEROS;;45188A;0;0
7;CASTILLA LA MANCHA;45;TOLEDO;188;189;VILLALUENGA DE LA SAGRA;;45189A;0;0
7;CASTILLA LA MANCHA;45;TOLEDO;189;190;VILLAMIEL DE TOLEDO;;45190A;0;0
7;CASTILLA LA MANCHA;45;TOLEDO;190;191;VILLAMINAYA;;45191A;0;0
7;CASTILLA LA MANCHA;45;TOLEDO;191;192;VILLAMUELAS;;45192A;0;0
7;CASTILLA LA MANCHA;45;TOLEDO;192;193;VILLANUEVA DE ALCARDETE;;45193A;0;0
7;CASTILLA LA MANCHA;45;TOLEDO;193;194;VILLANUEVA DE BOGAS;;45194A;0;0
7;CASTILLA LA MANCHA;45;TOLEDO;194;195;VILLAREJO DE MONTALBAN;;45195A;0;0
7;CASTILLA LA MANCHA;45;TOLEDO;195;196;VILLARRUBIA DE SANTIAGO;;45196A;0;0
7;CASTILLA LA MANCHA;45;TOLEDO;196;197;VILLASECA DE LA SAGRA;;45197A;0;0
7;CASTILLA LA MANCHA;45;TOLEDO;197;198;VILLASEQUILLA;;45198A;0;0
7;CASTILLA LA MANCHA;45;TOLEDO;198;199;VILLATOBAS;;45199A;0;0
7;CASTILLA LA MANCHA;45;TOLEDO;199;200;EL VISO DE SAN JUAN;;45200A;0;0
7;CASTILLA LA MANCHA;45;TOLEDO;200;201;LOS YEBENES;;45201A;0;0
7;CASTILLA LA MANCHA;45;TOLEDO;201;202;YELES;;45202A;0;0
7;CASTILLA LA MANCHA;45;TOLEDO;202;203;YEPES;;45203A;0;0
7;CASTILLA LA MANCHA;45;TOLEDO;203;204;YUNCLER;;45204A;0;0
7;CASTILLA LA MANCHA;45;TOLEDO;204;205;YUNCLILLOS;;45205A;0;0
7;CASTILLA LA MANCHA;45;TOLEDO;205;206;YUNCOS;;45206A;0;0
7;CASTILLA LA MANCHA;45;TOLEDO;901;179;SANTO DOMINGO-CAUDILLA;;45179A;0;0
8;CASTILLA Y LEÓN;5;AVILA;1;1;ADANERO;;05001A;0;0
8;CASTILLA Y LEÓN;5;AVILA;2;2;LA ADRADA;;05002A;0;0
8;CASTILLA Y LEÓN;5;AVILA;5;5;ALBORNOS;;05005A;0;0
8;CASTILLA Y LEÓN;5;AVILA;7;7;ALDEANUEVA DE SANTA CRUZ;;05007A;0;0
8;CASTILLA Y LEÓN;5;AVILA;8;8;ALDEASECA;;05008A;0;0
8;CASTILLA Y LEÓN;5;AVILA;8;8;ALDEASECA;;05008B;0;1
8;CASTILLA Y LEÓN;5;AVILA;10;10;LA ALDEHUELA;;05010A;0;0
8;CASTILLA Y LEÓN;5;AVILA;12;12;AMAVIDA;;05012A;0;0
8;CASTILLA Y LEÓN;5;AVILA;13;13;EL ARENAL;;05013A;0;0
8;CASTILLA Y LEÓN;5;AVILA;14;14;ARENAS DE SAN PEDRO;;05014A;0;0
8;CASTILLA Y LEÓN;5;AVILA;14;14;ARENAS DE SAN PEDRO;;05014B;0;1
8;CASTILLA Y LEÓN;5;AVILA;14;14;ARENAS DE SAN PEDRO;;05014X;0;2
8;CASTILLA Y LEÓN;5;AVILA;14;14;ARENAS DE SAN PEDRO;;05014Y;0;3
8;CASTILLA Y LEÓN;5;AVILA;15;15;AREVALILLO;;05015A;0;0
8;CASTILLA Y LEÓN;5;AVILA;16;16;AREVALO;;05016A;0;0
8;CASTILLA Y LEÓN;5;AVILA;16;16;AREVALO;;05016B;0;1
8;CASTILLA Y LEÓN;5;AVILA;17;17;AVEINTE;;05017A;0;0
8;CASTILLA Y LEÓN;5;AVILA;18;18;AVELLANEDA;;05018A;0;0
8;CASTILLA Y LEÓN;5;AVILA;19;900;AVILA;;05900A;0;0
8;CASTILLA Y LEÓN;5;AVILA;21;21;EL BARCO DE AVILA;;05021A;0;0
8;CASTILLA Y LEÓN;5;AVILA;22;22;BARRACO;;05022A;0;0
8;CASTILLA Y LEÓN;5;AVILA;23;23;BARROMAN;;05023A;0;0
8;CASTILLA Y LEÓN;5;AVILA;24;24;BECEDAS;;05024A;0;0
8;CASTILLA Y LEÓN;5;AVILA;25;25;BECEDILLAS;;05025A;0;0
8;CASTILLA Y LEÓN;5;AVILA;25;25;BECEDILLAS;;05025B;0;1
8;CASTILLA Y LEÓN;5;AVILA;26;26;BERCIAL DE ZAPARDIEL;;05026A;0;0
8;CASTILLA Y LEÓN;5;AVILA;27;27;LAS BERLANAS;;05027A;0;0
8;CASTILLA Y LEÓN;5;AVILA;29;29;BERNUY-ZAPARDIEL;;05029A;0;0
8;CASTILLA Y LEÓN;5;AVILA;30;30;BERROCALEJO DE ARAGONA;;05030A;0;0
8;CASTILLA Y LEÓN;5;AVILA;33;33;BLASCOMILLAN;;05033A;0;0
8;CASTILLA Y LEÓN;5;AVILA;34;34;BLASCONUÑO DE MATACABRAS;;05034A;0;0
8;CASTILLA Y LEÓN;5;AVILA;35;35;BLASCOSANCHO;;05035A;0;0
8;CASTILLA Y LEÓN;5;AVILA;36;36;EL BOHODON;;05036A;0;0
8;CASTILLA Y LEÓN;5;AVILA;37;37;BOHOYO;;05037A;0;0
8;CASTILLA Y LEÓN;5;AVILA;38;38;BONILLA DE LA SIERRA;;05038A;0;0
8;CASTILLA Y LEÓN;5;AVILA;39;39;BRABOS;;05039A;0;0
8;CASTILLA Y LEÓN;5;AVILA;40;40;BULARROS;;05040A;0;0
8;CASTILLA Y LEÓN;5;AVILA;41;41;BURGOHONDO;;05041A;0;0
8;CASTILLA Y LEÓN;5;AVILA;42;42;CABEZAS DE ALAMBRE;;05042A;0;0
8;CASTILLA Y LEÓN;5;AVILA;43;43;CABEZAS DEL POZO;;05043A;0;0
8;CASTILLA Y LEÓN;5;AVILA;44;44;CABEZAS DEL VILLAR;;05044A;0;0
8;CASTILLA Y LEÓN;5;AVILA;45;45;CABIZUELA;;05045A;0;0
8;CASTILLA Y LEÓN;5;AVILA;46;46;CANALES;;05046A;0;0
8;CASTILLA Y LEÓN;5;AVILA;47;47;CANDELEDA;;05047A;0;0
8;CASTILLA Y LEÓN;5;AVILA;47;47;CANDELEDA;;05047X;0;2
8;CASTILLA Y LEÓN;5;AVILA;47;47;CANDELEDA;;05047Y;0;3
8;CASTILLA Y LEÓN;5;AVILA;48;48;CANTIVEROS;;05048A;0;0
8;CASTILLA Y LEÓN;5;AVILA;49;49;CARDEÑOSA;;05049A;0;0
8;CASTILLA Y LEÓN;5;AVILA;51;51;LA CARRERA;;05051A;0;0
8;CASTILLA Y LEÓN;5;AVILA;52;52;CASAS DEL PUERTO;;05052A;0;0
8;CASTILLA Y LEÓN;5;AVILA;53;53;CASASOLA;;05053A;0;0
8;CASTILLA Y LEÓN;5;AVILA;54;54;CASAVIEJA;;05054A;0;0
8;CASTILLA Y LEÓN;5;AVILA;55;55;CASILLAS;;05055A;0;0
8;CASTILLA Y LEÓN;5;AVILA;56;56;CASTELLANOS DEL ZAPARDIEL;;05056A;0;0
8;CASTILLA Y LEÓN;5;AVILA;57;57;CEBREROS;;05057A;0;0
8;CASTILLA Y LEÓN;5;AVILA;58;58;CEPEDA LA MORA;;05058A;0;0
8;CASTILLA Y LEÓN;5;AVILA;59;59;CILLAN;;05059A;0;0
8;CASTILLA Y LEÓN;5;AVILA;60;60;CISLA;;05060A;0;0
8;CASTILLA Y LEÓN;5;AVILA;61;61;LA COLILLA;;05061A;0;0
8;CASTILLA Y LEÓN;5;AVILA;62;62;COLLADO DE CONTRERAS;;05062A;0;0
8;CASTILLA Y LEÓN;5;AVILA;63;63;COLLADO DEL MIRON;;05063A;0;0
8;CASTILLA Y LEÓN;5;AVILA;64;64;CONSTANZANA;;05064A;0;0
8;CASTILLA Y LEÓN;5;AVILA;65;65;CRESPOS;;05065A;0;0
8;CASTILLA Y LEÓN;5;AVILA;66;66;CUEVAS DEL VALLE;;05066A;0;0
8;CASTILLA Y LEÓN;5;AVILA;67;67;CHAMARTIN;;05067A;0;0
8;CASTILLA Y LEÓN;5;AVILA;69;69;DONJIMENO;;05069A;0;0
8;CASTILLA Y LEÓN;5;AVILA;70;70;DONVIDAS;;05070A;0;0
8;CASTILLA Y LEÓN;5;AVILA;72;72;ESPINOSA DE LOS CABALLEROS;;05072A;0;0
8;CASTILLA Y LEÓN;5;AVILA;72;72;ESPINOSA DE LOS CABALLEROS;;05072B;0;1
8;CASTILLA Y LEÓN;5;AVILA;73;73;FLORES DE AVILA;;05073A;0;0
8;CASTILLA Y LEÓN;5;AVILA;74;74;FONTIVEROS;;05074A;0;0
8;CASTILLA Y LEÓN;5;AVILA;75;75;FRESNEDILLA;;05075A;0;0
8;CASTILLA Y LEÓN;5;AVILA;76;76;EL FRESNO;;05076A;0;0
8;CASTILLA Y LEÓN;5;AVILA;77;77;FUENTE EL SAUZ;;05077A;0;0
8;CASTILLA Y LEÓN;5;AVILA;78;78;FUENTES DE AÑO;;05078A;0;0
8;CASTILLA Y LEÓN;5;AVILA;79;79;GALLEGOS DE ALTAMIROS;;05079A;0;0
8;CASTILLA Y LEÓN;5;AVILA;80;80;GALLEGOS DE SOBRINOS;;05080A;0;0
8;CASTILLA Y LEÓN;5;AVILA;81;81;GARGANTA DEL VILLAR;;05081A;0;0
8;CASTILLA Y LEÓN;5;AVILA;82;82;GAVILANES;;05082A;0;0
8;CASTILLA Y LEÓN;5;AVILA;83;83;GEMUÑO;;05083A;0;0
8;CASTILLA Y LEÓN;5;AVILA;84;84;GILBUENA;;05084A;0;0
8;CASTILLA Y LEÓN;5;AVILA;85;85;GILGARCIA;;05085A;0;0
8;CASTILLA Y LEÓN;5;AVILA;86;86;GIMIALCON;;05086A;0;0
8;CASTILLA Y LEÓN;5;AVILA;87;87;GOTARRENDURA;;05087A;0;0
8;CASTILLA Y LEÓN;5;AVILA;88;88;GRANDES Y SAN MARTIN;;05088A;0;0
8;CASTILLA Y LEÓN;5;AVILA;89;89;GUISANDO;;05089A;0;0
8;CASTILLA Y LEÓN;5;AVILA;90;90;GUTIERRE MUÑOZ;;05090A;0;0
8;CASTILLA Y LEÓN;5;AVILA;90;90;GUTIERRE MUÑOZ;;05090B;0;1
8;CASTILLA Y LEÓN;5;AVILA;92;92;HERNANSANCHO;;05092A;0;0
8;CASTILLA Y LEÓN;5;AVILA;93;93;EL HERRADON;;05093A;0;0
8;CASTILLA Y LEÓN;5;AVILA;94;94;HERRERO DE SUSO;;05094A;0;0
8;CASTILLA Y LEÓN;5;AVILA;95;95;HIGUERA DE LAS DUEÑAS;;05095A;0;0
8;CASTILLA Y LEÓN;5;AVILA;96;96;LA HIJA DE DIOS;;05096A;0;0
8;CASTILLA Y LEÓN;5;AVILA;97;97;LA HORCAJADA;;05097A;0;0
8;CASTILLA Y LEÓN;5;AVILA;99;99;HORCAJO DE LAS TORRES;;05099A;0;0
8;CASTILLA Y LEÓN;5;AVILA;100;100;EL HORNILLO;;05100A;0;0
8;CASTILLA Y LEÓN;5;AVILA;101;101;HOYOCASERO;;05101A;0;0
8;CASTILLA Y LEÓN;5;AVILA;102;102;EL HOYO DE PINARES;;05102A;0;0
8;CASTILLA Y LEÓN;5;AVILA;103;103;HOYORREDONDO;;05103A;0;0
8;CASTILLA Y LEÓN;5;AVILA;103;103;HOYORREDONDO;;05103B;0;1
8;CASTILLA Y LEÓN;5;AVILA;104;104;HOYOS DEL COLLADO;;05104A;0;0
8;CASTILLA Y LEÓN;5;AVILA;105;105;HOYOS DEL ESPINO;;05105A;0;0
8;CASTILLA Y LEÓN;5;AVILA;106;106;HOYOS DE MIGUEL MUÑOZ;;05106A;0;0
8;CASTILLA Y LEÓN;5;AVILA;107;107;HURTUMPASCUAL;;05107A;0;0
8;CASTILLA Y LEÓN;5;AVILA;108;108;JUNCIANA;;05108A;0;0
8;CASTILLA Y LEÓN;5;AVILA;109;109;LANGA;;05109A;0;0
8;CASTILLA Y LEÓN;5;AVILA;109;109;LANGA;;05109B;0;1
8;CASTILLA Y LEÓN;5;AVILA;110;110;LANZAHITA;;05110A;0;0
8;CASTILLA Y LEÓN;5;AVILA;112;112;EL LOSAR;;05112A;0;0
8;CASTILLA Y LEÓN;5;AVILA;113;113;LOS LLANOS DE TORMES;;05113A;0;0
8;CASTILLA Y LEÓN;5;AVILA;114;114;MADRIGAL DE LAS ALTAS TORRES;;05114A;0;0
8;CASTILLA Y LEÓN;5;AVILA;115;115;MAELLO;;05115A;0;0
8;CASTILLA Y LEÓN;5;AVILA;116;116;MALPARTIDA DE CORNEJA;;05116A;0;0
8;CASTILLA Y LEÓN;5;AVILA;117;117;MAMBLAS;;05117A;0;0
8;CASTILLA Y LEÓN;5;AVILA;118;118;MANCERA DE ARRIBA;;05118A;0;0
8;CASTILLA Y LEÓN;5;AVILA;119;119;MANJABALAGO Y ORTIGOSA RIOALMA;;05119A;0;0
8;CASTILLA Y LEÓN;5;AVILA;120;120;MARLIN;;05120A;0;0
8;CASTILLA Y LEÓN;5;AVILA;121;121;MARTIHERRERO;;05121A;0;0
8;CASTILLA Y LEÓN;5;AVILA;122;122;MARTINEZ;;05122A;0;0
8;CASTILLA Y LEÓN;5;AVILA;123;123;MEDIANA DE VOLTOYA;;05123A;0;0
8;CASTILLA Y LEÓN;5;AVILA;124;124;MEDINILLA;;05124A;0;0
8;CASTILLA Y LEÓN;5;AVILA;125;125;MENGAMUÑOZ;;05125A;0;0
8;CASTILLA Y LEÓN;5;AVILA;126;126;MESEGAR DE CORNEJA;;05126A;0;0
8;CASTILLA Y LEÓN;5;AVILA;127;127;MIJARES;;05127A;0;0
8;CASTILLA Y LEÓN;5;AVILA;128;128;MINGORRIA;;05128A;0;0
8;CASTILLA Y LEÓN;5;AVILA;129;129;EL MIRON;;05129A;0;0
8;CASTILLA Y LEÓN;5;AVILA;129;129;EL MIRON;;05129B;0;1
8;CASTILLA Y LEÓN;5;AVILA;130;130;MIRONCILLO;;05130A;0;0
8;CASTILLA Y LEÓN;5;AVILA;131;131;MIRUEÑA DE LOS INFANZONES;;05131A;0;0
8;CASTILLA Y LEÓN;5;AVILA;132;132;MOMBELTRAN;;05132A;0;0
8;CASTILLA Y LEÓN;5;AVILA;133;133;MONSALUPE;;05133A;0;0
8;CASTILLA Y LEÓN;5;AVILA;134;134;MORALEJA DE MATACABRAS;;05134A;0;0
8;CASTILLA Y LEÓN;5;AVILA;135;135;MUÑANA;;05135A;0;1
8;CASTILLA Y LEÓN;5;AVILA;136;136;MUÑICO;;05136A;0;0
8;CASTILLA Y LEÓN;5;AVILA;138;138;MUÑOGALINDO;;05138A;0;0
8;CASTILLA Y LEÓN;5;AVILA;139;139;MUÑOGRANDE;;05139A;0;0
8;CASTILLA Y LEÓN;5;AVILA;140;140;MUÑOMER DEL PECO;;05140A;0;0
8;CASTILLA Y LEÓN;5;AVILA;141;141;MUÑOPEPE;;05141A;0;0
8;CASTILLA Y LEÓN;5;AVILA;142;142;MUÑOSANCHO;;05142A;0;0
8;CASTILLA Y LEÓN;5;AVILA;143;143;MUÑOTELLO;;05143A;0;1
8;CASTILLA Y LEÓN;5;AVILA;144;144;NARRILLOS DEL ALAMO;;05144A;0;0
8;CASTILLA Y LEÓN;5;AVILA;145;145;NARRILLOS DEL REBOLLAR;;05145A;0;0
8;CASTILLA Y LEÓN;5;AVILA;147;147;NARROS DEL CASTILLO;;05147A;0;0
8;CASTILLA Y LEÓN;5;AVILA;148;148;NARROS DEL PUERTO;;05148A;0;0
8;CASTILLA Y LEÓN;5;AVILA;149;149;NARROS DE SALDUEÑA;;05149A;0;0
8;CASTILLA Y LEÓN;5;AVILA;151;151;NAVACEPEDILLA DE CORNEJA;;05151A;0;0
8;CASTILLA Y LEÓN;5;AVILA;152;152;NAVA DE AREVALO;;05152A;0;0
8;CASTILLA Y LEÓN;5;AVILA;152;152;NAVA DE AREVALO;;05152B;0;1
8;CASTILLA Y LEÓN;5;AVILA;153;153;NAVA DEL BARCO;;05153A;0;0
8;CASTILLA Y LEÓN;5;AVILA;154;154;NAVADIJOS;;05154A;0;0
8;CASTILLA Y LEÓN;5;AVILA;155;155;NAVAESCURIAL;;05155A;0;0
8;CASTILLA Y LEÓN;5;AVILA;156;156;NAVAHONDILLA;;05156A;0;0
8;CASTILLA Y LEÓN;5;AVILA;157;157;NAVALACRUZ;;05157A;0;0
8;CASTILLA Y LEÓN;5;AVILA;158;158;NAVALMORAL;;05158A;0;0
8;CASTILLA Y LEÓN;5;AVILA;159;159;NAVALONGUILLA;;05159A;0;0
8;CASTILLA Y LEÓN;5;AVILA;160;160;NAVALOSA;;05160A;0;0
8;CASTILLA Y LEÓN;5;AVILA;161;161;NAVALPERAL DE PINARES;;05161A;0;0
8;CASTILLA Y LEÓN;5;AVILA;162;162;NAVALPERAL DE TORMES;;05162A;0;0
8;CASTILLA Y LEÓN;5;AVILA;163;163;NAVALUENGA;;05163A;0;0
8;CASTILLA Y LEÓN;5;AVILA;164;164;NAVAQUESERA;;05164A;0;0
8;CASTILLA Y LEÓN;5;AVILA;165;165;NAVARREDONDA DE GREDOS;;05165A;0;0
8;CASTILLA Y LEÓN;5;AVILA;166;166;NAVARREDONDILLA;;05166A;0;0
8;CASTILLA Y LEÓN;5;AVILA;167;167;NAVARREVISCA;;05167A;0;0
8;CASTILLA Y LEÓN;5;AVILA;168;168;LAS NAVAS DEL MARQUES;;05168A;0;0
8;CASTILLA Y LEÓN;5;AVILA;169;169;NAVATALGORDO;;05169A;0;0
8;CASTILLA Y LEÓN;5;AVILA;170;170;NAVATEJARES;;05170A;0;0
8;CASTILLA Y LEÓN;5;AVILA;171;171;NEILA DE SAN MIGUEL;;05171A;0;0
8;CASTILLA Y LEÓN;5;AVILA;172;172;NIHARRA;;05172A;0;0
8;CASTILLA Y LEÓN;5;AVILA;173;173;OJOS-ALBOS;;05173A;0;0
8;CASTILLA Y LEÓN;5;AVILA;174;174;ORBITA;;05174A;0;0
8;CASTILLA Y LEÓN;5;AVILA;174;174;ORBITA;;05174B;0;1
8;CASTILLA Y LEÓN;5;AVILA;175;175;EL OSO;;05175A;0;0
8;CASTILLA Y LEÓN;5;AVILA;176;176;PADIERNOS;;05176A;0;0
8;CASTILLA Y LEÓN;5;AVILA;177;177;PAJARES DE ADAJA;;05177A;0;0
8;CASTILLA Y LEÓN;5;AVILA;178;178;PALACIOS DE GODA;;05178A;0;0
8;CASTILLA Y LEÓN;5;AVILA;179;179;PAPATRIGO;;05179A;0;0
8;CASTILLA Y LEÓN;5;AVILA;179;179;PAPATRIGO;;05179B;0;1
8;CASTILLA Y LEÓN;5;AVILA;180;180;EL PARRAL;;05180A;0;0
8;CASTILLA Y LEÓN;5;AVILA;181;181;PASCUALCOBO;;05181A;0;0
8;CASTILLA Y LEÓN;5;AVILA;182;182;PEDRO BERNARDO;;05182A;0;0
8;CASTILLA Y LEÓN;5;AVILA;183;183;PEDRO RODRIGUEZ;;05183A;0;0
8;CASTILLA Y LEÓN;5;AVILA;184;184;PEGUERINOS;;05184A;0;0
8;CASTILLA Y LEÓN;5;AVILA;185;185;PEÑALBA DE AVILA;;05185A;0;0
8;CASTILLA Y LEÓN;5;AVILA;186;186;PIEDRAHITA;;05186A;0;0
8;CASTILLA Y LEÓN;5;AVILA;187;187;PIEDRALAVES;;05187A;0;0
8;CASTILLA Y LEÓN;5;AVILA;188;188;POVEDA;;05188A;0;0
8;CASTILLA Y LEÓN;5;AVILA;189;189;POYALES DEL HOYO;;05189A;0;0
8;CASTILLA Y LEÓN;5;AVILA;190;190;POZANCO;;05190A;0;0
8;CASTILLA Y LEÓN;5;AVILA;191;191;PRADOSEGAR;;05191A;0;0
8;CASTILLA Y LEÓN;5;AVILA;192;192;PUERTO CASTILLA;;05192A;0;0
8;CASTILLA Y LEÓN;5;AVILA;193;193;RASUEROS;;05193A;0;0
8;CASTILLA Y LEÓN;5;AVILA;194;194;RIOCABADO;;05194A;0;0
8;CASTILLA Y LEÓN;5;AVILA;195;195;RIOFRIO;;05195A;0;0
8;CASTILLA Y LEÓN;5;AVILA;196;196;RIVILLA DE BARAJAS;;05196A;0;0
8;CASTILLA Y LEÓN;5;AVILA;197;197;SALOBRAL;;05197A;0;0
8;CASTILLA Y LEÓN;5;AVILA;198;198;SALVADIOS;;05198A;0;0
8;CASTILLA Y LEÓN;5;AVILA;199;199;SAN BARTOLOME DE BEJAR;;05199A;0;0
8;CASTILLA Y LEÓN;5;AVILA;200;200;SAN BARTOLOME DE CORNEJA;;05200A;0;0
8;CASTILLA Y LEÓN;5;AVILA;201;201;SAN BARTOLOME DE PINARES;;05201A;0;0
8;CASTILLA Y LEÓN;5;AVILA;204;204;SANCHIDRIAN;;05204A;0;0
8;CASTILLA Y LEÓN;5;AVILA;205;205;SANCHORREJA;;05205A;0;0
8;CASTILLA Y LEÓN;5;AVILA;206;206;SAN ESTEBAN DE LOS PATOS;;05206A;0;0
8;CASTILLA Y LEÓN;5;AVILA;207;207;SAN ESTEBAN DEL VALLE;;05207A;0;0
8;CASTILLA Y LEÓN;5;AVILA;208;208;SAN ESTEBAN DE ZAPARDIEL;;05208A;0;0
8;CASTILLA Y LEÓN;5;AVILA;209;209;SAN GARCIA DE INGELMOS;;05209A;0;0
8;CASTILLA Y LEÓN;5;AVILA;210;210;SAN JUAN DE LA ENCINILLA;;05210A;0;0
8;CASTILLA Y LEÓN;5;AVILA;211;211;SAN JUAN DE LA NAVA;;05211A;0;0
8;CASTILLA Y LEÓN;5;AVILA;212;212;SAN JUAN DEL MOLINILLO;;05212A;0;0
8;CASTILLA Y LEÓN;5;AVILA;213;213;SAN JUAN DEL OLMO;;05213A;0;0
8;CASTILLA Y LEÓN;5;AVILA;214;214;SAN LORENZO DE TORMES;;05214A;0;0
8;CASTILLA Y LEÓN;5;AVILA;215;215;SAN MARTIN DE LA VEGA DEL ALBE;;05215A;0;0
8;CASTILLA Y LEÓN;5;AVILA;216;216;SAN MARTIN DEL PIMPOLLAR;;05216A;0;0
8;CASTILLA Y LEÓN;5;AVILA;217;217;SAN MIGUEL DE CORNEJA;;05217A;0;0
8;CASTILLA Y LEÓN;5;AVILA;218;218;SAN MIGUEL DE SERREZUELA;;05218A;0;0
8;CASTILLA Y LEÓN;5;AVILA;219;219;SAN PASCUAL;;05219A;0;0
8;CASTILLA Y LEÓN;5;AVILA;220;220;SAN PEDRO DEL ARROYO;;05220A;0;0
8;CASTILLA Y LEÓN;5;AVILA;221;221;SANTA CRUZ DEL VALLE;;05221A;0;0
8;CASTILLA Y LEÓN;5;AVILA;222;222;SANTA CRUZ DE PINARES;;05222A;0;0
8;CASTILLA Y LEÓN;5;AVILA;224;224;SANTA MARIA DEL ARROYO;;05224A;0;0
8;CASTILLA Y LEÓN;5;AVILA;225;225;SANTA MARIA DEL BERROCAL;;05225A;0;0
8;CASTILLA Y LEÓN;5;AVILA;226;226;SANTA MARIA DE LOS CABALLEROS;;05226A;0;0
8;CASTILLA Y LEÓN;5;AVILA;227;227;SANTA MARIA DEL TIETAR;;05227A;0;0
8;CASTILLA Y LEÓN;5;AVILA;228;228;SANTIAGO DEL COLLADO;;05228A;0;0
8;CASTILLA Y LEÓN;5;AVILA;229;229;SANTO DOMINGO DE LAS POSADAS;;05229A;0;0
8;CASTILLA Y LEÓN;5;AVILA;230;230;SANTO TOME DE ZABARCOS;;05230A;0;0
8;CASTILLA Y LEÓN;5;AVILA;231;231;SAN VICENTE DE AREVALO;;05231A;0;0
8;CASTILLA Y LEÓN;5;AVILA;232;232;LA SERRADA;;05232A;0;0
8;CASTILLA Y LEÓN;5;AVILA;233;233;SERRANILLOS;;05233A;0;0
8;CASTILLA Y LEÓN;5;AVILA;234;234;SIGERES;;05234A;0;0
8;CASTILLA Y LEÓN;5;AVILA;235;235;SINLABAJOS;;05235A;0;0
8;CASTILLA Y LEÓN;5;AVILA;236;236;SOLANA DE AVILA;;05236A;0;0
8;CASTILLA Y LEÓN;5;AVILA;237;237;SOLANA DE RIOALMAR;;05237A;0;0
8;CASTILLA Y LEÓN;5;AVILA;238;238;SOLOSANCHO;;05238A;0;1
8;CASTILLA Y LEÓN;5;AVILA;239;239;SOTALVO;;05239A;0;0
8;CASTILLA Y LEÓN;5;AVILA;239;239;SOTALVO;;05239B;0;1
8;CASTILLA Y LEÓN;5;AVILA;240;240;SOTILLO DE LA ADRADA;;05240A;0;0
8;CASTILLA Y LEÓN;5;AVILA;241;241;EL TIEMBLO;;05241A;0;0
8;CASTILLA Y LEÓN;5;AVILA;242;242;TIÑOSILLOS;;05242A;0;0
8;CASTILLA Y LEÓN;5;AVILA;243;243;TOLBAÑOS;;05243A;0;0
8;CASTILLA Y LEÓN;5;AVILA;244;244;TORMELLAS;;05244A;0;0
8;CASTILLA Y LEÓN;5;AVILA;245;245;TORNADIZOS DE AVILA;;05245A;0;0
8;CASTILLA Y LEÓN;5;AVILA;246;247;TORTOLES;;05247A;0;0
8;CASTILLA Y LEÓN;5;AVILA;247;246;LA TORRE;;NULL;0;0
8;CASTILLA Y LEÓN;5;AVILA;247;246;LA TORRE;;05246A;0;1
8;CASTILLA Y LEÓN;5;AVILA;247;246;LA TORRE;BALBARDA;05246B;20;0
8;CASTILLA Y LEÓN;5;AVILA;247;246;LA TORRE;BLACHA;05246C;31;1
8;CASTILLA Y LEÓN;5;AVILA;249;249;UMBRIAS;;05249A;0;0
8;CASTILLA Y LEÓN;5;AVILA;251;251;VADILLO DE LA SIERRA;;05251A;0;0
8;CASTILLA Y LEÓN;5;AVILA;252;252;VALDECASA;;05252A;0;0
8;CASTILLA Y LEÓN;5;AVILA;253;253;VEGA DE SANTA MARIA;;05253A;0;0
8;CASTILLA Y LEÓN;5;AVILA;254;254;VELAYOS;;05254A;0;0
8;CASTILLA Y LEÓN;5;AVILA;256;256;VILLAFLOR;;05256A;0;0
8;CASTILLA Y LEÓN;5;AVILA;257;257;VILLAFRANCA DE LA SIERRA;;05257A;0;0
8;CASTILLA Y LEÓN;5;AVILA;258;258;VILLANUEVA DE GOMEZ;;05258A;0;0
8;CASTILLA Y LEÓN;5;AVILA;259;259;VILLANUEVA DEL ACERAL;;05259A;0;0
8;CASTILLA Y LEÓN;5;AVILA;259;259;VILLANUEVA DEL ACERAL;;05259B;0;1
8;CASTILLA Y LEÓN;5;AVILA;260;260;VILLANUEVA DEL CAMPILLO;;05260A;0;0
8;CASTILLA Y LEÓN;5;AVILA;261;261;VILLAR DE CORNEJA;;05261A;0;0
8;CASTILLA Y LEÓN;5;AVILA;262;262;VILLAREJO DEL VALLE;;05262A;0;0
8;CASTILLA Y LEÓN;5;AVILA;263;263;VILLATORO;;05263A;0;0
8;CASTILLA Y LEÓN;5;AVILA;264;264;VIÑEGRA DE MORAÑA;;05264A;0;0
8;CASTILLA Y LEÓN;5;AVILA;265;265;VITA;;05265A;0;0
8;CASTILLA Y LEÓN;5;AVILA;266;266;ZAPARDIEL DE LA CAÑADA;;05266A;0;0
8;CASTILLA Y LEÓN;5;AVILA;267;267;ZAPARDIEL DE LA RIBERA;;05267A;0;0
8;CASTILLA Y LEÓN;5;AVILA;901;269;SAN JUAN DE GREDOS;;05269A;0;0
8;CASTILLA Y LEÓN;5;AVILA;902;270;SANTA MARIA DEL CUBILLO;ALDEAVIEJA;05270A;9;0
8;CASTILLA Y LEÓN;5;AVILA;902;270;SANTA MARIA DEL CUBILLO;BLASCOELES;05270B;32;0
8;CASTILLA Y LEÓN;5;AVILA;903;272;DIEGO DEL CARPIO;;05272A;0;0
8;CASTILLA Y LEÓN;5;AVILA;904;273;SANTIAGO DE TORMES;;05273A;0;0
8;CASTILLA Y LEÓN;5;AVILA;905;274;VILLANUEVA DE AVILA;;05274A;0;0
8;CASTILLA Y LEÓN;9;BURGOS;1;1;ABAJAS;;09001A;0;0
8;CASTILLA Y LEÓN;9;BURGOS;3;3;ADRADA DE HAZA;;09003A;0;0
8;CASTILLA Y LEÓN;9;BURGOS;6;6;AGUAS CANDIDAS;;09006A;0;0
8;CASTILLA Y LEÓN;9;BURGOS;7;7;AGUILAR DE BUREBA;;09007A;0;0
8;CASTILLA Y LEÓN;9;BURGOS;9;9;ALBILLOS;;09009A;0;0
8;CASTILLA Y LEÓN;9;BURGOS;10;10;ALCOCERO DE MOLA;;09010A;0;0
8;CASTILLA Y LEÓN;9;BURGOS;11;11;ALFOZ DE BRICIA;;09011A;0;0
8;CASTILLA Y LEÓN;9;BURGOS;12;12;ALFOZ DE SANTA GADEA;;09012A;0;0
8;CASTILLA Y LEÓN;9;BURGOS;13;13;ALTABLE;;09013A;0;0
8;CASTILLA Y LEÓN;9;BURGOS;14;14;LOS ALTOS;;09014A;0;0
8;CASTILLA Y LEÓN;9;BURGOS;16;16;AMEYUGO;;09016A;0;0
8;CASTILLA Y LEÓN;9;BURGOS;17;17;ANGUIX;;09017A;0;0
8;CASTILLA Y LEÓN;9;BURGOS;18;18;ARANDA DE DUERO;;09018A;0;0
8;CASTILLA Y LEÓN;9;BURGOS;18;18;ARANDA DE DUERO;ARANDA DE DUERO;09018B;8;0
8;CASTILLA Y LEÓN;9;BURGOS;19;19;ARANDILLA;;09019A;0;0
8;CASTILLA Y LEÓN;9;BURGOS;20;20;ARAUZO DE MIEL;;09020A;0;0
8;CASTILLA Y LEÓN;9;BURGOS;21;21;ARAUZO DE SALCE;;09021A;0;0
8;CASTILLA Y LEÓN;9;BURGOS;22;22;ARAUZO DE TORRE;;09022A;0;0
8;CASTILLA Y LEÓN;9;BURGOS;23;23;ARCOS;;09023A;0;0
8;CASTILLA Y LEÓN;9;BURGOS;24;24;ARENILLAS DE RIOPISUERGA;;09024A;0;0
8;CASTILLA Y LEÓN;9;BURGOS;25;26;ARIJA;;09026A;0;0
8;CASTILLA Y LEÓN;9;BURGOS;26;27;ARLANZON;;09027A;0;0
8;CASTILLA Y LEÓN;9;BURGOS;26;27;ARLANZON;AGES;09027B;5;0
8;CASTILLA Y LEÓN;9;BURGOS;26;27;ARLANZON;GALARDE;09027C;145;0
8;CASTILLA Y LEÓN;9;BURGOS;26;27;ARLANZON;SANTOVENIA DE OCA;09027D;371;0
8;CASTILLA Y LEÓN;9;BURGOS;26;27;ARLANZON;ZALDUENDO;09027E;499;0
8;CASTILLA Y LEÓN;9;BURGOS;27;28;ARRAYA DE OCA;;09028A;0;0
8;CASTILLA Y LEÓN;9;BURGOS;29;30;ATAPUERCA;;09030A;0;0
8;CASTILLA Y LEÓN;9;BURGOS;30;31;LOS AUSINES;;09031A;0;0
8;CASTILLA Y LEÓN;9;BURGOS;32;33;AVELLANOSA DE MUÑO;;09033A;0;0
8;CASTILLA Y LEÓN;9;BURGOS;33;34;BAHABON DE ESGUEVA;;09034A;0;0
8;CASTILLA Y LEÓN;9;BURGOS;34;35;LOS BALBASES;;09035A;0;0
8;CASTILLA Y LEÓN;9;BURGOS;35;36;BAÑOS DE VALDEARADOS;;09036A;0;0
8;CASTILLA Y LEÓN;9;BURGOS;36;37;BAÑUELOS DE BUREBA;;09037A;0;0
8;CASTILLA Y LEÓN;9;BURGOS;37;38;BARBADILLO DE HERREROS;;09038A;0;0
8;CASTILLA Y LEÓN;9;BURGOS;38;39;BARBADILLO DEL MERCADO;;09039A;0;0
8;CASTILLA Y LEÓN;9;BURGOS;39;40;BARBADILLO DEL PEZ;;09040A;0;0
8;CASTILLA Y LEÓN;9;BURGOS;41;42;BARRIO DE MUÑO;;09042A;0;0
8;CASTILLA Y LEÓN;9;BURGOS;43;44;LOS BARRIOS DE BUREBA;;09044A;0;0
8;CASTILLA Y LEÓN;9;BURGOS;43;44;LOS BARRIOS DE BUREBA;SOLDUENGO;09044C;379;0
8;CASTILLA Y LEÓN;9;BURGOS;43;44;LOS BARRIOS DE BUREBA;VESGAS;09044D;432;0
8;CASTILLA Y LEÓN;9;BURGOS;44;45;BARRIOS DE COLINA;;09045A;0;0
8;CASTILLA Y LEÓN;9;BURGOS;45;47;BASCONCILLOS DEL TOZO;;09047A;0;0
8;CASTILLA Y LEÓN;9;BURGOS;45;47;BASCONCILLOS DEL TOZO;LA PIEDRA;09047B;272;0
8;CASTILLA Y LEÓN;9;BURGOS;46;48;BASCUÑANA;;09048A;0;0
8;CASTILLA Y LEÓN;9;BURGOS;47;49;BELBIMBRE;;09049A;0;0
8;CASTILLA Y LEÓN;9;BURGOS;48;50;BELORADO;;09050A;0;0
8;CASTILLA Y LEÓN;9;BURGOS;48;50;BELORADO;CASTIL DE CARRIAS;09050B;83;0
8;CASTILLA Y LEÓN;9;BURGOS;48;50;BELORADO;ETERNA;09050C;129;0
8;CASTILLA Y LEÓN;9;BURGOS;48;50;BELORADO;PURAS DE VILLAFRANCA;09050D;286;0
8;CASTILLA Y LEÓN;9;BURGOS;48;50;BELORADO;QUINTANALORANCO;09050E;294;0
8;CASTILLA Y LEÓN;9;BURGOS;50;52;BERBERANA;;09052A;0;0
8;CASTILLA Y LEÓN;9;BURGOS;51;53;BERLANGAS DE ROA;;09053A;0;0
8;CASTILLA Y LEÓN;9;BURGOS;52;54;BERZOSA DE BUREBA;;09054A;0;0
8;CASTILLA Y LEÓN;9;BURGOS;54;56;BOZOO;;09056A;0;0
8;CASTILLA Y LEÓN;9;BURGOS;55;57;BRAZACORTA;;09057A;0;0
8;CASTILLA Y LEÓN;9;BURGOS;56;58;BRIVIESCA;;09058A;0;0
8;CASTILLA Y LEÓN;9;BURGOS;56;58;BRIVIESCA;CAMENO;09058B;67;0
8;CASTILLA Y LEÓN;9;BURGOS;56;58;BRIVIESCA;QUINTANILLABON;09058C;302;0
8;CASTILLA Y LEÓN;9;BURGOS;57;59;BUGEDO;;09059A;0;0
8;CASTILLA Y LEÓN;9;BURGOS;58;60;BUNIEL;;09060A;0;0
8;CASTILLA Y LEÓN;9;BURGOS;59;900;BURGOS;;09900A;0;0
8;CASTILLA Y LEÓN;9;BURGOS;59;900;BURGOS;VILLAFRIA DE BURGOS;09900B;444;0
8;CASTILLA Y LEÓN;9;BURGOS;60;62;BUSTO DE BUREBA;;09062A;0;0
8;CASTILLA Y LEÓN;9;BURGOS;61;63;CABAÑES DE ESGUEVA;;09063A;0;0
8;CASTILLA Y LEÓN;9;BURGOS;62;64;CABEZON DE LA SIERRA;;09064A;0;0
8;CASTILLA Y LEÓN;9;BURGOS;63;65;CABIA;;09065A;0;0
8;CASTILLA Y LEÓN;9;BURGOS;64;66;CALERUEGA;;09066A;0;0
8;CASTILLA Y LEÓN;9;BURGOS;65;68;CAMPILLO DE ARANDA;;09068A;0;0
8;CASTILLA Y LEÓN;9;BURGOS;66;69;CAMPOLARA;;09069A;0;0
8;CASTILLA Y LEÓN;9;BURGOS;67;70;CANICOSA DE LA SIERRA;;09070A;0;0
8;CASTILLA Y LEÓN;9;BURGOS;68;71;CANTABRANA;;09071A;0;0
8;CASTILLA Y LEÓN;9;BURGOS;70;73;CARAZO;;09073A;0;0
8;CASTILLA Y LEÓN;9;BURGOS;71;74;CARCEDO DE BUREBA;;09074A;0;0
8;CASTILLA Y LEÓN;9;BURGOS;72;75;CARCEDO DE BURGOS;;09075A;0;0
8;CASTILLA Y LEÓN;9;BURGOS;73;76;CARDEÑADIJO;;09076A;0;0
8;CASTILLA Y LEÓN;9;BURGOS;74;77;CARDEÑAJIMENO;;09077A;0;0
8;CASTILLA Y LEÓN;9;BURGOS;75;78;CARDEÑUELA DE RIO PICO;;09078A;0;0
8;CASTILLA Y LEÓN;9;BURGOS;76;79;CARRIAS;;09079A;0;0
8;CASTILLA Y LEÓN;9;BURGOS;77;80;CASCAJARES DE BUREBA;;09080A;0;0
8;CASTILLA Y LEÓN;9;BURGOS;78;81;CASCAJARES DE LA SIERRA;;09081A;0;0
8;CASTILLA Y LEÓN;9;BURGOS;79;82;CASTELLANOS DE CASTRO;;09082A;0;0
8;CASTILLA Y LEÓN;9;BURGOS;82;85;CASTILDELGADO;;09085A;0;0
8;CASTILLA Y LEÓN;9;BURGOS;83;86;CASTIL DE PEONES;;09086A;0;0
8;CASTILLA Y LEÓN;9;BURGOS;84;87;CASTRILLO DE LA REINA;;09087A;0;0
8;CASTILLA Y LEÓN;9;BURGOS;85;88;CASTRILLO DE LA VEGA;;09088A;0;0
8;CASTILLA Y LEÓN;9;BURGOS;86;89;CASTRILLO DEL VAL;;09089A;0;0
8;CASTILLA Y LEÓN;9;BURGOS;88;91;CASTRILLO DE RIOPISUERGA;;09091A;0;0
8;CASTILLA Y LEÓN;9;BURGOS;90;93;CASTRILLO MOTA DE JUDIOS;;09093A;0;0
8;CASTILLA Y LEÓN;9;BURGOS;91;94;CASTROJERIZ;;09094A;0;0
8;CASTILLA Y LEÓN;9;BURGOS;91;94;CASTROJERIZ;HINESTROSA;09094B;160;0
8;CASTILLA Y LEÓN;9;BURGOS;91;94;CASTROJERIZ;VILLASILOS;09094C;479;0
8;CASTILLA Y LEÓN;9;BURGOS;91;94;CASTROJERIZ;VILLAVETA;09094D;486;0
8;CASTILLA Y LEÓN;9;BURGOS;93;96;CAYUELA;;09096A;0;0
8;CASTILLA Y LEÓN;9;BURGOS;94;97;CEBRECOS;;09097A;0;0
8;CASTILLA Y LEÓN;9;BURGOS;95;98;CELADA DEL CAMINO;;09098A;0;0
8;CASTILLA Y LEÓN;9;BURGOS;98;101;CEREZO DE RIOTIRON;;09101A;0;0
8;CASTILLA Y LEÓN;9;BURGOS;100;103;CERRATON DE JUARROS;;09103A;0;0
8;CASTILLA Y LEÓN;9;BURGOS;101;104;CIADONCHA;;09104A;0;0
8;CASTILLA Y LEÓN;9;BURGOS;102;105;CILLAPERLATA;;09105A;0;0
8;CASTILLA Y LEÓN;9;BURGOS;103;106;CILLERUELO DE ABAJO;;09106A;0;0
8;CASTILLA Y LEÓN;9;BURGOS;104;107;CILLERUELO DE ARRIBA;;09107A;0;0
8;CASTILLA Y LEÓN;9;BURGOS;105;108;CIRUELOS DE CERVERA;;09108A;0;0
8;CASTILLA Y LEÓN;9;BURGOS;108;111;COGOLLOS;;09111A;0;0
8;CASTILLA Y LEÓN;9;BURGOS;109;112;CONDADO DE TREVIÑO;;09112A;0;0
8;CASTILLA Y LEÓN;9;BURGOS;110;113;CONTRERAS;;09113A;0;0
8;CASTILLA Y LEÓN;9;BURGOS;112;115;CORUÑA DEL CONDE;;09115A;0;0
8;CASTILLA Y LEÓN;9;BURGOS;113;116;COVARRUBIAS;;09116A;0;0
8;CASTILLA Y LEÓN;9;BURGOS;114;117;CUBILLO DEL CAMPO;;09117A;0;0
8;CASTILLA Y LEÓN;9;BURGOS;115;118;CUBO DE BUREBA;;09118A;0;0
8;CASTILLA Y LEÓN;9;BURGOS;117;120;LA CUEVA DE ROA;;09120A;0;0
8;CASTILLA Y LEÓN;9;BURGOS;119;122;CUEVAS DE SAN CLEMENTE;;09122A;0;0
8;CASTILLA Y LEÓN;9;BURGOS;120;123;ENCIO;;09123A;0;0
8;CASTILLA Y LEÓN;9;BURGOS;122;125;ESPINOSA DE CERVERA;;09125A;0;0
8;CASTILLA Y LEÓN;9;BURGOS;123;126;ESPINOSA DEL CAMINO;;09126A;0;0
8;CASTILLA Y LEÓN;9;BURGOS;124;127;ESPINOSA DE LOS MONTEROS;;09127A;0;0
8;CASTILLA Y LEÓN;9;BURGOS;125;128;ESTEPAR;;09128A;0;0
8;CASTILLA Y LEÓN;9;BURGOS;125;128;ESTEPAR;HORMAZA;09128B;168;0
8;CASTILLA Y LEÓN;9;BURGOS;125;128;ESTEPAR;MAZUELO DE MUÑO;09128C;212;0
8;CASTILLA Y LEÓN;9;BURGOS;125;128;ESTEPAR;MEDINILLA DE LA DEHESA;09128D;215;0
8;CASTILLA Y LEÓN;9;BURGOS;125;128;ESTEPAR;QUINTANILLA-SOMUÑO;09128E;310;0
8;CASTILLA Y LEÓN;9;BURGOS;125;128;ESTEPAR;VILVIESTRE DE  MUÑO;09128F;438;0
8;CASTILLA Y LEÓN;9;BURGOS;125;128;ESTEPAR;VILLAGUTIERREZ;09128G;448;0
8;CASTILLA Y LEÓN;9;BURGOS;125;128;ESTEPAR;VILLAVIEJA DE MUÑO;09128H;487;0
8;CASTILLA Y LEÓN;9;BURGOS;127;130;FONTIOSO;;09130A;0;0
8;CASTILLA Y LEÓN;9;BURGOS;128;131;FRANDOVINEZ;;09131A;0;0
8;CASTILLA Y LEÓN;9;BURGOS;129;132;FRESNEDA DE LA SIERRA;;09132A;0;0
8;CASTILLA Y LEÓN;9;BURGOS;130;133;FRESNEÑA;;09133A;0;0
8;CASTILLA Y LEÓN;9;BURGOS;131;134;FRESNILLO DE LAS DUEÑAS;;09134A;0;0
8;CASTILLA Y LEÓN;9;BURGOS;132;135;FRESNO DE RIOTIRON;;09135A;0;0
8;CASTILLA Y LEÓN;9;BURGOS;133;136;FRESNO DE RODILLA;;09136A;0;0
8;CASTILLA Y LEÓN;9;BURGOS;134;137;FRIAS;;09137A;0;0
8;CASTILLA Y LEÓN;9;BURGOS;135;138;FUENTEBUREBA;;09138A;0;0
8;CASTILLA Y LEÓN;9;BURGOS;136;139;FUENTECEN;;09139A;0;0
8;CASTILLA Y LEÓN;9;BURGOS;137;140;FUENTELCESPED;;09140A;0;0
8;CASTILLA Y LEÓN;9;BURGOS;138;141;FUENTELISENDO;;09141A;0;0
8;CASTILLA Y LEÓN;9;BURGOS;139;142;FUENTEMOLINOS;;09142A;0;0
8;CASTILLA Y LEÓN;9;BURGOS;140;143;FUENTENEBRO;;09143A;0;0
8;CASTILLA Y LEÓN;9;BURGOS;141;144;FUENTESPINA;;09144A;0;0
8;CASTILLA Y LEÓN;9;BURGOS;143;146;GALBARROS;;09146A;0;0
8;CASTILLA Y LEÓN;9;BURGOS;144;147;LA GALLEGA;;09147A;0;0
8;CASTILLA Y LEÓN;9;BURGOS;148;151;GRIJALBA;;09151A;0;0
8;CASTILLA Y LEÓN;9;BURGOS;149;152;GRISALEÑA;;09152A;0;0
8;CASTILLA Y LEÓN;9;BURGOS;151;154;GUMIEL DE IZAN;;09154A;0;0
8;CASTILLA Y LEÓN;9;BURGOS;152;155;GUMIEL DEL MERCADO;;09155A;0;0
8;CASTILLA Y LEÓN;9;BURGOS;154;157;HACINAS;;09157A;0;0
8;CASTILLA Y LEÓN;9;BURGOS;155;158;HAZA;;09158A;0;0
8;CASTILLA Y LEÓN;9;BURGOS;159;162;HONTANAS;;09162A;0;0
8;CASTILLA Y LEÓN;9;BURGOS;160;163;HONTANGAS;;09163A;0;0
8;CASTILLA Y LEÓN;9;BURGOS;162;165;HONTORIA DE LA CANTERA;;09165A;0;0
8;CASTILLA Y LEÓN;9;BURGOS;163;166;HONTORIA DEL PINAR;;09166A;0;0
8;CASTILLA Y LEÓN;9;BURGOS;164;167;HONTORIA DE VALDEARADOS;;09167A;0;0
8;CASTILLA Y LEÓN;9;BURGOS;166;169;LAS HORMAZAS;;09169A;0;0
8;CASTILLA Y LEÓN;9;BURGOS;167;170;HORNILLOS DEL CAMINO;;09170A;0;0
8;CASTILLA Y LEÓN;9;BURGOS;168;171;LA HORRA;;09171A;0;0
8;CASTILLA Y LEÓN;9;BURGOS;169;172;HORTIGUELA;;09172A;0;0
8;CASTILLA Y LEÓN;9;BURGOS;170;173;HOYALES DE ROA;;09173A;0;0
8;CASTILLA Y LEÓN;9;BURGOS;172;175;HUERMECES;;09175A;0;0
8;CASTILLA Y LEÓN;9;BURGOS;172;175;HUERMECES;QUINTANILLA-PEDRO ABARCA;09175B;306;0
8;CASTILLA Y LEÓN;9;BURGOS;173;176;HUERTA DE ARRIBA;;09176A;0;0
8;CASTILLA Y LEÓN;9;BURGOS;174;177;HUERTA DE REY;;09177A;0;0
8;CASTILLA Y LEÓN;9;BURGOS;174;177;HUERTA DE REY;HINOJAR DEL REY;09177B;161;0
8;CASTILLA Y LEÓN;9;BURGOS;174;177;HUERTA DE REY;PEÑALBA DE CASTRO;09177C;268;0
8;CASTILLA Y LEÓN;9;BURGOS;174;177;HUERTA DE REY;QUINTANARRAYA;09177D;299;0
8;CASTILLA Y LEÓN;9;BURGOS;175;178;HUMADA;;09178A;0;0
8;CASTILLA Y LEÓN;9;BURGOS;175;178;HUMADA;VILLAMARTÍN DE VILLADIEGO;09178B;457;0
8;CASTILLA Y LEÓN;9;BURGOS;176;179;HURONES;;09179A;0;0
8;CASTILLA Y LEÓN;9;BURGOS;177;180;IBEAS DE JUARROS;;09180A;0;0
8;CASTILLA Y LEÓN;9;BURGOS;177;180;IBEAS DE JUARROS;CUEVA DE JUARROS;09180B;119;0
8;CASTILLA Y LEÓN;9;BURGOS;177;180;IBEAS DE JUARROS;SALGÜERO DE JUARROS;09180C;344;0
8;CASTILLA Y LEÓN;9;BURGOS;177;180;IBEAS DE JUARROS;SANTA CRUZ DE JUARROS;09180D;355;0
8;CASTILLA Y LEÓN;9;BURGOS;178;181;IBRILLOS;;09181A;0;0
8;CASTILLA Y LEÓN;9;BURGOS;179;182;IGLESIARRUBIA;;09182A;0;0
8;CASTILLA Y LEÓN;9;BURGOS;180;183;IGLESIAS;;09183A;0;0
8;CASTILLA Y LEÓN;9;BURGOS;181;184;ISAR;;09184A;0;0
8;CASTILLA Y LEÓN;9;BURGOS;181;184;ISAR;CAÑIZAR DE ARGAÑANO;09184B;72;0
8;CASTILLA Y LEÓN;9;BURGOS;181;184;ISAR;PALACIOS DE BENAVER;09184C;253;0
8;CASTILLA Y LEÓN;9;BURGOS;181;184;ISAR;VILLOREJO;09184D;491;0
8;CASTILLA Y LEÓN;9;BURGOS;182;185;ITERO DEL CASTILLO;;09185A;0;0
8;CASTILLA Y LEÓN;9;BURGOS;183;186;JARAMILLO DE LA FUENTE;;09186A;0;0
8;CASTILLA Y LEÓN;9;BURGOS;184;187;JARAMILLO QUEMADO;;09187A;0;0
8;CASTILLA Y LEÓN;9;BURGOS;189;192;JUNTA DE TRASLALOMA;;09192A;0;0
8;CASTILLA Y LEÓN;9;BURGOS;190;193;JUNTA DE VILLALBA DE LOSA;;09193A;0;0
8;CASTILLA Y LEÓN;9;BURGOS;191;194;JURISDICCION DE LARA;;09194A;0;0
8;CASTILLA Y LEÓN;9;BURGOS;192;195;JURISDICCION DE SAN ZADORNIL;;09195A;0;0
8;CASTILLA Y LEÓN;9;BURGOS;194;197;LERMA;;09197A;0;0
8;CASTILLA Y LEÓN;9;BURGOS;194;197;LERMA;CASTRILLO DE SOLARANA;09197B;92;0
8;CASTILLA Y LEÓN;9;BURGOS;194;197;LERMA;REVILLA-CABRIADA;09197C;324;0
8;CASTILLA Y LEÓN;9;BURGOS;195;199;LLANO DE BUREBA;;09199A;0;0
8;CASTILLA Y LEÓN;9;BURGOS;196;200;MADRIGAL DEL MONTE;;09200A;0;0
8;CASTILLA Y LEÓN;9;BURGOS;197;201;MADRIGALEJO DEL MONTE;;09201A;0;0
8;CASTILLA Y LEÓN;9;BURGOS;198;202;MAHAMUD;;09202A;0;0
8;CASTILLA Y LEÓN;9;BURGOS;199;203;MAMBRILLA DE CASTREJON;;09203A;0;0
8;CASTILLA Y LEÓN;9;BURGOS;200;204;MAMBRILLAS DE LARA;;09204A;0;0
8;CASTILLA Y LEÓN;9;BURGOS;201;205;MAMOLAR;;09205A;0;0
8;CASTILLA Y LEÓN;9;BURGOS;202;206;MANCILES;;09206A;0;0
8;CASTILLA Y LEÓN;9;BURGOS;206;211;MAZUELA;;09211A;0;0
8;CASTILLA Y LEÓN;9;BURGOS;208;213;MECERREYES;;09213A;0;0
8;CASTILLA Y LEÓN;9;BURGOS;209;214;MEDINA DE POMAR;;09214A;0;0
8;CASTILLA Y LEÓN;9;BURGOS;209;214;MEDINA DE POMAR;AFORADOS DE MONEO;09214B;4;0
8;CASTILLA Y LEÓN;9;BURGOS;209;214;MEDINA DE POMAR;JUNTA DE LA CERCA;09214C;188;0
8;CASTILLA Y LEÓN;9;BURGOS;211;216;MELGAR DE FERNAMENTAL;;09216A;0;0
8;CASTILLA Y LEÓN;9;BURGOS;211;216;MELGAR DE FERNAMENTAL;SANTA MARÍA ANANÚÑEZ;09216B;360;0
8;CASTILLA Y LEÓN;9;BURGOS;211;216;MELGAR DE FERNAMENTAL;SAN LLORENTE;09216C;504;0
8;CASTILLA Y LEÓN;9;BURGOS;213;218;MERINDAD DE CUESTA URRIA;;09218A;0;0
8;CASTILLA Y LEÓN;9;BURGOS;214;219;MERINDAD DE MONTIJA;;09219A;0;0
8;CASTILLA Y LEÓN;9;BURGOS;215;220;MERINDAD DE SOTOSCUEVA;;09220A;0;0
8;CASTILLA Y LEÓN;9;BURGOS;216;221;MERINDAD DE VALDEPORRES;;09221A;0;0
8;CASTILLA Y LEÓN;9;BURGOS;217;222;MERINDAD DE VALDIVIELSO;;09222A;0;0
8;CASTILLA Y LEÓN;9;BURGOS;218;223;MILAGROS;;09223A;0;0
8;CASTILLA Y LEÓN;9;BURGOS;219;224;MIRANDA DE EBRO;;09224A;0;0
8;CASTILLA Y LEÓN;9;BURGOS;219;224;MIRANDA DE EBRO;ORON;09224B;249;0
8;CASTILLA Y LEÓN;9;BURGOS;220;225;MIRAVECHE;;09225A;0;0
8;CASTILLA Y LEÓN;9;BURGOS;221;226;MODUBAR DE LA EMPAREDADA;;09226A;0;0
8;CASTILLA Y LEÓN;9;BURGOS;223;228;MONASTERIO DE LA SIERRA;;09228A;0;0
8;CASTILLA Y LEÓN;9;BURGOS;224;229;MONASTERIO DE RODILLA;;09229A;0;0
8;CASTILLA Y LEÓN;9;BURGOS;225;230;MONCALVILLO;;09230A;0;0
8;CASTILLA Y LEÓN;9;BURGOS;226;231;MONTERRUBIO DE LA DEMANDA;;09231A;0;0
8;CASTILLA Y LEÓN;9;BURGOS;227;232;MONTORIO;;09232A;0;0
8;CASTILLA Y LEÓN;9;BURGOS;228;233;MORADILLO DE ROA;;09233A;0;0
8;CASTILLA Y LEÓN;9;BURGOS;229;235;NAVA DE ROA;;09235A;0;0
8;CASTILLA Y LEÓN;9;BURGOS;230;236;NAVAS DE BUREBA;;09236A;0;0
8;CASTILLA Y LEÓN;9;BURGOS;231;237;NEBREDA;;09237A;0;0
8;CASTILLA Y LEÓN;9;BURGOS;232;238;NEILA;;09238A;0;0
8;CASTILLA Y LEÓN;9;BURGOS;235;241;OLMEDILLO DE ROA;;09241A;0;0
8;CASTILLA Y LEÓN;9;BURGOS;236;242;OLMILLOS DE MUÑO;;09242A;0;0
8;CASTILLA Y LEÓN;9;BURGOS;238;245;OÑA;;09245A;0;0
8;CASTILLA Y LEÓN;9;BURGOS;238;245;OÑA;BARCINA DE LOS MONTES;09245B;41;0
8;CASTILLA Y LEÓN;9;BURGOS;238;245;OÑA;BENTRETEA;09245C;51;0
8;CASTILLA Y LEÓN;9;BURGOS;238;245;OÑA;CORNUDILLA;09245D;114;0
8;CASTILLA Y LEÓN;9;BURGOS;238;245;OÑA;HERMOSILLA;09245E;159;0
8;CASTILLA Y LEÓN;9;BURGOS;238;245;OÑA;LA PARTE DE BUREBA;09245F;262;0
8;CASTILLA Y LEÓN;9;BURGOS;238;245;OÑA;PINO BUREBA;09245G;279;0
8;CASTILLA Y LEÓN;9;BURGOS;238;245;OÑA;TERMINON;09245H;391;0
8;CASTILLA Y LEÓN;9;BURGOS;239;246;OQUILLAS;;09246A;0;0
8;CASTILLA Y LEÓN;9;BURGOS;241;248;ORBANEJA-RIO PICO;;09248A;0;0
8;CASTILLA Y LEÓN;9;BURGOS;242;250;PADILLA DE ABAJO;;09250A;0;0
8;CASTILLA Y LEÓN;9;BURGOS;243;251;PADILLA DE ARRIBA;;09251A;0;0
8;CASTILLA Y LEÓN;9;BURGOS;244;252;PADRONES DE BUREBA;;09252A;0;0
8;CASTILLA Y LEÓN;9;BURGOS;246;254;PALACIOS DE LA SIERRA;;09254A;0;0
8;CASTILLA Y LEÓN;9;BURGOS;247;255;PALACIOS DE RIOPISUERGA;;09255A;0;0
8;CASTILLA Y LEÓN;9;BURGOS;248;256;PALAZUELOS DE LA SIERRA;;09256A;0;0
8;CASTILLA Y LEÓN;9;BURGOS;249;257;PALAZUELOS DE MUÑO;;09257A;0;0
8;CASTILLA Y LEÓN;9;BURGOS;250;258;PAMPLIEGA;;09258A;0;0
8;CASTILLA Y LEÓN;9;BURGOS;251;259;PANCORBO;;09259A;0;0
8;CASTILLA Y LEÓN;9;BURGOS;253;261;PARDILLA;;09261A;0;0
8;CASTILLA Y LEÓN;9;BURGOS;255;263;PARTIDO DE LA SIERRA DE TOBALI;;09263A;0;0
8;CASTILLA Y LEÓN;9;BURGOS;256;264;PEDROSA DE DUERO;;09264A;0;0
8;CASTILLA Y LEÓN;9;BURGOS;256;264;PEDROSA DE DUERO;BOADA DE ROA;09264B;55;0
8;CASTILLA Y LEÓN;9;BURGOS;256;264;PEDROSA DE DUERO;GUZMÁN;09264C;156;0
8;CASTILLA Y LEÓN;9;BURGOS;256;264;PEDROSA DE DUERO;QUINTANAMANVIRGO;09264D;295;0
8;CASTILLA Y LEÓN;9;BURGOS;256;264;PEDROSA DE DUERO;VALCAVADO DE ROA;09264E;414;0
8;CASTILLA Y LEÓN;9;BURGOS;257;265;PEDROSA DEL PARAMO;;09265A;0;0
8;CASTILLA Y LEÓN;9;BURGOS;258;266;PEDROSA DEL PRINCIPE;;09266A;0;0
8;CASTILLA Y LEÓN;9;BURGOS;259;267;PEDROSA DE RIO-URBEL;PEDROSA DE RIO URBEL*;09267A;0;0
8;CASTILLA Y LEÓN;9;BURGOS;259;267;PEDROSA DE RIO-URBEL;LODOSO;09267B;198;0
8;CASTILLA Y LEÓN;9;BURGOS;259;267;PEDROSA DE RIO-URBEL;MARMELLAR DE ABAJO;09267C;208;0
8;CASTILLA Y LEÓN;9;BURGOS;259;267;PEDROSA DE RIO-URBEL;SAN PEDRO SAMUEL;09267D;352;0
8;CASTILLA Y LEÓN;9;BURGOS;261;269;PEÑARANDA DE DUERO;;09269A;0;0
8;CASTILLA Y LEÓN;9;BURGOS;262;270;PERAL DE ARLANZA;;09270A;0;0
8;CASTILLA Y LEÓN;9;BURGOS;265;273;PIERNIGAS;;09273A;0;0
8;CASTILLA Y LEÓN;9;BURGOS;266;274;PINEDA DE LA SIERRA;;09274A;0;0
8;CASTILLA Y LEÓN;9;BURGOS;267;275;PINEDA-TRASMONTE;;09275A;0;0
8;CASTILLA Y LEÓN;9;BURGOS;268;276;PINILLA DE LOS BARRUECOS;;09276A;0;0
8;CASTILLA Y LEÓN;9;BURGOS;269;277;PINILLA DE LOS MOROS;;09277A;0;0
8;CASTILLA Y LEÓN;9;BURGOS;270;278;PINILLA-TRASMONTE;;09278A;0;0
8;CASTILLA Y LEÓN;9;BURGOS;272;280;POZA DE LA SAL;;09280A;0;0
8;CASTILLA Y LEÓN;9;BURGOS;272;280;POZA DE LA SAL;CASTIL DE LENCES;09280B;84;0
8;CASTILLA Y LEÓN;9;BURGOS;272;280;POZA DE LA SAL;LENCES;09280C;196;0
8;CASTILLA Y LEÓN;9;BURGOS;273;281;PRADANOS DE BUREBA;;09281A;0;0
8;CASTILLA Y LEÓN;9;BURGOS;274;282;PRADOLUENGO;;09282A;0;0
8;CASTILLA Y LEÓN;9;BURGOS;274;282;PRADOLUENGO;GARGANCHON;09282B;148;0
8;CASTILLA Y LEÓN;9;BURGOS;275;283;PRESENCIO;;09283A;0;0
8;CASTILLA Y LEÓN;9;BURGOS;276;284;LA PUEBLA DE ARGANZON;;09284A;0;0
8;CASTILLA Y LEÓN;9;BURGOS;277;285;PUENTEDURA;;09285A;0;0
8;CASTILLA Y LEÓN;9;BURGOS;279;287;QUEMADA;;09287A;0;0
8;CASTILLA Y LEÓN;9;BURGOS;280;288;QUINTANABUREBA;;09288A;0;0
8;CASTILLA Y LEÓN;9;BURGOS;281;289;QUINTANA DEL PIDIO;;09289A;0;0
8;CASTILLA Y LEÓN;9;BURGOS;283;291;QUINTANAELEZ;;09291A;0;0
8;CASTILLA Y LEÓN;9;BURGOS;287;296;QUINTANAORTUÑO;;09296A;0;0
8;CASTILLA Y LEÓN;9;BURGOS;288;297;QUINTANAPALLA;;09297A;0;0
8;CASTILLA Y LEÓN;9;BURGOS;289;298;QUINTANAR DE LA SIERRA;;09298A;0;0
8;CASTILLA Y LEÓN;9;BURGOS;292;301;QUINTANAVIDES;;09301A;0;0
8;CASTILLA Y LEÓN;9;BURGOS;294;304;QUINTANILLA DE LA MATA;;09304A;0;0
8;CASTILLA Y LEÓN;9;BURGOS;295;305;QUINTANILLA DEL COCO;;09305A;0;0
8;CASTILLA Y LEÓN;9;BURGOS;297;307;LAS QUINTANILLAS;;09307A;0;0
8;CASTILLA Y LEÓN;9;BURGOS;297;307;LAS QUINTANILLAS;SANTA MARIA-TAJADURA;09307B;365;0
8;CASTILLA Y LEÓN;9;BURGOS;297;307;LAS QUINTANILLAS;VILLARMENTERO;09307C;475;0
8;CASTILLA Y LEÓN;9;BURGOS;298;308;QUINTANILLA SAN-GARCIA;;09308A;0;0
8;CASTILLA Y LEÓN;9;BURGOS;301;311;QUINTANILLA-VIVAR;;09311A;0;0
8;CASTILLA Y LEÓN;9;BURGOS;302;312;RABANERA DEL PINAR;;09312A;0;0
8;CASTILLA Y LEÓN;9;BURGOS;303;313;RABANOS;;09313A;0;0
8;CASTILLA Y LEÓN;9;BURGOS;304;314;RABE DE LAS CALZADAS;;09314A;0;0
8;CASTILLA Y LEÓN;9;BURGOS;306;316;REBOLLEDO DE LA TORRE;;09316A;0;0
8;CASTILLA Y LEÓN;9;BURGOS;307;317;REDECILLA DEL CAMINO;;09317A;0;0
8;CASTILLA Y LEÓN;9;BURGOS;308;318;REDECILLA DEL CAMPO;;09318A;0;0
8;CASTILLA Y LEÓN;9;BURGOS;309;319;REGUMIEL DE LA SIERRA;;09319A;0;0
8;CASTILLA Y LEÓN;9;BURGOS;310;320;REINOSO;;09320A;0;0
8;CASTILLA Y LEÓN;9;BURGOS;311;322;RETUERTA;;09322A;0;0
8;CASTILLA Y LEÓN;9;BURGOS;312;323;LA REVILLA;;09323A;0;0
8;CASTILLA Y LEÓN;9;BURGOS;314;325;REVILLA DEL CAMPO;;09325A;0;0
8;CASTILLA Y LEÓN;9;BURGOS;314;325;REVILLA DEL CAMPO;QUINTANALARA;09325B;292;0
8;CASTILLA Y LEÓN;9;BURGOS;315;326;REVILLARRUZ;;09326A;0;0
8;CASTILLA Y LEÓN;9;BURGOS;316;327;REVILLA-VALLEJERA;;09327A;0;0
8;CASTILLA Y LEÓN;9;BURGOS;317;328;REZMONDO;;09328A;0;0
8;CASTILLA Y LEÓN;9;BURGOS;318;329;RIOCAVADO DE LA SIERRA;;09329A;0;0
8;CASTILLA Y LEÓN;9;BURGOS;321;332;ROA;;09332A;0;0
8;CASTILLA Y LEÓN;9;BURGOS;323;334;ROJAS;;09334A;0;0
8;CASTILLA Y LEÓN;9;BURGOS;325;336;ROYUELA DE RIO FRANCO;;09336A;0;0
8;CASTILLA Y LEÓN;9;BURGOS;326;337;RUBENA;;09337A;0;0
8;CASTILLA Y LEÓN;9;BURGOS;327;338;RUBLACEDO DE ABAJO;;09338A;0;0
8;CASTILLA Y LEÓN;9;BURGOS;328;339;RUCANDIO;;09339A;0;0
8;CASTILLA Y LEÓN;9;BURGOS;329;340;SALAS DE BUREBA;;09340A;0;0
8;CASTILLA Y LEÓN;9;BURGOS;330;341;SALAS DE LOS INFANTES;;09341A;0;0
8;CASTILLA Y LEÓN;9;BURGOS;330;341;SALAS DE LOS INFANTES;CASTROVIDO;09341B;95;0
8;CASTILLA Y LEÓN;9;BURGOS;330;341;SALAS DE LOS INFANTES;HOYUELOS DE LA SIERRA;09341C;174;0
8;CASTILLA Y LEÓN;9;BURGOS;332;343;SALDAÑA DE BURGOS;;09343A;0;0
8;CASTILLA Y LEÓN;9;BURGOS;334;345;SALINILLAS DE BUREBA;;09345A;0;0
8;CASTILLA Y LEÓN;9;BURGOS;335;346;SAN ADRIAN DE JUARROS;;09346A;0;0
8;CASTILLA Y LEÓN;9;BURGOS;337;348;SAN JUAN DEL MONTE;;09348A;0;0
8;CASTILLA Y LEÓN;9;BURGOS;338;349;SAN MAMES DE BURGOS;;09349A;0;0
8;CASTILLA Y LEÓN;9;BURGOS;339;350;SAN MARTIN DE RUBIALES;;09350A;0;0
8;CASTILLA Y LEÓN;9;BURGOS;340;351;SAN MILLAN DE LARA;;09351A;0;0
8;CASTILLA Y LEÓN;9;BURGOS;343;354;SANTA CECILIA;;09354A;0;0
8;CASTILLA Y LEÓN;9;BURGOS;345;356;SANTA CRUZ DE LA SALCEDA;;09356A;0;0
8;CASTILLA Y LEÓN;9;BURGOS;346;357;SANTA CRUZ DEL VALLE URBION;;09357A;0;0
8;CASTILLA Y LEÓN;9;BURGOS;347;358;SANTA GADEA DEL CID;;09358A;0;0
8;CASTILLA Y LEÓN;9;BURGOS;348;359;SANTA INES;;09359A;0;0
8;CASTILLA Y LEÓN;9;BURGOS;350;361;SANTA MARIA DEL CAMPO;;09361A;0;0
8;CASTILLA Y LEÓN;9;BURGOS;351;362;SANTA MARIA DEL INVIERNO;;09362A;0;0
8;CASTILLA Y LEÓN;9;BURGOS;352;363;SANTA MARIA DE MERCADILLO;;09363A;0;0
8;CASTILLA Y LEÓN;9;BURGOS;353;364;SANTA MARIA-RIBARREDONDA;;09364A;0;0
8;CASTILLA Y LEÓN;9;BURGOS;354;366;SANTA OLALLA DE BUREBA;;09366A;0;0
8;CASTILLA Y LEÓN;9;BURGOS;355;367;SANTIBAÑEZ DE ESGUEVA;;09367A;0;0
8;CASTILLA Y LEÓN;9;BURGOS;356;368;SANTIBAÑEZ DEL VAL;;09368A;0;0
8;CASTILLA Y LEÓN;9;BURGOS;358;370;SANTO DOMINGO DE SILOS;;09370A;0;0
8;CASTILLA Y LEÓN;9;BURGOS;360;372;SAN VICENTE DEL VALLE;;09372A;0;0
8;CASTILLA Y LEÓN;9;BURGOS;361;373;SARGENTES DE LA LORA;;09373A;0;0
8;CASTILLA Y LEÓN;9;BURGOS;362;374;SARRACIN;;09374A;0;0
8;CASTILLA Y LEÓN;9;BURGOS;363;375;SASAMON;;09375A;0;0
8;CASTILLA Y LEÓN;9;BURGOS;363;375;SASAMON;CASTRILLO DE MURCIA;09375B;90;0
8;CASTILLA Y LEÓN;9;BURGOS;363;375;SASAMON;CITORES DEL PARAMO;09375C;109;0
8;CASTILLA Y LEÓN;9;BURGOS;363;375;SASAMON;OLMILLOS DE SASAMÓN;09375D;243;0
8;CASTILLA Y LEÓN;9;BURGOS;363;375;SASAMON;VILLASIDRO;09375E;478;0
8;CASTILLA Y LEÓN;9;BURGOS;363;375;SASAMON;YUDEGO Y VILLANDIEGO;09375F;497;0
8;CASTILLA Y LEÓN;9;BURGOS;365;377;LA SEQUERA DE HAZA;;09377A;0;0
8;CASTILLA Y LEÓN;9;BURGOS;366;378;SOLARANA;;09378A;0;0
8;CASTILLA Y LEÓN;9;BURGOS;368;380;SORDILLOS;;09380A;0;0
8;CASTILLA Y LEÓN;9;BURGOS;369;381;SOTILLO DE LA RIBERA;;09381A;0;0
8;CASTILLA Y LEÓN;9;BURGOS;372;384;SOTRAGERO;;09384A;0;0
8;CASTILLA Y LEÓN;9;BURGOS;373;385;SOTRESGUDO;;09385A;0;0
8;CASTILLA Y LEÓN;9;BURGOS;373;385;SOTRESGUDO;AMAYA;09385B;15;0
8;CASTILLA Y LEÓN;9;BURGOS;373;385;SOTRESGUDO;BARRIO DE SAN FELICES;09385C;43;0
8;CASTILLA Y LEÓN;9;BURGOS;373;385;SOTRESGUDO;CUEVAS DE AMAYA;09385D;121;0
8;CASTILLA Y LEÓN;9;BURGOS;373;385;SOTRESGUDO;GUADILLA DE VILLAMAR;09385E;153;0
8;CASTILLA Y LEÓN;9;BURGOS;373;385;SOTRESGUDO;SALAZAR DE AMAYA;09385F;342;0
8;CASTILLA Y LEÓN;9;BURGOS;373;385;SOTRESGUDO;SOTOVELLANOS;09385G;383;0
8;CASTILLA Y LEÓN;9;BURGOS;374;386;SUSINOS DEL PARAMO;;09386A;0;0
8;CASTILLA Y LEÓN;9;BURGOS;375;387;TAMARON;;09387A;0;0
8;CASTILLA Y LEÓN;9;BURGOS;377;389;TARDAJOS;;09389A;0;0
8;CASTILLA Y LEÓN;9;BURGOS;378;390;TEJADA;;09390A;0;0
8;CASTILLA Y LEÓN;9;BURGOS;380;392;TERRADILLOS DE ESGUEVA;;09392A;0;0
8;CASTILLA Y LEÓN;9;BURGOS;381;393;TINIEBLAS;;09393A;0;0
8;CASTILLA Y LEÓN;9;BURGOS;382;394;TOBAR;;09394A;0;0
8;CASTILLA Y LEÓN;9;BURGOS;384;396;TORDOMAR;;09396A;0;0
8;CASTILLA Y LEÓN;9;BURGOS;386;398;TORRECILLA DEL MONTE;;09398A;0;0
8;CASTILLA Y LEÓN;9;BURGOS;387;399;TORREGALINDO;;09399A;0;0
8;CASTILLA Y LEÓN;9;BURGOS;388;400;TORRELARA;;09400A;0;0
8;CASTILLA Y LEÓN;9;BURGOS;389;401;TORREPADRE;;09401A;0;0
8;CASTILLA Y LEÓN;9;BURGOS;390;402;TORRESANDINO;;09402A;0;0
8;CASTILLA Y LEÓN;9;BURGOS;391;403;TORTOLES DE ESGUEVA;;09403A;0;0
8;CASTILLA Y LEÓN;9;BURGOS;391;403;TORTOLES DE ESGUEVA;VILLOVELA DE ESGUEVA;09403B;494;0
8;CASTILLA Y LEÓN;9;BURGOS;392;404;TOSANTOS;;09404A;0;0
8;CASTILLA Y LEÓN;9;BURGOS;394;406;TRESPADERNE;;09406A;0;0
8;CASTILLA Y LEÓN;9;BURGOS;395;407;TUBILLA DEL AGUA;;09407A;0;0
8;CASTILLA Y LEÓN;9;BURGOS;396;408;TUBILLA DEL LAGO;;09408A;0;0
8;CASTILLA Y LEÓN;9;BURGOS;398;410;URBEL DEL CASTILLO;;09410A;0;0
8;CASTILLA Y LEÓN;9;BURGOS;400;412;VADOCONDES;;09412A;0;0
8;CASTILLA Y LEÓN;9;BURGOS;403;415;VALDEANDE;;09415A;0;0
8;CASTILLA Y LEÓN;9;BURGOS;405;417;VALDEZATE;;09417A;0;0
8;CASTILLA Y LEÓN;9;BURGOS;406;418;VALDORROS;;09418A;0;0
8;CASTILLA Y LEÓN;9;BURGOS;407;419;VALMALA;;09419A;0;0
8;CASTILLA Y LEÓN;9;BURGOS;408;420;VALLARTA DE BUREBA;;09420A;0;0
8;CASTILLA Y LEÓN;9;BURGOS;409;421;VALLE DE MANZANEDO;;09421A;0;0
8;CASTILLA Y LEÓN;9;BURGOS;410;422;VALLE DE MENA;;09422A;0;0
8;CASTILLA Y LEÓN;9;BURGOS;411;423;VALLE DE OCA;;09423A;0;0
8;CASTILLA Y LEÓN;9;BURGOS;412;424;VALLE DE TOBALINA;;09424A;0;0
8;CASTILLA Y LEÓN;9;BURGOS;413;425;VALLE DE VALDEBEZANA;;09425A;0;0
8;CASTILLA Y LEÓN;9;BURGOS;414;426;VALLE DE VALDELAGUNA;;09426A;0;0
8;CASTILLA Y LEÓN;9;BURGOS;415;427;VALLE DE VALDELUCIO;;09427A;0;0
8;CASTILLA Y LEÓN;9;BURGOS;416;428;VALLE DE ZAMANZAS;;09428A;0;0
8;CASTILLA Y LEÓN;9;BURGOS;417;429;VALLEGERA;;09429A;0;0
8;CASTILLA Y LEÓN;9;BURGOS;418;430;VALLES DE PALENZUELA;;09430A;0;0
8;CASTILLA Y LEÓN;9;BURGOS;419;431;VALLUERCANES;;09431A;0;0
8;CASTILLA Y LEÓN;9;BURGOS;421;433;LA VID Y BARRIOS;;09433A;0;0
8;CASTILLA Y LEÓN;9;BURGOS;422;434;LA VID DE BUREBA;;09434A;0;0
8;CASTILLA Y LEÓN;9;BURGOS;423;435;VILEÑA;;09435A;0;0
8;CASTILLA Y LEÓN;9;BURGOS;424;436;VILORIA DE RIOJA;;09436A;0;0
8;CASTILLA Y LEÓN;9;BURGOS;425;437;VILVIESTRE DEL PINAR;;09437A;0;0
8;CASTILLA Y LEÓN;9;BURGOS;427;439;VILLADIEGO;;09439A;0;0
8;CASTILLA Y LEÓN;9;BURGOS;427;439;VILLADIEGO;ACEDILLO;09439B;2;0
8;CASTILLA Y LEÓN;9;BURGOS;427;439;VILLADIEGO;ARENILLAS DE VILLADIEGO;09439C;25;0
8;CASTILLA Y LEÓN;9;BURGOS;427;439;VILLADIEGO;BARRIOS DE VILLADIEGO;09439D;46;0
8;CASTILLA Y LEÓN;9;BURGOS;427;439;VILLADIEGO;COCULINA;09439E;110;0
8;CASTILLA Y LEÓN;9;BURGOS;427;439;VILLADIEGO;OLMOS DE LA PICAZA;09439F;244;0
8;CASTILLA Y LEÓN;9;BURGOS;427;439;VILLADIEGO;SANDOVAL DE LA REINA;09439G;347;0
8;CASTILLA Y LEÓN;9;BURGOS;427;439;VILLADIEGO;TAPIA;09439H;388;0
8;CASTILLA Y LEÓN;9;BURGOS;427;439;VILLADIEGO;LOS VALCARCERES;09439J;413;0
8;CASTILLA Y LEÓN;9;BURGOS;427;439;VILLADIEGO;VILLAHIZÁN DE TREVIÑO;09439K;449;0
8;CASTILLA Y LEÓN;9;BURGOS;427;439;VILLADIEGO;VILLALVILLA DE  VILLADIEGO;09439L;454;0
8;CASTILLA Y LEÓN;9;BURGOS;427;439;VILLADIEGO;VILLANUEVA DE ODRA;09439M;467;0
8;CASTILLA Y LEÓN;9;BURGOS;427;439;VILLADIEGO;VILLANUEVA DE PUERTA;09439N;468;0
8;CASTILLA Y LEÓN;9;BURGOS;427;439;VILLADIEGO;VILLAVEDON;09439P;482;0
8;CASTILLA Y LEÓN;9;BURGOS;427;439;VILLADIEGO;VILLUSTO;09439Q;495;0
8;CASTILLA Y LEÓN;9;BURGOS;428;440;VILLAESCUSA DE ROA;;09440A;0;0
8;CASTILLA Y LEÓN;9;BURGOS;429;441;VILLAESCUSA LA SOMBRIA;;09441A;0;0
8;CASTILLA Y LEÓN;9;BURGOS;430;442;VILLAESPASA;;09442A;0;0
8;CASTILLA Y LEÓN;9;BURGOS;431;443;VILLAFRANCA MONTES DE OCA;;09443A;0;0
8;CASTILLA Y LEÓN;9;BURGOS;432;445;VILLAFRUELA;;09445A;0;0
8;CASTILLA Y LEÓN;9;BURGOS;433;446;VILLAGALIJO;;09446A;0;0
8;CASTILLA Y LEÓN;9;BURGOS;434;447;VILLAGONZALO-PEDERNALES;;09447A;0;0
8;CASTILLA Y LEÓN;9;BURGOS;437;450;VILLAHOZ;;09450A;0;0
8;CASTILLA Y LEÓN;9;BURGOS;438;451;VILLALBA DE DUERO;;09451A;0;0
8;CASTILLA Y LEÓN;9;BURGOS;439;452;VILLALBILLA DE BURGOS;;09452A;0;0
8;CASTILLA Y LEÓN;9;BURGOS;439;452;VILLALBILLA DE BURGOS;RENUNCIO;09452B;321;0
8;CASTILLA Y LEÓN;9;BURGOS;440;453;VILLALBILLA DE GUMIEL;;09453A;0;0
8;CASTILLA Y LEÓN;9;BURGOS;441;455;VILLALDEMIRO;;09455A;0;0
8;CASTILLA Y LEÓN;9;BURGOS;442;456;VILLALMANZO;;09456A;0;0
8;CASTILLA Y LEÓN;9;BURGOS;443;458;VILLAMAYOR DE LOS MONTES;;09458A;0;0
8;CASTILLA Y LEÓN;9;BURGOS;444;459;VILLAMAYOR DE TREVIÑO;;09459A;0;0
8;CASTILLA Y LEÓN;9;BURGOS;445;460;VILLAMBISTIA;;09460A;0;0
8;CASTILLA Y LEÓN;9;BURGOS;446;461;VILLAMEDIANILLA;;09461A;0;0
8;CASTILLA Y LEÓN;9;BURGOS;447;462;VILLAMIEL DE LA SIERRA;;09462A;0;0
8;CASTILLA Y LEÓN;9;BURGOS;448;463;VILLANGOMEZ;;09463A;0;0
8;CASTILLA Y LEÓN;9;BURGOS;449;464;VILLANUEVA DE ARGAÑO;;09464A;0;0
8;CASTILLA Y LEÓN;9;BURGOS;450;465;VILLANUEVA DE CARAZO;;09465A;0;0
8;CASTILLA Y LEÓN;9;BURGOS;451;466;VILLANUEVA DE GUMIEL;;09466A;0;0
8;CASTILLA Y LEÓN;9;BURGOS;454;470;VILLANUEVA DE TEBA;;09470A;0;0
8;CASTILLA Y LEÓN;9;BURGOS;455;471;VILLAQUIRAN DE LA PUEBLA;;09471A;0;0
8;CASTILLA Y LEÓN;9;BURGOS;456;472;VILLAQUIRAN DE LOS INFANTES;;09472A;0;0
8;CASTILLA Y LEÓN;9;BURGOS;458;474;VILLARIEZO;;09474A;0;0
8;CASTILLA Y LEÓN;9;BURGOS;460;477;VILLASANDINO;;09477A;0;0
8;CASTILLA Y LEÓN;9;BURGOS;463;480;VILLASUR DE HERREROS;;09480A;0;0
8;CASTILLA Y LEÓN;9;BURGOS;463;480;VILLASUR DE HERREROS;URREZ;09480B;411;0
8;CASTILLA Y LEÓN;9;BURGOS;463;480;VILLASUR DE HERREROS;VILLOROBE;09480C;492;0
8;CASTILLA Y LEÓN;9;BURGOS;464;481;VILLATUELDA;;09481A;0;0
8;CASTILLA Y LEÓN;9;BURGOS;466;483;VILLAVERDE DEL MONTE;;09483A;0;0
8;CASTILLA Y LEÓN;9;BURGOS;467;484;VILLAVERDE-MOGINA;;09484A;0;0
8;CASTILLA Y LEÓN;9;BURGOS;471;488;VILLAYERNO MORQUILLAS;;09488A;0;0
8;CASTILLA Y LEÓN;9;BURGOS;472;489;VILLAZOPEQUE;;09489A;0;0
8;CASTILLA Y LEÓN;9;BURGOS;473;490;VILLEGAS;;09490A;0;0
8;CASTILLA Y LEÓN;9;BURGOS;476;493;VILLORUEBO;;09493A;0;0
8;CASTILLA Y LEÓN;9;BURGOS;478;496;VIZCAINOS;;09496A;0;0
8;CASTILLA Y LEÓN;9;BURGOS;480;498;ZAEL;;09498A;0;0
8;CASTILLA Y LEÓN;9;BURGOS;482;500;ZARZOSA DE RIOPISUERGA;;09500A;0;0
8;CASTILLA Y LEÓN;9;BURGOS;483;501;ZAZUAR;;09501A;0;0
8;CASTILLA Y LEÓN;9;BURGOS;485;503;ZUÑEDA;;09503A;0;0
8;CASTILLA Y LEÓN;9;BURGOS;901;303;QUINTANILLA DEL AGUA-TORDUELES;QUINTANILLA DEL AGUA Y TORDU*;09303A;0;0
8;CASTILLA Y LEÓN;9;BURGOS;901;303;QUINTANILLA DEL AGUA-TORDUELES;TORDUELES;09303B;397;0
8;CASTILLA Y LEÓN;9;BURGOS;902;369;VALLE DE SANTIBAÑEZ;;09369A;0;0
8;CASTILLA Y LEÓN;9;BURGOS;902;369;VALLE DE SANTIBAÑEZ;AVELLANOSA DEL PARAMO;09369B;32;0
8;CASTILLA Y LEÓN;9;BURGOS;902;369;VALLE DE SANTIBAÑEZ;LAS CELADAS;09369C;99;0
8;CASTILLA Y LEÓN;9;BURGOS;902;369;VALLE DE SANTIBAÑEZ;MANSILLA DE BURGOS;09369D;207;0
8;CASTILLA Y LEÓN;9;BURGOS;902;369;VALLE DE SANTIBAÑEZ;LA NUEZ DE ABAJO;09369E;240;0
8;CASTILLA Y LEÓN;9;BURGOS;902;369;VALLE DE SANTIBAÑEZ;LAS REBOLLEDAS;09369F;315;0
8;CASTILLA Y LEÓN;9;BURGOS;902;369;VALLE DE SANTIBAÑEZ;ROS;09369G;335;0
8;CASTILLA Y LEÓN;9;BURGOS;902;369;VALLE DE SANTIBAÑEZ;TREMELLOS;09369H;405;0
8;CASTILLA Y LEÓN;9;BURGOS;902;369;VALLE DE SANTIBAÑEZ;ZUMIEL;09369J;502;0
8;CASTILLA Y LEÓN;9;BURGOS;903;473;MERINDAD CAST. VIE VILLARCAYO;;09473A;0;0
8;CASTILLA Y LEÓN;9;BURGOS;904;331;VALLE DE LAS NAVAS;;09331A;0;0
8;CASTILLA Y LEÓN;9;BURGOS;904;331;VALLE DE LAS NAVAS;RIOCEREZO;09331B;330;0
8;CASTILLA Y LEÓN;9;BURGOS;904;331;VALLE DE LAS NAVAS;ROBREDO-TEMIÑO;09331C;333;0
8;CASTILLA Y LEÓN;9;BURGOS;904;331;VALLE DE LAS NAVAS;TOBES Y RAHEDO;09331D;395;0
8;CASTILLA Y LEÓN;9;BURGOS;905;376;VALLE DE SEDANO;;09376A;0;0
8;CASTILLA Y LEÓN;9;BURGOS;905;376;VALLE DE SEDANO;ESCALADA;09376B;124;0
8;CASTILLA Y LEÓN;9;BURGOS;905;376;VALLE DE SEDANO;GREDILLA DE SEDANO;09376C;149;0
8;CASTILLA Y LEÓN;9;BURGOS;905;376;VALLE DE SEDANO;MORADILLO DE SEDANO;09376D;234;0
8;CASTILLA Y LEÓN;9;BURGOS;905;376;VALLE DE SEDANO;NIDAGUILA;09376E;239;0
8;CASTILLA Y LEÓN;9;BURGOS;905;376;VALLE DE SEDANO;ORBANEJA DEL CASTILLO;09376F;247;0
8;CASTILLA Y LEÓN;9;BURGOS;905;376;VALLE DE SEDANO;PESQUERA DE EBRO;09376G;271;0
8;CASTILLA Y LEÓN;9;BURGOS;905;376;VALLE DE SEDANO;QUINTANALOMA;09376H;293;0
8;CASTILLA Y LEÓN;9;BURGOS;905;376;VALLE DE SEDANO;VALDELATEJA;09376J;416;0
8;CASTILLA Y LEÓN;9;BURGOS;906;409;MERINDAD DE RIO UBIERNA;;09409A;0;0
8;CASTILLA Y LEÓN;9;BURGOS;906;409;MERINDAD DE RIO UBIERNA;CELADILLA-SOTOBRIN;09409B;100;0
8;CASTILLA Y LEÓN;9;BURGOS;906;409;MERINDAD DE RIO UBIERNA;CERNEGULA;09409C;102;0
8;CASTILLA Y LEÓN;9;BURGOS;906;409;MERINDAD DE RIO UBIERNA;GREDILLA LA POLERA;09409D;150;0
8;CASTILLA Y LEÓN;9;BURGOS;906;409;MERINDAD DE RIO UBIERNA;HONTOMIN;09409E;164;0
8;CASTILLA Y LEÓN;9;BURGOS;906;409;MERINDAD DE RIO UBIERNA;MASA;09409F;210;0
8;CASTILLA Y LEÓN;9;BURGOS;906;409;MERINDAD DE RIO UBIERNA;LA MOLINA DE UBIERNA;09409G;227;0
8;CASTILLA Y LEÓN;9;BURGOS;906;409;MERINDAD DE RIO UBIERNA;QUINTANARRUZ;09409H;300;0
8;CASTILLA Y LEÓN;9;BURGOS;906;409;MERINDAD DE RIO UBIERNA;QUINTANILLA-SOBRESIERRA;09409J;309;0
8;CASTILLA Y LEÓN;9;BURGOS;906;409;MERINDAD DE RIO UBIERNA;SOTOPALACIOS;09409K;382;0
8;CASTILLA Y LEÓN;9;BURGOS;906;409;MERINDAD DE RIO UBIERNA;VILLANUEVA DE RIO-UBIERNA;09409L;469;0
8;CASTILLA Y LEÓN;9;BURGOS;906;409;MERINDAD DE RIO UBIERNA;VILLAVERDE-PEÑAHORADA;09409M;485;0
8;CASTILLA Y LEÓN;9;BURGOS;907;290;ALFOZ DE QUINTANADUEÑAS;;09290A;0;0
8;CASTILLA Y LEÓN;9;BURGOS;907;290;ALFOZ DE QUINTANADUEÑAS;ARROYAL;09290B;29;0
8;CASTILLA Y LEÓN;9;BURGOS;907;290;ALFOZ DE QUINTANADUEÑAS;MARMELLAR DE ARRIBA;09290C;209;0
8;CASTILLA Y LEÓN;9;BURGOS;907;290;ALFOZ DE QUINTANADUEÑAS;PÁRAMO DEL ARROYO;09290D;260;0
8;CASTILLA Y LEÓN;9;BURGOS;907;290;ALFOZ DE QUINTANADUEÑAS;VILLARMERO;09290E;476;0
8;CASTILLA Y LEÓN;9;BURGOS;908;191;VALLE DE LOSA;;09191A;0;0
8;CASTILLA Y LEÓN;9;BURGOS;908;191;VALLE DE LOSA;JUNTA DE OTERO;09191B;189;0
8;CASTILLA Y LEÓN;9;BURGOS;908;191;VALLE DE LOSA;JUNTA DE RÍO DE LOSA;09191C;190;0
8;CASTILLA Y LEÓN;9;BURGOS;908;191;VALLE DE LOSA;JUNTA DE VILLALBA DE LOSA;09191D;193;0
8;CASTILLA Y LEÓN;24;LEÓN;1;1;ACEBEDO;;24001A;0;0
8;CASTILLA Y LEÓN;24;LEÓN;2;2;ALGADEFE;;24002A;0;0
8;CASTILLA Y LEÓN;24;LEÓN;3;3;ALIJA DEL INFANTADO;;24003A;0;0
8;CASTILLA Y LEÓN;24;LEÓN;4;4;ALMANZA;;24004A;0;0
8;CASTILLA Y LEÓN;24;LEÓN;5;5;LA ANTIGUA;;24005A;0;0
8;CASTILLA Y LEÓN;24;LEÓN;6;6;ARDON;;24006A;0;0
8;CASTILLA Y LEÓN;24;LEÓN;7;7;ARGANZA;;24007A;0;0
8;CASTILLA Y LEÓN;24;LEÓN;8;9;ASTORGA;;24009A;0;0
8;CASTILLA Y LEÓN;24;LEÓN;9;10;BALBOA;;24010A;0;0
8;CASTILLA Y LEÓN;24;LEÓN;10;11;LA BAÑEZA;;24011A;0;0
8;CASTILLA Y LEÓN;24;LEÓN;11;12;BARJAS;;24012A;0;0
8;CASTILLA Y LEÓN;24;LEÓN;12;13;LOS BARRIOS DE LUNA;;24013A;0;0
8;CASTILLA Y LEÓN;24;LEÓN;14;15;BEMBIBRE;;24015A;0;0
8;CASTILLA Y LEÓN;24;LEÓN;15;16;BENAVIDES;;24016A;0;0
8;CASTILLA Y LEÓN;24;LEÓN;16;17;BENUZA;;24017A;0;0
8;CASTILLA Y LEÓN;24;LEÓN;17;18;BERCIANOS DEL PARAMO;;24018A;0;0
8;CASTILLA Y LEÓN;24;LEÓN;18;19;BERCIANOS DEL REAL CAMINO;;24019A;0;0
8;CASTILLA Y LEÓN;24;LEÓN;19;20;BERLANGA DEL BIERZO;;24020A;0;0
8;CASTILLA Y LEÓN;24;LEÓN;20;21;BOCA DE HUERGANO;;24021A;0;0
8;CASTILLA Y LEÓN;24;LEÓN;21;22;BOÑAR;;24022A;0;0
8;CASTILLA Y LEÓN;24;LEÓN;22;23;BORRENES;;24023A;0;0
8;CASTILLA Y LEÓN;24;LEÓN;23;24;BRAZUELO;;24024A;0;0
8;CASTILLA Y LEÓN;24;LEÓN;24;25;EL BURGO RANERO;;24025A;0;0
8;CASTILLA Y LEÓN;24;LEÓN;25;26;BURON;;24026A;0;0
8;CASTILLA Y LEÓN;24;LEÓN;26;27;BUSTILLO DEL PARAMO;;24027A;0;0
8;CASTILLA Y LEÓN;24;LEÓN;27;28;CABAÑAS RARAS;;24028A;0;0
8;CASTILLA Y LEÓN;24;LEÓN;28;29;CABREROS DEL RIO;;24029A;0;0
8;CASTILLA Y LEÓN;24;LEÓN;29;30;CABRILLANES;;24030A;0;0
8;CASTILLA Y LEÓN;24;LEÓN;30;31;CACABELOS;;24031A;0;0
8;CASTILLA Y LEÓN;24;LEÓN;31;32;CALZADA DEL COTO;;24032A;0;0
8;CASTILLA Y LEÓN;24;LEÓN;32;33;CAMPAZAS;;24033A;0;0
8;CASTILLA Y LEÓN;24;LEÓN;33;35;CAMPO DE VILLAVIDEL;;24035A;0;0
8;CASTILLA Y LEÓN;24;LEÓN;34;36;CAMPONARAYA;;24036A;0;0
8;CASTILLA Y LEÓN;24;LEÓN;36;38;CANDIN;;24038A;0;0
8;CASTILLA Y LEÓN;24;LEÓN;37;39;CARMENES;;24039A;0;0
8;CASTILLA Y LEÓN;24;LEÓN;38;40;CARRACEDELO;;24040A;0;0
8;CASTILLA Y LEÓN;24;LEÓN;39;41;CARRIZO;;24041A;0;0
8;CASTILLA Y LEÓN;24;LEÓN;40;42;CARROCERA;;24042A;0;0
8;CASTILLA Y LEÓN;24;LEÓN;41;43;CARUCEDO;;24043A;0;0
8;CASTILLA Y LEÓN;24;LEÓN;42;44;CASTILFALE;;24044A;0;0
8;CASTILLA Y LEÓN;24;LEÓN;43;45;CASTRILLO DE CABRERA;;24045A;0;0
8;CASTILLA Y LEÓN;24;LEÓN;44;46;CASTRILLO DE LA VALDUERNA;;24046A;0;0
8;CASTILLA Y LEÓN;24;LEÓN;46;48;CASTROCALBON;;24048A;0;0
8;CASTILLA Y LEÓN;24;LEÓN;47;49;CASTROCONTRIGO;;24049A;0;0
8;CASTILLA Y LEÓN;24;LEÓN;49;51;CASTROPODAME;;24051A;0;0
8;CASTILLA Y LEÓN;24;LEÓN;50;52;CASTROTIERRA;;24052A;0;0
8;CASTILLA Y LEÓN;24;LEÓN;51;53;CEA;;24053A;0;0
8;CASTILLA Y LEÓN;24;LEÓN;52;54;CEBANICO;;24054A;0;0
8;CASTILLA Y LEÓN;24;LEÓN;53;55;CEBRONES DEL RIO;;24055A;0;0
8;CASTILLA Y LEÓN;24;LEÓN;54;56;CIMANES DE LA VEGA;;24056A;0;0
8;CASTILLA Y LEÓN;24;LEÓN;55;57;CIMANES DEL TEJAR;;24057A;0;0
8;CASTILLA Y LEÓN;24;LEÓN;56;58;CISTIERNA;;24058A;0;0
8;CASTILLA Y LEÓN;24;LEÓN;57;59;CONGOSTO;;24059A;0;0
8;CASTILLA Y LEÓN;24;LEÓN;58;60;CORBILLOS DE LOS OTEROS;;24060A;0;0
8;CASTILLA Y LEÓN;24;LEÓN;59;61;CORULLON;;24061A;0;0
8;CASTILLA Y LEÓN;24;LEÓN;60;62;CREMENES;;24062A;0;0
8;CASTILLA Y LEÓN;24;LEÓN;61;63;CUADROS;;24063A;0;0
8;CASTILLA Y LEÓN;24;LEÓN;62;64;CUBILLAS DE LOS OTEROS;;24064A;0;0
8;CASTILLA Y LEÓN;24;LEÓN;63;65;CUBILLAS DE RUEDA;;24065A;0;0
8;CASTILLA Y LEÓN;24;LEÓN;64;66;CUBILLOS DEL SIL;;24066A;0;0
8;CASTILLA Y LEÓN;24;LEÓN;65;67;CHOZAS DE ABAJO;;24067A;0;0
8;CASTILLA Y LEÓN;24;LEÓN;66;68;DESTRIANA;;24068A;0;0
8;CASTILLA Y LEÓN;24;LEÓN;67;69;ENCINEDO;;24069A;0;0
8;CASTILLA Y LEÓN;24;LEÓN;68;70;LA ERCINA;;24070A;0;0
8;CASTILLA Y LEÓN;24;LEÓN;69;71;ESCOBAR DE CAMPOS;;24071A;0;0
8;CASTILLA Y LEÓN;24;LEÓN;70;72;FABERO;;24072A;0;0
8;CASTILLA Y LEÓN;24;LEÓN;71;73;FOLGOSO DE LA RIBERA;;24073A;0;0
8;CASTILLA Y LEÓN;24;LEÓN;73;75;FRESNO DE LA VEGA;;24075A;0;0
8;CASTILLA Y LEÓN;24;LEÓN;74;76;FUENTES DE CARBAJAL;;24076A;0;0
8;CASTILLA Y LEÓN;24;LEÓN;76;78;GARRAFE DE TORIO;;24078A;0;0
8;CASTILLA Y LEÓN;24;LEÓN;77;79;GORDALIZA DEL PINO;;24079A;0;0
8;CASTILLA Y LEÓN;24;LEÓN;78;80;GORDONCILLO;;24080A;0;0
8;CASTILLA Y LEÓN;24;LEÓN;79;81;GRADEFES;;24081A;0;0
8;CASTILLA Y LEÓN;24;LEÓN;80;82;GRAJAL DE CAMPOS;;24082A;0;0
8;CASTILLA Y LEÓN;24;LEÓN;81;83;GUSENDOS DE LOS OTEROS;;24083A;0;0
8;CASTILLA Y LEÓN;24;LEÓN;82;84;HOSPITAL DE ORBIGO;;24084A;0;0
8;CASTILLA Y LEÓN;24;LEÓN;83;85;IGUEÑA;;24085A;0;0
8;CASTILLA Y LEÓN;24;LEÓN;84;86;IZAGRE;;24086A;0;0
8;CASTILLA Y LEÓN;24;LEÓN;86;88;JOARILLA DE LAS MATAS;;24088A;0;0
8;CASTILLA Y LEÓN;24;LEÓN;87;89;LAGUNA DALGA;;24089A;0;0
8;CASTILLA Y LEÓN;24;LEÓN;88;90;LAGUNA DE NEGRILLOS;;24090A;0;0
8;CASTILLA Y LEÓN;24;LEÓN;89;900;LEON;;24900A;0;0
8;CASTILLA Y LEÓN;24;LEÓN;90;92;LUCILLO;;24092A;0;0
8;CASTILLA Y LEÓN;24;LEÓN;91;93;LUYEGO;;24093A;0;0
8;CASTILLA Y LEÓN;24;LEÓN;92;94;LLAMAS DE LA RIBERA;;24094A;0;0
8;CASTILLA Y LEÓN;24;LEÓN;93;95;MAGAZ DE CEPEDA;;24095A;0;0
8;CASTILLA Y LEÓN;24;LEÓN;94;96;MANSILLA DE LAS MULAS;;24096A;0;0
8;CASTILLA Y LEÓN;24;LEÓN;95;97;MANSILLA MAYOR;;24097A;0;0
8;CASTILLA Y LEÓN;24;LEÓN;96;98;MARAÑA;;24098A;0;0
8;CASTILLA Y LEÓN;24;LEÓN;97;99;MATADEON DE LOS OTEROS;;24099A;0;0
8;CASTILLA Y LEÓN;24;LEÓN;98;100;MATALLANA;;24100A;0;0
8;CASTILLA Y LEÓN;24;LEÓN;99;101;MATANZA;;24101A;0;0
8;CASTILLA Y LEÓN;24;LEÓN;100;102;MOLINASECA;;24102A;0;0
8;CASTILLA Y LEÓN;24;LEÓN;101;103;MURIAS DE PAREDES;;24103A;0;0
8;CASTILLA Y LEÓN;24;LEÓN;102;104;NOCEDA;;24104A;0;0
8;CASTILLA Y LEÓN;24;LEÓN;103;105;OENCIA;;24105A;0;0
8;CASTILLA Y LEÓN;24;LEÓN;104;106;LAS OMAÑAS;;24106A;0;0
8;CASTILLA Y LEÓN;24;LEÓN;105;107;ONZONILLA;;24107A;0;0
8;CASTILLA Y LEÓN;24;LEÓN;106;108;OSEJA DE SAJAMBRE;;24108A;0;0
8;CASTILLA Y LEÓN;24;LEÓN;107;109;PAJARES DE LOS OTEROS;;24109A;0;0
8;CASTILLA Y LEÓN;24;LEÓN;108;110;PALACIOS DE LA VALDUERNA;;24110A;0;0
8;CASTILLA Y LEÓN;24;LEÓN;109;111;PALACIOS DEL SIL;;24111A;0;0
8;CASTILLA Y LEÓN;24;LEÓN;110;113;PARAMO DEL SIL;;24113A;0;0
8;CASTILLA Y LEÓN;24;LEÓN;112;115;PERANZANES;;24115A;0;0
8;CASTILLA Y LEÓN;24;LEÓN;113;116;POBLADURA DE PELAYO GARCIA;;24116A;0;0
8;CASTILLA Y LEÓN;24;LEÓN;114;117;LA POLA DE GORDON;;24117A;0;0
8;CASTILLA Y LEÓN;24;LEÓN;115;118;PONFERRADA;;24118A;0;0
8;CASTILLA Y LEÓN;24;LEÓN;116;119;POSADA DE VALDEON;;24119A;0;0
8;CASTILLA Y LEÓN;24;LEÓN;117;120;POZUELO DEL PARAMO;;24120A;0;0
8;CASTILLA Y LEÓN;24;LEÓN;118;121;PRADO DE LA GUZPEÑA;;24121A;0;0
8;CASTILLA Y LEÓN;24;LEÓN;119;122;PRIARANZA DEL BIERZO;;24122A;0;0
8;CASTILLA Y LEÓN;24;LEÓN;120;123;PRIORO;;24123A;0;0
8;CASTILLA Y LEÓN;24;LEÓN;121;124;PUEBLA DE LILLO;;24124A;0;0
8;CASTILLA Y LEÓN;24;LEÓN;122;125;PUENTE DE DOMINGO FLOREZ;;24125A;0;0
8;CASTILLA Y LEÓN;24;LEÓN;123;126;QUINTANA DEL CASTILLO;;24126A;0;0
8;CASTILLA Y LEÓN;24;LEÓN;124;127;QUINTANA DEL MARCO;;24127A;0;0
8;CASTILLA Y LEÓN;24;LEÓN;125;128;QUINTANA Y CONGOSTO;;24128A;0;0
8;CASTILLA Y LEÓN;24;LEÓN;127;130;REGUERAS DE ARRIBA;;24130A;0;0
8;CASTILLA Y LEÓN;24;LEÓN;129;132;REYERO;;24132A;0;0
8;CASTILLA Y LEÓN;24;LEÓN;130;133;RIAÑO;;24133A;0;0
8;CASTILLA Y LEÓN;24;LEÓN;131;134;RIEGO DE LA VEGA;;24134A;0;0
8;CASTILLA Y LEÓN;24;LEÓN;131;134;RIEGO DE LA VEGA;;24134B;0;1
8;CASTILLA Y LEÓN;24;LEÓN;131;134;RIEGO DE LA VEGA;;24134C;0;2
8;CASTILLA Y LEÓN;24;LEÓN;132;135;RIELLO;;24135A;0;0
8;CASTILLA Y LEÓN;24;LEÓN;133;136;RIOSECO DE TAPIA;;24136A;0;0
8;CASTILLA Y LEÓN;24;LEÓN;134;137;LA ROBLA;;24137A;0;0
8;CASTILLA Y LEÓN;24;LEÓN;136;139;ROPERUELOS DEL PARAMO;;24139A;0;0
8;CASTILLA Y LEÓN;24;LEÓN;137;140;SABERO;;24140A;0;0
8;CASTILLA Y LEÓN;24;LEÓN;139;142;SAHAGUN;;24142A;0;0
8;CASTILLA Y LEÓN;24;LEÓN;141;144;SAN ADRIAN DEL VALLE;;24144A;0;0
8;CASTILLA Y LEÓN;24;LEÓN;142;145;SAN ANDRES DEL RABANEDO;;24145A;0;0
8;CASTILLA Y LEÓN;24;LEÓN;143;146;SANCEDO;;24146A;0;0
8;CASTILLA Y LEÓN;24;LEÓN;144;147;SAN CRISTOBAL DE LA POLANTERA;;24147A;0;0
8;CASTILLA Y LEÓN;24;LEÓN;145;148;SAN EMILIANO;;24148A;0;0
8;CASTILLA Y LEÓN;24;LEÓN;146;149;SAN ESTEBAN DE LOS NOGALES;;24149A;0;0
8;CASTILLA Y LEÓN;24;LEÓN;148;151;SAN JUSTO DE LA VEGA;;24151A;0;0
8;CASTILLA Y LEÓN;24;LEÓN;149;152;SAN MILLAN DE LOS CABALLEROS;;24152A;0;0
8;CASTILLA Y LEÓN;24;LEÓN;150;153;SAN PEDRO BERCIANOS;;24153A;0;0
8;CASTILLA Y LEÓN;24;LEÓN;151;154;SANTA COLOMBA DE CURUEÑO;;24154A;0;0
8;CASTILLA Y LEÓN;24;LEÓN;152;155;SANTA COLOMBA DE SOMOZA;;24155A;0;0
8;CASTILLA Y LEÓN;24;LEÓN;153;156;SANTA CRISTINA DE VALMADRIGAL;;24156A;0;0
8;CASTILLA Y LEÓN;24;LEÓN;154;157;SANTA ELENA DE JAMUZ;;24157A;0;0
8;CASTILLA Y LEÓN;24;LEÓN;155;158;SANTA MARIA DE LA ISLA;;24158A;0;0
8;CASTILLA Y LEÓN;24;LEÓN;156;159;SANTA MARIA DEL MONTE DE CEA;;24159A;0;0
8;CASTILLA Y LEÓN;24;LEÓN;157;160;SANTA MARIA DEL PARAMO;;24160A;0;0
8;CASTILLA Y LEÓN;24;LEÓN;158;161;SANTA MARIA DE ORDAS;;24161A;0;0
8;CASTILLA Y LEÓN;24;LEÓN;159;162;SANTA MARINA DEL REY;;24162A;0;0
8;CASTILLA Y LEÓN;24;LEÓN;160;163;SANTAS MARTAS;;24163A;0;0
8;CASTILLA Y LEÓN;24;LEÓN;161;164;SANTIAGO MILLAS;;24164A;0;0
8;CASTILLA Y LEÓN;24;LEÓN;162;165;SANTOVENIA DE LA VALDONCINA;;24165A;0;0
8;CASTILLA Y LEÓN;24;LEÓN;163;166;SARIEGOS;;24166A;0;0
8;CASTILLA Y LEÓN;24;LEÓN;164;167;SENA DE LUNA;;24167A;0;0
8;CASTILLA Y LEÓN;24;LEÓN;165;168;SOBRADO;;24168A;0;0
8;CASTILLA Y LEÓN;24;LEÓN;166;169;SOTO DE LA VEGA;;24169A;0;0
8;CASTILLA Y LEÓN;24;LEÓN;167;170;SOTO Y AMIO;;24170A;0;0
8;CASTILLA Y LEÓN;24;LEÓN;168;171;TORAL DE LOS GUZMANES;;24171A;0;0
8;CASTILLA Y LEÓN;24;LEÓN;169;172;TORENO;;24172A;0;0
8;CASTILLA Y LEÓN;24;LEÓN;170;173;TORRE DEL BIERZO;;24173A;0;0
8;CASTILLA Y LEÓN;24;LEÓN;171;174;TRABADELO;;24174A;0;0
8;CASTILLA Y LEÓN;24;LEÓN;172;175;TRUCHAS;;24175A;0;0
8;CASTILLA Y LEÓN;24;LEÓN;173;176;TURCIA;;24176A;0;0
8;CASTILLA Y LEÓN;24;LEÓN;174;177;URDIALES DEL PARAMO;;24177A;0;0
8;CASTILLA Y LEÓN;24;LEÓN;175;178;VALDEFRESNO;;24178A;0;0
8;CASTILLA Y LEÓN;24;LEÓN;176;179;VALDEFUENTES DEL PARAMO;;24179A;0;0
8;CASTILLA Y LEÓN;24;LEÓN;177;180;VALDELUGUEROS;;24180A;0;0
8;CASTILLA Y LEÓN;24;LEÓN;178;181;VALDEMORA;;24181A;0;0
8;CASTILLA Y LEÓN;24;LEÓN;179;182;VALDEPIELAGO;;24182A;0;0
8;CASTILLA Y LEÓN;24;LEÓN;180;183;VALDEPOLO;;24183A;0;0
8;CASTILLA Y LEÓN;24;LEÓN;181;184;VALDERAS;;24184A;0;0
8;CASTILLA Y LEÓN;24;LEÓN;182;185;VALDERREY;;24185A;0;0
8;CASTILLA Y LEÓN;24;LEÓN;183;186;VALDERRUEDA;;24186A;0;0
8;CASTILLA Y LEÓN;24;LEÓN;184;187;VALDESAMARIO;;24187A;0;0
8;CASTILLA Y LEÓN;24;LEÓN;185;188;VAL DE SAN LORENZO;;24188A;0;0
8;CASTILLA Y LEÓN;24;LEÓN;187;190;VALDEVIMBRE;;24190A;0;0
8;CASTILLA Y LEÓN;24;LEÓN;188;191;VALENCIA DE DON JUAN;;24191A;0;0
8;CASTILLA Y LEÓN;24;LEÓN;189;192;VALVERDE DE LA VIRGEN;;24192A;0;0
8;CASTILLA Y LEÓN;24;LEÓN;190;193;VALVERDE-ENRIQUE;;24193A;0;0
8;CASTILLA Y LEÓN;24;LEÓN;191;194;VALLECILLO;;24194A;0;0
8;CASTILLA Y LEÓN;24;LEÓN;193;196;LA VECILLA;;24196A;0;0
8;CASTILLA Y LEÓN;24;LEÓN;194;197;VEGACERVERA;;24197A;0;0
8;CASTILLA Y LEÓN;24;LEÓN;196;199;VEGA DE ESPINAREDA;;24199A;0;0
8;CASTILLA Y LEÓN;24;LEÓN;197;200;VEGA DE INFANZONES;;24200A;0;0
8;CASTILLA Y LEÓN;24;LEÓN;198;201;VEGA DE VALCARCE;;24201A;0;0
8;CASTILLA Y LEÓN;24;LEÓN;199;203;VEGAQUEMADA;;24203A;0;0
8;CASTILLA Y LEÓN;24;LEÓN;201;205;VEGAS DEL CONDADO;;24205A;0;0
8;CASTILLA Y LEÓN;24;LEÓN;202;206;VILLABLINO;;24206A;0;0
8;CASTILLA Y LEÓN;24;LEÓN;203;207;VILLABRAZ;;24207A;0;0
8;CASTILLA Y LEÓN;24;LEÓN;205;209;VILLADANGOS DEL PARAMO;;24209A;0;0
8;CASTILLA Y LEÓN;24;LEÓN;206;210;TORAL DE LOS VADOS;;24210A;0;0
8;CASTILLA Y LEÓN;24;LEÓN;207;211;VILLADEMOR DE LA VEGA;;24211A;0;0
8;CASTILLA Y LEÓN;24;LEÓN;209;213;VILLAFRANCA DEL BIERZO;;24213A;0;0
8;CASTILLA Y LEÓN;24;LEÓN;210;214;VILLAGATON;;24214A;0;0
8;CASTILLA Y LEÓN;24;LEÓN;211;215;VILLAMANDOS;;24215A;0;0
8;CASTILLA Y LEÓN;24;LEÓN;212;216;VILLAMAÑAN;;24216A;0;0
8;CASTILLA Y LEÓN;24;LEÓN;213;217;VILLAMARTIN DE DON SANCHO;;24217A;0;0
8;CASTILLA Y LEÓN;24;LEÓN;214;218;VILLAMEJIL;;24218A;0;0
8;CASTILLA Y LEÓN;24;LEÓN;215;219;VILLAMOL;;24219A;0;0
8;CASTILLA Y LEÓN;24;LEÓN;216;220;VILLAMONTAN DE LA VALDUERNA;;24220A;0;0
8;CASTILLA Y LEÓN;24;LEÓN;217;221;VILLAMORATIEL DE LAS MATAS;;24221A;0;0
8;CASTILLA Y LEÓN;24;LEÓN;218;222;VILLANUEVA DE LAS MANZANAS;;24222A;0;0
8;CASTILLA Y LEÓN;24;LEÓN;219;223;VILLAOBISPO;;24223A;0;0
8;CASTILLA Y LEÓN;24;LEÓN;221;225;VILLAQUEJIDA;;24225A;0;0
8;CASTILLA Y LEÓN;24;LEÓN;222;226;VILLAQUILAMBRE;;24226A;0;0
8;CASTILLA Y LEÓN;24;LEÓN;223;227;VILLAREJO DE ORBIGO;;24227A;0;0
8;CASTILLA Y LEÓN;24;LEÓN;224;228;VILLARES DE ORBIGO;;24228A;0;0
8;CASTILLA Y LEÓN;24;LEÓN;225;229;VILLASABARIEGO;;24229A;0;0
8;CASTILLA Y LEÓN;24;LEÓN;226;230;VILLASELAN;;24230A;0;0
8;CASTILLA Y LEÓN;24;LEÓN;227;231;VILLATURIEL;;24231A;0;0
8;CASTILLA Y LEÓN;24;LEÓN;228;233;VILLAZALA;;24233A;0;0
8;CASTILLA Y LEÓN;24;LEÓN;229;234;VILLAZANZO DE VALDERADUEY;;24234A;0;0
8;CASTILLA Y LEÓN;24;LEÓN;230;235;ZOTES DEL PARAMO;;24235A;0;0
8;CASTILLA Y LEÓN;24;LEÓN;901;138;VILLAMANIN;;24138A;0;0
8;CASTILLA Y LEÓN;24;LEÓN;902;224;VILLAORNATE Y CASTRO;;24224A;0;0
8;CASTILLA Y LEÓN;34;PALENCIA;1;1;ABARCA;;34001A;0;0
8;CASTILLA Y LEÓN;34;PALENCIA;3;3;ABIA DE LAS TORRES;;34003A;0;0
8;CASTILLA Y LEÓN;34;PALENCIA;4;4;AGUILAR DE CAMPOO;;34004A;0;0
8;CASTILLA Y LEÓN;34;PALENCIA;5;5;ALAR DEL REY;;34005A;0;0
8;CASTILLA Y LEÓN;34;PALENCIA;6;6;ALBA DE CERRATO;;34006A;0;0
8;CASTILLA Y LEÓN;34;PALENCIA;9;9;AMAYUELAS DE ARRIBA;;34009A;0;0
8;CASTILLA Y LEÓN;34;PALENCIA;10;10;AMPUDIA;;34010A;0;0
8;CASTILLA Y LEÓN;34;PALENCIA;11;11;AMUSCO;;34011A;0;0
8;CASTILLA Y LEÓN;34;PALENCIA;12;12;ANTIGUEDAD;;34012A;0;0
8;CASTILLA Y LEÓN;34;PALENCIA;15;15;ARCONADA;;34015A;0;0
8;CASTILLA Y LEÓN;34;PALENCIA;17;17;ASTUDILLO;;34017A;0;0
8;CASTILLA Y LEÓN;34;PALENCIA;18;18;AUTILLA DEL PINO;;34018A;0;0
8;CASTILLA Y LEÓN;34;PALENCIA;19;19;AUTILLO DE CAMPOS;;34019A;0;0
8;CASTILLA Y LEÓN;34;PALENCIA;20;20;AYUELA;;34020A;0;0
8;CASTILLA Y LEÓN;34;PALENCIA;22;22;BALTANAS;;34022A;0;0
8;CASTILLA Y LEÓN;34;PALENCIA;23;23;VENTA BAÑOS;;34023A;0;0
8;CASTILLA Y LEÓN;34;PALENCIA;24;24;BAQUERIN DE CAMPOS;;34024A;0;0
8;CASTILLA Y LEÓN;34;PALENCIA;25;25;BARCENA DE CAMPOS;;34025A;0;0
8;CASTILLA Y LEÓN;34;PALENCIA;27;27;BARRUELO DE SANTULLAN;;34027A;0;0
8;CASTILLA Y LEÓN;34;PALENCIA;28;28;BASCONES DE OJEDA;;34028A;0;0
8;CASTILLA Y LEÓN;34;PALENCIA;29;29;BECERRIL DE CAMPOS;;34029A;0;0
8;CASTILLA Y LEÓN;34;PALENCIA;31;31;BELMONTE DE CAMPOS;;34031A;0;0
8;CASTILLA Y LEÓN;34;PALENCIA;32;32;BERZOSILLA;;34032A;0;0
8;CASTILLA Y LEÓN;34;PALENCIA;33;33;BOADA DE CAMPOS;;34033A;0;0
8;CASTILLA Y LEÓN;34;PALENCIA;34;34;BOADILLA DEL CAMINO;;34034A;0;0
8;CASTILLA Y LEÓN;34;PALENCIA;35;35;BOADILLA DE RIOSECO;;34035A;0;0
8;CASTILLA Y LEÓN;34;PALENCIA;36;36;BRAÑOSERA;;34036A;0;0
8;CASTILLA Y LEÓN;34;PALENCIA;37;37;BUENAVISTA DE VALDAVIA;;34037A;0;0
8;CASTILLA Y LEÓN;34;PALENCIA;38;38;BUSTILLO DE LA VEGA;;34038A;0;0
8;CASTILLA Y LEÓN;34;PALENCIA;39;39;BUSTILLO DEL PARAMO DE CARRION;;34039A;0;0
8;CASTILLA Y LEÓN;34;PALENCIA;41;41;CALAHORRA DE BOEDO;;34041A;0;0
8;CASTILLA Y LEÓN;34;PALENCIA;42;42;CALZADA DE LOS MOLINOS;;34042A;0;0
8;CASTILLA Y LEÓN;34;PALENCIA;45;45;CAPILLAS;;34045A;0;0
8;CASTILLA Y LEÓN;34;PALENCIA;46;46;CARDEÑOSA DE VOLPEJERA;;34046A;0;0
8;CASTILLA Y LEÓN;34;PALENCIA;47;47;CARRION DE LOS CONDES;;34047A;0;0
8;CASTILLA Y LEÓN;34;PALENCIA;48;48;CASTIL DE VELA;;34048A;0;0
8;CASTILLA Y LEÓN;34;PALENCIA;49;49;CASTREJON DE LA PEÑA;;34049A;0;0
8;CASTILLA Y LEÓN;34;PALENCIA;50;50;CASTRILLO DE DON JUAN;;34050A;0;0
8;CASTILLA Y LEÓN;34;PALENCIA;51;51;CASTRILLO DE ONIELO;;34051A;0;0
8;CASTILLA Y LEÓN;34;PALENCIA;52;52;CASTRILLO DE VILLAVEGA;;34052A;0;0
8;CASTILLA Y LEÓN;34;PALENCIA;53;53;CASTROMOCHO;;34053A;0;0
8;CASTILLA Y LEÓN;34;PALENCIA;55;56;CERVATOS DE LA CUEZA;;34056A;0;0
8;CASTILLA Y LEÓN;34;PALENCIA;56;57;CERVERA DE PISUERGA;;34057A;0;0
8;CASTILLA Y LEÓN;34;PALENCIA;57;58;CEVICO DE LA TORRE;;34058A;0;0
8;CASTILLA Y LEÓN;34;PALENCIA;58;59;CEVICO NAVERO;;34059A;0;0
8;CASTILLA Y LEÓN;34;PALENCIA;59;60;CISNEROS;;34060A;0;0
8;CASTILLA Y LEÓN;34;PALENCIA;60;61;COBOS DE CERRATO;;34061A;0;0
8;CASTILLA Y LEÓN;34;PALENCIA;61;62;COLLAZOS DE BOEDO;;34062A;0;0
8;CASTILLA Y LEÓN;34;PALENCIA;62;63;CONGOSTO DE VALDAVIA;;34063A;0;0
8;CASTILLA Y LEÓN;34;PALENCIA;63;64;CORDOVILLA LA REAL;;34064A;0;0
8;CASTILLA Y LEÓN;34;PALENCIA;66;66;CUBILLAS DE CERRATO;;34066A;0;0
8;CASTILLA Y LEÓN;34;PALENCIA;67;67;DEHESA DE MONTEJO;;34067A;0;0
8;CASTILLA Y LEÓN;34;PALENCIA;68;68;DEHESA DE ROMANOS;;34068A;0;0
8;CASTILLA Y LEÓN;34;PALENCIA;69;69;DUEÑAS;;34069A;0;0
8;CASTILLA Y LEÓN;34;PALENCIA;70;70;ESPINOSA DE CERRATO;;34070A;0;0
8;CASTILLA Y LEÓN;34;PALENCIA;71;71;ESPINOSA DE VILLAGONZALO;;34071A;0;0
8;CASTILLA Y LEÓN;34;PALENCIA;72;72;FRECHILLA;;34072A;0;0
8;CASTILLA Y LEÓN;34;PALENCIA;73;73;FRESNO DEL RIO;;34073A;0;0
8;CASTILLA Y LEÓN;34;PALENCIA;74;74;FROMISTA;;34074A;0;0
8;CASTILLA Y LEÓN;34;PALENCIA;76;76;FUENTES DE NAVA;;34076A;0;0
8;CASTILLA Y LEÓN;34;PALENCIA;77;77;FUENTES DE VALDEPERO;;34077A;0;0
8;CASTILLA Y LEÓN;34;PALENCIA;79;79;GRIJOTA;;34079A;0;0
8;CASTILLA Y LEÓN;34;PALENCIA;80;80;GUARDO;;34080A;0;0
8;CASTILLA Y LEÓN;34;PALENCIA;81;81;GUAZA DE CAMPOS;;34081A;0;0
8;CASTILLA Y LEÓN;34;PALENCIA;82;82;HERMEDES DE CERRATO;;34082A;0;0
8;CASTILLA Y LEÓN;34;PALENCIA;83;83;HERRERA DE PISUERGA;;34083A;0;0
8;CASTILLA Y LEÓN;34;PALENCIA;84;84;HERRERA DE VALDECAÑAS;;34084A;0;0
8;CASTILLA Y LEÓN;34;PALENCIA;86;86;HONTORIA DE CERRATO;;34086A;0;0
8;CASTILLA Y LEÓN;34;PALENCIA;87;87;HORNILLOS DE CERRATO;;34087A;0;0
8;CASTILLA Y LEÓN;34;PALENCIA;88;88;HUSILLOS;;34088A;0;0
8;CASTILLA Y LEÓN;34;PALENCIA;89;89;ITERO DE LA VEGA;;34089A;0;0
8;CASTILLA Y LEÓN;34;PALENCIA;91;91;LAGARTOS;;34091A;0;0
8;CASTILLA Y LEÓN;34;PALENCIA;92;92;LANTADILLA;;34092A;0;0
8;CASTILLA Y LEÓN;34;PALENCIA;93;93;LAVID DE OJEDA;;34093A;0;0
8;CASTILLA Y LEÓN;34;PALENCIA;94;94;LEDIGOS;;34094A;0;0
8;CASTILLA Y LEÓN;34;PALENCIA;96;96;LOMAS;;34096A;0;0
8;CASTILLA Y LEÓN;34;PALENCIA;98;98;MAGAZ;;34098A;0;0
8;CASTILLA Y LEÓN;34;PALENCIA;99;99;MANQUILLOS;;34099A;0;0
8;CASTILLA Y LEÓN;34;PALENCIA;100;100;MANTINOS;;34100A;0;0
8;CASTILLA Y LEÓN;34;PALENCIA;101;101;MARCILLA DE CAMPOS;;34101A;0;0
8;CASTILLA Y LEÓN;34;PALENCIA;102;102;MAZARIEGOS;;34102A;0;0
8;CASTILLA Y LEÓN;34;PALENCIA;103;103;MAZUECOS DE VALDEGINATE;;34103A;0;0
8;CASTILLA Y LEÓN;34;PALENCIA;104;104;MELGAR DE YUSO;;34104A;0;0
8;CASTILLA Y LEÓN;34;PALENCIA;106;106;MENESES DE CAMPOS;;34106A;0;0
8;CASTILLA Y LEÓN;34;PALENCIA;107;107;MICIECES DE OJEDA;;34107A;0;0
8;CASTILLA Y LEÓN;34;PALENCIA;108;108;MONZON DE CAMPOS;;34108A;0;0
8;CASTILLA Y LEÓN;34;PALENCIA;109;109;MORATINOS;;34109A;0;0
8;CASTILLA Y LEÓN;34;PALENCIA;110;110;MUDA;;34110A;0;0
8;CASTILLA Y LEÓN;34;PALENCIA;112;112;NOGAL DE LAS HUERTAS;;34112A;0;0
8;CASTILLA Y LEÓN;34;PALENCIA;113;113;OLEA DE BOEDO;;34113A;0;0
8;CASTILLA Y LEÓN;34;PALENCIA;114;114;OLMOS DE OJEDA;;34114A;0;0
8;CASTILLA Y LEÓN;34;PALENCIA;116;116;OSORNILLO;;34116A;0;0
8;CASTILLA Y LEÓN;34;PALENCIA;120;900;PALENCIA;;34900A;0;0
8;CASTILLA Y LEÓN;34;PALENCIA;121;121;PALENZUELA;;34121A;0;0
8;CASTILLA Y LEÓN;34;PALENCIA;122;122;PARAMO DE BOEDO;;34122A;0;0
8;CASTILLA Y LEÓN;34;PALENCIA;123;123;PAREDES DE NAVA;;34123A;0;0
8;CASTILLA Y LEÓN;34;PALENCIA;124;124;PAYO DE OJEDA;;34124A;0;0
8;CASTILLA Y LEÓN;34;PALENCIA;125;125;PEDRAZA DE CAMPOS;;34125A;0;0
8;CASTILLA Y LEÓN;34;PALENCIA;126;126;PEDROSA DE LA VEGA;;34126A;0;0
8;CASTILLA Y LEÓN;34;PALENCIA;127;127;PERALES;;34127A;0;0
8;CASTILLA Y LEÓN;34;PALENCIA;129;129;PINO DEL RIO;;34129A;0;0
8;CASTILLA Y LEÓN;34;PALENCIA;130;130;PIÑA DE CAMPOS;;34130A;0;0
8;CASTILLA Y LEÓN;34;PALENCIA;131;131;POBLACION DE ARROYO;;34131A;0;0
8;CASTILLA Y LEÓN;34;PALENCIA;132;132;POBLACION DE CAMPOS;;34132A;0;0
8;CASTILLA Y LEÓN;34;PALENCIA;133;133;POBLACION DE CERRATO;;34133A;0;0
8;CASTILLA Y LEÓN;34;PALENCIA;134;134;POLENTINOS;;34134A;0;0
8;CASTILLA Y LEÓN;34;PALENCIA;135;135;POMAR DE VALDIVIA;;34135A;0;0
8;CASTILLA Y LEÓN;34;PALENCIA;136;136;POZA DE LA VEGA;;34136A;0;0
8;CASTILLA Y LEÓN;34;PALENCIA;137;137;POZO DE URAMA;;34137A;0;0
8;CASTILLA Y LEÓN;34;PALENCIA;139;139;PRADANOS DE OJEDA;;34139A;0;0
8;CASTILLA Y LEÓN;34;PALENCIA;140;140;LA PUEBLA DE VALDAVIA;;34140A;0;0
8;CASTILLA Y LEÓN;34;PALENCIA;141;141;QUINTANA DEL PUENTE;;34141A;0;0
8;CASTILLA Y LEÓN;34;PALENCIA;143;143;QUINTANILLA DE ONSOÑA;;34143A;0;0
8;CASTILLA Y LEÓN;34;PALENCIA;146;146;REINOSO DE CERRATO;;34146A;0;0
8;CASTILLA Y LEÓN;34;PALENCIA;147;147;RENEDO DE LA VEGA;;34147A;0;0
8;CASTILLA Y LEÓN;34;PALENCIA;149;149;REQUENA DE CAMPOS;;34149A;0;0
8;CASTILLA Y LEÓN;34;PALENCIA;151;151;RESPENDA DE LA PEÑA;;34151A;0;0
8;CASTILLA Y LEÓN;34;PALENCIA;152;152;REVENGA DE CAMPOS;;34152A;0;0
8;CASTILLA Y LEÓN;34;PALENCIA;154;154;REVILLA DE COLLAZOS;;34154A;0;0
8;CASTILLA Y LEÓN;34;PALENCIA;155;155;RIBAS DE CAMPOS;;34155A;0;0
8;CASTILLA Y LEÓN;34;PALENCIA;156;156;RIBEROS DE LA CUEZA;;34156A;0;0
8;CASTILLA Y LEÓN;34;PALENCIA;157;157;SALDAÑA;;34157A;0;0
8;CASTILLA Y LEÓN;34;PALENCIA;158;158;SALINAS DE PISUERGA;;34158A;0;0
8;CASTILLA Y LEÓN;34;PALENCIA;159;159;SAN CEBRIAN DE CAMPOS;;34159A;0;0
8;CASTILLA Y LEÓN;34;PALENCIA;160;160;SAN CEBRIAN DE MUDA;;34160A;0;0
8;CASTILLA Y LEÓN;34;PALENCIA;161;161;SAN CRISTOBAL DE BOEDO;;34161A;0;0
8;CASTILLA Y LEÓN;34;PALENCIA;163;163;SAN MAMES DE CAMPOS;;34163A;0;0
8;CASTILLA Y LEÓN;34;PALENCIA;165;165;SAN ROMAN DE LA CUBA;;34165A;0;0
8;CASTILLA Y LEÓN;34;PALENCIA;167;167;SANTA CECILIA DEL ALCOR;;34167A;0;0
8;CASTILLA Y LEÓN;34;PALENCIA;168;168;SANTA CRUZ DE BOEDO;;34168A;0;0
8;CASTILLA Y LEÓN;34;PALENCIA;169;169;SANTERVAS DE LA VEGA;;34169A;0;0
8;CASTILLA Y LEÓN;34;PALENCIA;170;170;SANTIBAÑEZ DE ECLA;;34170A;0;0
8;CASTILLA Y LEÓN;34;PALENCIA;171;171;SANTIBAÑEZ DE LA PEÑA;;34171A;0;0
8;CASTILLA Y LEÓN;34;PALENCIA;174;174;SANTOYO;;34174A;0;0
8;CASTILLA Y LEÓN;34;PALENCIA;175;175;LA SERNA;;34175A;0;0
8;CASTILLA Y LEÓN;34;PALENCIA;176;176;SOTOBAÑADO Y PRIORATO;;34176A;0;0
8;CASTILLA Y LEÓN;34;PALENCIA;177;177;SOTO DE CERRATO;;34177A;0;0
8;CASTILLA Y LEÓN;34;PALENCIA;178;178;TABANERA DE CERRATO;;34178A;0;0
8;CASTILLA Y LEÓN;34;PALENCIA;179;179;TABANERA DE VALDAVIA;;34179A;0;0
8;CASTILLA Y LEÓN;34;PALENCIA;180;180;TAMARA;;34180A;0;0
8;CASTILLA Y LEÓN;34;PALENCIA;181;181;TARIEGO;;34181A;0;0
8;CASTILLA Y LEÓN;34;PALENCIA;182;182;TORQUEMADA;;34182A;0;0
8;CASTILLA Y LEÓN;34;PALENCIA;184;184;TORREMORMOJON;;34184A;0;0
8;CASTILLA Y LEÓN;34;PALENCIA;185;185;TRIOLLO;;34185A;0;0
8;CASTILLA Y LEÓN;34;PALENCIA;186;186;VALBUENA DE PISUERGA;;34186A;0;0
8;CASTILLA Y LEÓN;34;PALENCIA;189;189;VALDEOLMILLOS;;34189A;0;0
8;CASTILLA Y LEÓN;34;PALENCIA;190;190;VALDERRABANO;;34190A;0;0
8;CASTILLA Y LEÓN;34;PALENCIA;192;192;VALDE UCIEZA;;34192A;0;0
8;CASTILLA Y LEÓN;34;PALENCIA;196;196;VALLE DE CERRATO;;34196A;0;0
8;CASTILLA Y LEÓN;34;PALENCIA;199;199;VELILLA DEL RIO CARRION;;34199A;0;0
8;CASTILLA Y LEÓN;34;PALENCIA;201;201;VERTAVILLO;;34201A;0;0
8;CASTILLA Y LEÓN;34;PALENCIA;202;202;VILLABASTA;;34202A;0;0
8;CASTILLA Y LEÓN;34;PALENCIA;204;204;VILLACIDALER;;34204A;0;0
8;CASTILLA Y LEÓN;34;PALENCIA;205;205;VILLACONANCIO;;34205A;0;0
8;CASTILLA Y LEÓN;34;PALENCIA;206;206;VILLADA;;34206A;0;0
8;CASTILLA Y LEÓN;34;PALENCIA;208;208;VILLAELES DE VALDAVIA;;34208A;0;0
8;CASTILLA Y LEÓN;34;PALENCIA;210;210;VILLAHAN;;34210A;0;0
8;CASTILLA Y LEÓN;34;PALENCIA;211;211;VILLAHERREROS;;34211A;0;0
8;CASTILLA Y LEÓN;34;PALENCIA;213;213;VILLALACO;;34213A;0;0
8;CASTILLA Y LEÓN;34;PALENCIA;214;214;VILLALBA DE GUARDO;;34214A;0;0
8;CASTILLA Y LEÓN;34;PALENCIA;215;215;VILLALCAZAR DE SIRGA;;34215A;0;0
8;CASTILLA Y LEÓN;34;PALENCIA;216;216;VILLALCON;;34216A;0;0
8;CASTILLA Y LEÓN;34;PALENCIA;217;217;VILLALOBON;;34217A;0;0
8;CASTILLA Y LEÓN;34;PALENCIA;218;218;VILLALUENGA DE LA VEGA;;34218A;0;0
8;CASTILLA Y LEÓN;34;PALENCIA;220;220;VILLAMARTIN DE CAMPOS;;34220A;0;0
8;CASTILLA Y LEÓN;34;PALENCIA;221;221;VILLAMEDIANA;;34221A;0;0
8;CASTILLA Y LEÓN;34;PALENCIA;222;222;VILLAMERIEL;;34222A;0;0
8;CASTILLA Y LEÓN;34;PALENCIA;223;223;VILLAMORONTA;;34223A;0;0
8;CASTILLA Y LEÓN;34;PALENCIA;224;224;VILLAMUERA DE LA CUEZA;;34224A;0;0
8;CASTILLA Y LEÓN;34;PALENCIA;225;225;VILLAMURIEL DE CERRATO;;34225A;0;0
8;CASTILLA Y LEÓN;34;PALENCIA;227;228;VILLANUEVA DEL REBOLLAR;;34228A;0;0
8;CASTILLA Y LEÓN;34;PALENCIA;228;229;VILLANUÑO DE VALDAVIA;;34229A;0;0
8;CASTILLA Y LEÓN;34;PALENCIA;229;230;VILLAPROVEDO;;34230A;0;0
8;CASTILLA Y LEÓN;34;PALENCIA;230;231;VILLARMENTERO DE CAMPOS;;34231A;0;0
8;CASTILLA Y LEÓN;34;PALENCIA;231;232;VILLARRABE;;34232A;0;0
8;CASTILLA Y LEÓN;34;PALENCIA;232;233;VILLARRAMIEL;;34233A;0;0
8;CASTILLA Y LEÓN;34;PALENCIA;233;234;VILLASARRACINO;;34234A;0;0
8;CASTILLA Y LEÓN;34;PALENCIA;234;235;VILLASILA DE VALDAVIA;;34235A;0;0
8;CASTILLA Y LEÓN;34;PALENCIA;236;237;VILLATURDE;;34237A;0;0
8;CASTILLA Y LEÓN;34;PALENCIA;237;238;VILLAUMBRALES;;34238A;0;0
8;CASTILLA Y LEÓN;34;PALENCIA;238;239;VILLAVIUDAS;;34239A;0;0
8;CASTILLA Y LEÓN;34;PALENCIA;240;241;VILLERIAS;;34241A;0;0
8;CASTILLA Y LEÓN;34;PALENCIA;241;242;VILLODRE;;34242A;0;0
8;CASTILLA Y LEÓN;34;PALENCIA;242;243;VILLODRIGO;;34243A;0;0
8;CASTILLA Y LEÓN;34;PALENCIA;243;244;VILLOLDO;;34244A;0;0
8;CASTILLA Y LEÓN;34;PALENCIA;245;246;VILLOTA DEL PARAMO;;34246A;0;0
8;CASTILLA Y LEÓN;34;PALENCIA;246;247;VILLOVIECO;;34247A;0;0
8;CASTILLA Y LEÓN;34;PALENCIA;901;117;OSORNO LA MAYOR;;34117A;0;0
8;CASTILLA Y LEÓN;34;PALENCIA;902;219;VALLE DEL RETORTILLO;;34219A;0;0
8;CASTILLA Y LEÓN;34;PALENCIA;903;90;LOMA DE UCIEZA;;34090A;0;0
8;CASTILLA Y LEÓN;34;PALENCIA;904;166;LA PERNIA;;34166A;0;0
8;CASTILLA Y LEÓN;37;SALAMANCA;1;1;ABUSEJO;;37001A;0;0
8;CASTILLA Y LEÓN;37;SALAMANCA;2;2;AGALLAS;;37002A;0;0
8;CASTILLA Y LEÓN;37;SALAMANCA;3;3;AHIGAL DE LOS ACEITEROS;;37003A;0;0
8;CASTILLA Y LEÓN;37;SALAMANCA;4;4;AHIGAL DE VILLARINO;;37004A;0;0
8;CASTILLA Y LEÓN;37;SALAMANCA;5;5;LA ALAMEDA DE GARDON;;37005A;0;0
8;CASTILLA Y LEÓN;37;SALAMANCA;6;6;LA ALAMEDILLA;;37006A;0;0
8;CASTILLA Y LEÓN;37;SALAMANCA;7;7;ALARAZ;;37007A;0;0
8;CASTILLA Y LEÓN;37;SALAMANCA;8;8;ALBA DE TORMES;;37008A;0;0
8;CASTILLA Y LEÓN;37;SALAMANCA;9;9;ALBA DE YELTES;;37009A;0;0
8;CASTILLA Y LEÓN;37;SALAMANCA;10;10;LA ALBERCA;;37010A;0;0
8;CASTILLA Y LEÓN;37;SALAMANCA;11;11;LA ALBERGUERIA DE ARGAÑAN;;37011A;0;0
8;CASTILLA Y LEÓN;37;SALAMANCA;12;12;ALCONADA;;37012A;0;0
8;CASTILLA Y LEÓN;37;SALAMANCA;13;13;ALDEACIPRESTE;;37013A;0;0
8;CASTILLA Y LEÓN;37;SALAMANCA;14;14;ALDEADAVILA DE LA RIBERA;;37014A;0;0
8;CASTILLA Y LEÓN;37;SALAMANCA;15;15;ALDEA DEL OBISPO;;37015A;0;0
8;CASTILLA Y LEÓN;37;SALAMANCA;16;16;ALDEALENGUA;;37016A;0;0
8;CASTILLA Y LEÓN;37;SALAMANCA;17;17;ALDEANUEVA DE FIGUEROA;;37017A;0;0
8;CASTILLA Y LEÓN;37;SALAMANCA;18;18;ALDEANUEVA DE LA SIERRA;;37018A;0;0
8;CASTILLA Y LEÓN;37;SALAMANCA;19;19;ALDEARRODRIGO;;37019A;0;0
8;CASTILLA Y LEÓN;37;SALAMANCA;20;20;ALDEARRUBIA;;37020A;0;0
8;CASTILLA Y LEÓN;37;SALAMANCA;21;21;ALDEASECA DE ALBA;;37021A;0;0
8;CASTILLA Y LEÓN;37;SALAMANCA;22;22;ALDEASECA DE LA FRONTERA;;37022A;0;0
8;CASTILLA Y LEÓN;37;SALAMANCA;23;23;ALDEATEJADA;;37023A;0;0
8;CASTILLA Y LEÓN;37;SALAMANCA;24;24;ALDEAVIEJA DE TORMES;;37024A;0;0
8;CASTILLA Y LEÓN;37;SALAMANCA;25;25;ALDEHUELA DE LA BOVEDA;;37025A;0;0
8;CASTILLA Y LEÓN;37;SALAMANCA;26;26;ALDEHUELA DE YELTES;;37026A;0;0
8;CASTILLA Y LEÓN;37;SALAMANCA;26;26;ALDEHUELA DE YELTES;;37026B;0;1
8;CASTILLA Y LEÓN;37;SALAMANCA;27;27;ALMENARA DE TORMES;;37027A;0;0
8;CASTILLA Y LEÓN;37;SALAMANCA;28;28;ALMENDRA;;37028A;0;0
8;CASTILLA Y LEÓN;37;SALAMANCA;29;29;ANAYA DE ALBA;;37029A;0;0
8;CASTILLA Y LEÓN;37;SALAMANCA;30;30;AÑOVER DE TORMES;;37030A;0;0
8;CASTILLA Y LEÓN;37;SALAMANCA;31;31;ARABAYONA;;37031A;0;0
8;CASTILLA Y LEÓN;37;SALAMANCA;32;32;ARAPILES;;37032A;0;0
8;CASTILLA Y LEÓN;37;SALAMANCA;33;33;ARCEDIANO;;37033A;0;0
8;CASTILLA Y LEÓN;37;SALAMANCA;34;34;EL ARCO;;37034A;0;0
8;CASTILLA Y LEÓN;37;SALAMANCA;35;35;ARMENTEROS;;37035A;0;0
8;CASTILLA Y LEÓN;37;SALAMANCA;36;36;SAN MIGUEL DE ROBLEDO;;37036A;0;0
8;CASTILLA Y LEÓN;37;SALAMANCA;37;37;LA ATALAYA;;37037A;0;0
8;CASTILLA Y LEÓN;37;SALAMANCA;37;37;LA ATALAYA;;37037B;0;1
8;CASTILLA Y LEÓN;37;SALAMANCA;37;37;LA ATALAYA;;37037C;0;2
8;CASTILLA Y LEÓN;37;SALAMANCA;38;38;BABILAFUENTE;;37038A;0;0
8;CASTILLA Y LEÓN;37;SALAMANCA;39;39;BAÑOBAREZ;;37039A;0;0
8;CASTILLA Y LEÓN;37;SALAMANCA;40;40;BARBADILLO;;37040A;0;0
8;CASTILLA Y LEÓN;37;SALAMANCA;41;41;BARBALOS;;37041A;0;0
8;CASTILLA Y LEÓN;37;SALAMANCA;42;42;BARCEO;;37042A;0;0
8;CASTILLA Y LEÓN;37;SALAMANCA;44;44;BARRUECOPARDO;;37044A;0;0
8;CASTILLA Y LEÓN;37;SALAMANCA;45;45;LA BASTIDA;;37045A;0;0
8;CASTILLA Y LEÓN;37;SALAMANCA;46;46;BEJAR;;37046A;0;0
8;CASTILLA Y LEÓN;37;SALAMANCA;47;47;BELEÑA;;37047A;0;0
8;CASTILLA Y LEÓN;37;SALAMANCA;49;49;BERMELLAR;;37049A;0;0
8;CASTILLA Y LEÓN;37;SALAMANCA;50;50;BERROCAL DE HUEBRA;;37050A;0;0
8;CASTILLA Y LEÓN;37;SALAMANCA;51;51;BERROCAL DE SALVATIERRA;;37051A;0;0
8;CASTILLA Y LEÓN;37;SALAMANCA;52;52;BOADA;;37052A;0;0
8;CASTILLA Y LEÓN;37;SALAMANCA;54;54;EL BODON;;37054A;0;0
8;CASTILLA Y LEÓN;37;SALAMANCA;55;55;BOGAJO;;37055A;0;0
8;CASTILLA Y LEÓN;37;SALAMANCA;56;56;LA BOUZA;;37056A;0;0
8;CASTILLA Y LEÓN;37;SALAMANCA;57;57;BOVEDA DEL RIO ALMAR;;37057A;0;0
8;CASTILLA Y LEÓN;37;SALAMANCA;58;58;BRINCONES;;37058A;0;0
8;CASTILLA Y LEÓN;37;SALAMANCA;59;59;BUENAMADRE;;37059A;0;0
8;CASTILLA Y LEÓN;37;SALAMANCA;60;60;BUENAVISTA;;37060A;0;0
8;CASTILLA Y LEÓN;37;SALAMANCA;61;61;EL CABACO;;37061A;0;0
8;CASTILLA Y LEÓN;37;SALAMANCA;62;62;CABEZABELLOSA DE LA CALZADA;;37062A;0;0
8;CASTILLA Y LEÓN;37;SALAMANCA;63;63;LA CABEZA DE BEJAR;;37063A;0;0
8;CASTILLA Y LEÓN;37;SALAMANCA;65;65;CABEZA DEL CABALLO;;37065A;0;0
8;CASTILLA Y LEÓN;37;SALAMANCA;67;67;CABRERIZOS;;37067A;0;0
8;CASTILLA Y LEÓN;37;SALAMANCA;68;68;CABRILLAS;;37068A;0;0
8;CASTILLA Y LEÓN;37;SALAMANCA;69;69;CALVARRASA DE ABAJO;;37069A;0;0
8;CASTILLA Y LEÓN;37;SALAMANCA;70;70;CALVARRASA DE ARRIBA;;37070A;0;0
8;CASTILLA Y LEÓN;37;SALAMANCA;71;71;LA CALZADA DE BEJAR;;37071A;0;0
8;CASTILLA Y LEÓN;37;SALAMANCA;72;72;CALZADA DE DON DIEGO;;37072A;0;0
8;CASTILLA Y LEÓN;37;SALAMANCA;73;73;CALZADA DE VALDUNCIEL;;37073A;0;0
8;CASTILLA Y LEÓN;37;SALAMANCA;74;74;CAMPILLO DE AZABA;;37074A;0;0
8;CASTILLA Y LEÓN;37;SALAMANCA;77;77;EL CAMPO DE PEÑARANDA;;37077A;0;0
8;CASTILLA Y LEÓN;37;SALAMANCA;78;78;CANDELARIO;;37078A;0;0
8;CASTILLA Y LEÓN;37;SALAMANCA;79;79;CANILLAS DE ABAJO;;37079A;0;0
8;CASTILLA Y LEÓN;37;SALAMANCA;80;80;CANTAGALLO;;37080A;0;0
8;CASTILLA Y LEÓN;37;SALAMANCA;81;81;CANTALAPIEDRA;;37081A;0;0
8;CASTILLA Y LEÓN;37;SALAMANCA;82;82;CANTALPINO;;37082A;0;0
8;CASTILLA Y LEÓN;37;SALAMANCA;83;83;CANTARACILLO;;37083A;0;0
8;CASTILLA Y LEÓN;37;SALAMANCA;85;85;CARBAJOSA DE LA SAGRADA;;37085A;0;0
8;CASTILLA Y LEÓN;37;SALAMANCA;86;86;CARPIO DE AZABA;;37086A;0;0
8;CASTILLA Y LEÓN;37;SALAMANCA;87;87;CARRASCAL DE BARREGAS;;37087A;0;0
8;CASTILLA Y LEÓN;37;SALAMANCA;88;88;CARRASCAL DEL OBISPO;;37088A;0;0
8;CASTILLA Y LEÓN;37;SALAMANCA;89;89;CASAFRANCA;;37089A;0;0
8;CASTILLA Y LEÓN;37;SALAMANCA;90;90;LAS CASAS DEL CONDE;;37090A;0;0
8;CASTILLA Y LEÓN;37;SALAMANCA;91;91;CASILLAS DE FLORES;;37091A;0;0
8;CASTILLA Y LEÓN;37;SALAMANCA;92;92;CASTELLANOS DE MORISCOS;;37092A;0;0
8;CASTILLA Y LEÓN;37;SALAMANCA;96;96;CASTILLEJO DE MARTIN VIEJO;;37096A;0;0
8;CASTILLA Y LEÓN;37;SALAMANCA;97;97;CASTRAZ;;37097A;0;0
8;CASTILLA Y LEÓN;37;SALAMANCA;97;97;CASTRAZ;;37097B;0;1
8;CASTILLA Y LEÓN;37;SALAMANCA;98;98;CEPEDA;;37098A;0;0
8;CASTILLA Y LEÓN;37;SALAMANCA;99;99;CERECEDA DE LA SIERRA;;37099A;0;0
8;CASTILLA Y LEÓN;37;SALAMANCA;100;100;CEREZAL DE PEÑAHORCADA;;37100A;0;0
8;CASTILLA Y LEÓN;37;SALAMANCA;101;101;CERRALBO;;37101A;0;0
8;CASTILLA Y LEÓN;37;SALAMANCA;102;102;EL CERRO;;37102A;0;0
8;CASTILLA Y LEÓN;37;SALAMANCA;103;103;CESPEDOSA;;37103A;0;0
8;CASTILLA Y LEÓN;37;SALAMANCA;104;104;CILLEROS DE LA BASTIDA;;37104A;0;0
8;CASTILLA Y LEÓN;37;SALAMANCA;106;106;CIPEREZ;;37106A;0;0
8;CASTILLA Y LEÓN;37;SALAMANCA;107;107;CIUDAD-RODRIGO;;37107A;0;0
8;CASTILLA Y LEÓN;37;SALAMANCA;108;108;COCA DE ALBA;;37108A;0;0
8;CASTILLA Y LEÓN;37;SALAMANCA;109;109;COLMENAR DE MONTEMAYOR;;37109A;0;0
8;CASTILLA Y LEÓN;37;SALAMANCA;110;110;CORDOVILLA;;37110A;0;0
8;CASTILLA Y LEÓN;37;SALAMANCA;112;112;CRISTOBAL;;37112A;0;0
8;CASTILLA Y LEÓN;37;SALAMANCA;113;113;EL CUBO DE DON SANCHO;;37113A;0;0
8;CASTILLA Y LEÓN;37;SALAMANCA;114;114;CHAGARCIA-MEDIANERO;;37114A;0;0
8;CASTILLA Y LEÓN;37;SALAMANCA;115;115;DIOS LE GUARDE;;37115A;0;0
8;CASTILLA Y LEÓN;37;SALAMANCA;116;116;DOÑINOS DE LEDESMA;;37116A;0;0
8;CASTILLA Y LEÓN;37;SALAMANCA;117;117;DOÑINOS DE SALAMANCA;;37117A;0;0
8;CASTILLA Y LEÓN;37;SALAMANCA;118;118;EJEME;;37118A;0;0
8;CASTILLA Y LEÓN;37;SALAMANCA;119;119;LA ENCINA;;37119A;0;0
8;CASTILLA Y LEÓN;37;SALAMANCA;120;120;ENCINA DE SAN SILVESTRE;;37120A;0;0
8;CASTILLA Y LEÓN;37;SALAMANCA;121;121;ENCINAS DE ABAJO;;37121A;0;0
8;CASTILLA Y LEÓN;37;SALAMANCA;122;122;ENCINAS DE ARRIBA;;37122A;0;0
8;CASTILLA Y LEÓN;37;SALAMANCA;123;123;ENCINASOLA DE LOS COMENDADORES;;37123A;0;0
8;CASTILLA Y LEÓN;37;SALAMANCA;124;124;ENDRINAL;;37124A;0;0
8;CASTILLA Y LEÓN;37;SALAMANCA;125;125;ESCURIAL DE LA SIERRA;;37125A;0;0
8;CASTILLA Y LEÓN;37;SALAMANCA;126;126;ESPADAÑA;;37126A;0;0
8;CASTILLA Y LEÓN;37;SALAMANCA;127;127;ESPEJA;;37127A;0;0
8;CASTILLA Y LEÓN;37;SALAMANCA;128;128;ESPINO DE LA ORBADA;;37128A;0;0
8;CASTILLA Y LEÓN;37;SALAMANCA;129;129;FLORIDA DE LIEBANA;;37129A;0;0
8;CASTILLA Y LEÓN;37;SALAMANCA;130;130;FORFOLEDA;;37130A;0;0
8;CASTILLA Y LEÓN;37;SALAMANCA;131;131;FRADES DE LA SIERRA;;37131A;0;0
8;CASTILLA Y LEÓN;37;SALAMANCA;132;132;LA FREGENEDA;;37132A;0;0
8;CASTILLA Y LEÓN;37;SALAMANCA;133;133;FRESNEDOSO;;37133A;0;0
8;CASTILLA Y LEÓN;37;SALAMANCA;134;134;FRESNO-ALHANDIGA;;37134A;0;0
8;CASTILLA Y LEÓN;37;SALAMANCA;135;135;LA FUENTE DE SAN ESTEBAN;;37135A;0;0
8;CASTILLA Y LEÓN;37;SALAMANCA;135;135;LA FUENTE DE SAN ESTEBAN;BOADILLA;37135B;53;0
8;CASTILLA Y LEÓN;37;SALAMANCA;135;135;LA FUENTE DE SAN ESTEBAN;MUÑOZ;37135C;211;0
8;CASTILLA Y LEÓN;37;SALAMANCA;135;135;LA FUENTE DE SAN ESTEBAN;SANTA OLALLA DE YELTES;37135D;297;0
8;CASTILLA Y LEÓN;37;SALAMANCA;136;136;FUENTEGUINALDO;;37136A;0;0
8;CASTILLA Y LEÓN;37;SALAMANCA;137;137;FUENTELIANTE;;37137A;0;0
8;CASTILLA Y LEÓN;37;SALAMANCA;138;138;FUENTERROBLE DE SALVATIERRA;;37138A;0;0
8;CASTILLA Y LEÓN;37;SALAMANCA;139;139;FUENTES DE BEJAR;;37139A;0;0
8;CASTILLA Y LEÓN;37;SALAMANCA;140;140;FUENTES DE OÑORO;;37140A;0;0
8;CASTILLA Y LEÓN;37;SALAMANCA;140;140;FUENTES DE OÑORO;;37140B;0;1
8;CASTILLA Y LEÓN;37;SALAMANCA;141;141;GAJATES;;37141A;0;0
8;CASTILLA Y LEÓN;37;SALAMANCA;142;142;GALINDO Y PERAHUY;;37142A;0;0
8;CASTILLA Y LEÓN;37;SALAMANCA;143;143;GALINDUSTE;;37143A;0;0
8;CASTILLA Y LEÓN;37;SALAMANCA;144;144;GALISANCHO;;37144A;0;0
8;CASTILLA Y LEÓN;37;SALAMANCA;145;145;GALLEGOS DE ARGAÑAN;;37145A;0;0
8;CASTILLA Y LEÓN;37;SALAMANCA;145;145;GALLEGOS DE ARGAÑAN;;37145B;0;1
8;CASTILLA Y LEÓN;37;SALAMANCA;146;146;GALLEGOS DE SOLMIRON;;37146A;0;0
8;CASTILLA Y LEÓN;37;SALAMANCA;147;147;GARCIBUEY;;37147A;0;0
8;CASTILLA Y LEÓN;37;SALAMANCA;148;148;GARCIHERNANDEZ;;37148A;0;0
8;CASTILLA Y LEÓN;37;SALAMANCA;149;149;GARCIRREY;;37149A;0;0
8;CASTILLA Y LEÓN;37;SALAMANCA;150;151;GEJUELO DEL BARRO;;37151A;0;0
8;CASTILLA Y LEÓN;37;SALAMANCA;151;152;GOLPEJAS;;37152A;0;0
8;CASTILLA Y LEÓN;37;SALAMANCA;152;153;GOMECELLO;;37153A;0;0
8;CASTILLA Y LEÓN;37;SALAMANCA;154;155;GUADRAMIRO;;37155A;0;0
8;CASTILLA Y LEÓN;37;SALAMANCA;155;156;GUIJO DE AVILA;;37156A;0;0
8;CASTILLA Y LEÓN;37;SALAMANCA;156;157;GUIJUELO;;37157A;0;0
8;CASTILLA Y LEÓN;37;SALAMANCA;157;158;HERGUIJUELA DE CIUDAD-RODRIGO;;NULL;0;0
8;CASTILLA Y LEÓN;37;SALAMANCA;157;158;HERGUIJUELA DE CIUDAD-RODRIGO;;37158A;0;1
8;CASTILLA Y LEÓN;37;SALAMANCA;158;159;HERGUIJUELA DE LA SIERRA;;37159A;0;0
8;CASTILLA Y LEÓN;37;SALAMANCA;159;160;HERGUIJUELA DEL CAMPO;;37160A;0;0
8;CASTILLA Y LEÓN;37;SALAMANCA;160;161;HINOJOSA DE DUERO;;37161A;0;0
8;CASTILLA Y LEÓN;37;SALAMANCA;161;162;HORCAJO DE MONTEMAYOR;;37162A;0;0
8;CASTILLA Y LEÓN;37;SALAMANCA;162;163;HORCAJO-MEDIANERO;;37163A;0;0
8;CASTILLA Y LEÓN;37;SALAMANCA;163;164;LA HOYA;;37164A;0;0
8;CASTILLA Y LEÓN;37;SALAMANCA;164;165;HUERTA;;37165A;0;0
8;CASTILLA Y LEÓN;37;SALAMANCA;165;166;IRUELOS;;37166A;0;0
8;CASTILLA Y LEÓN;37;SALAMANCA;166;167;ITUERO DE AZABA;;37167A;0;0
8;CASTILLA Y LEÓN;37;SALAMANCA;166;167;ITUERO DE AZABA;;37167B;0;1
8;CASTILLA Y LEÓN;37;SALAMANCA;167;168;JUZBADO;;37168A;0;0
8;CASTILLA Y LEÓN;37;SALAMANCA;168;169;LAGUNILLA;;37169A;0;0
8;CASTILLA Y LEÓN;37;SALAMANCA;169;170;LARRODRIGO;;37170A;0;0
8;CASTILLA Y LEÓN;37;SALAMANCA;170;171;LEDESMA;;37171A;0;0
8;CASTILLA Y LEÓN;37;SALAMANCA;171;172;LEDRADA;;37172A;0;0
8;CASTILLA Y LEÓN;37;SALAMANCA;172;173;LINARES DE RIOFRIO;;37173A;0;0
8;CASTILLA Y LEÓN;37;SALAMANCA;173;174;LUMBRALES;;37174A;0;0
8;CASTILLA Y LEÓN;37;SALAMANCA;174;175;MACOTERA;;37175A;0;0
8;CASTILLA Y LEÓN;37;SALAMANCA;175;176;MACHACON;;37176A;0;0
8;CASTILLA Y LEÓN;37;SALAMANCA;176;177;MADROÑAL;;37177A;0;0
8;CASTILLA Y LEÓN;37;SALAMANCA;177;178;EL MAILLO;;37178A;0;0
8;CASTILLA Y LEÓN;37;SALAMANCA;178;179;MALPARTIDA;;37179A;0;0
8;CASTILLA Y LEÓN;37;SALAMANCA;179;180;MANCERA DE ABAJO;;37180A;0;0
8;CASTILLA Y LEÓN;37;SALAMANCA;180;181;EL MANZANO;;37181A;0;0
8;CASTILLA Y LEÓN;37;SALAMANCA;181;182;MARTIAGO;;37182A;0;0
8;CASTILLA Y LEÓN;37;SALAMANCA;182;183;MARTINAMOR;;37183A;0;0
8;CASTILLA Y LEÓN;37;SALAMANCA;183;184;MARTIN DE YELTES;;37184A;0;0
8;CASTILLA Y LEÓN;37;SALAMANCA;183;184;MARTIN DE YELTES;;37184B;0;1
8;CASTILLA Y LEÓN;37;SALAMANCA;184;185;MASUECO;;37185A;0;0
8;CASTILLA Y LEÓN;37;SALAMANCA;185;186;CASTELLANOS DE VILLIQUERA;;37186A;0;0
8;CASTILLA Y LEÓN;37;SALAMANCA;186;187;LA MATA DE LEDESMA;;37187A;0;0
8;CASTILLA Y LEÓN;37;SALAMANCA;187;188;MATILLA DE LOS CAÑOS DEL RIO;;37188A;0;0
8;CASTILLA Y LEÓN;37;SALAMANCA;188;189;LA MAYA;;37189A;0;0
8;CASTILLA Y LEÓN;37;SALAMANCA;189;190;MEMBRIBE;;37190A;0;0
8;CASTILLA Y LEÓN;37;SALAMANCA;190;191;MIEZA;;37191A;0;0
8;CASTILLA Y LEÓN;37;SALAMANCA;191;192;MILANO;;37192A;0;0
8;CASTILLA Y LEÓN;37;SALAMANCA;192;193;MIRANDA DE AZAN;;37193A;0;0
8;CASTILLA Y LEÓN;37;SALAMANCA;193;194;MIRANDA DEL CASTAÑAR;;37194A;0;0
8;CASTILLA Y LEÓN;37;SALAMANCA;194;195;MOGARRAZ;;37195A;0;0
8;CASTILLA Y LEÓN;37;SALAMANCA;195;196;MOLINILLO;;37196A;0;0
8;CASTILLA Y LEÓN;37;SALAMANCA;196;197;MONFORTE DE LA SIERRA;;37197A;0;0
8;CASTILLA Y LEÓN;37;SALAMANCA;197;198;MONLEON;;37198A;0;0
8;CASTILLA Y LEÓN;37;SALAMANCA;198;199;MONLERAS;;37199A;0;0
8;CASTILLA Y LEÓN;37;SALAMANCA;199;200;MONSAGRO;;37200A;0;0
8;CASTILLA Y LEÓN;37;SALAMANCA;200;201;MONTEJO;;37201A;0;0
8;CASTILLA Y LEÓN;37;SALAMANCA;201;202;MONTEMAYOR DEL RIO;;37202A;0;0
8;CASTILLA Y LEÓN;37;SALAMANCA;202;203;MONTERRUBIO DE LA ARMUÑA;;37203A;0;0
8;CASTILLA Y LEÓN;37;SALAMANCA;203;204;MONTERRUBIO DE LA SIERRA;;37204A;0;0
8;CASTILLA Y LEÓN;37;SALAMANCA;204;205;MORASVERDES;;37205A;0;0
8;CASTILLA Y LEÓN;37;SALAMANCA;205;206;MORILLE;;37206A;0;0
8;CASTILLA Y LEÓN;37;SALAMANCA;206;207;MORIÑIGO;;37207A;0;0
8;CASTILLA Y LEÓN;37;SALAMANCA;207;208;MORISCOS;;37208A;0;0
8;CASTILLA Y LEÓN;37;SALAMANCA;208;209;MORONTA;;37209A;0;0
8;CASTILLA Y LEÓN;37;SALAMANCA;209;210;MOZARBEZ;;37210A;0;0
8;CASTILLA Y LEÓN;37;SALAMANCA;211;212;NARROS DE MATALAYEGUA;;37212A;0;0
8;CASTILLA Y LEÓN;37;SALAMANCA;212;213;NAVACARROS;;37213A;0;0
8;CASTILLA Y LEÓN;37;SALAMANCA;213;214;NAVA BEJAR;;37214A;0;0
8;CASTILLA Y LEÓN;37;SALAMANCA;214;215;NAVA DE FRANCIA;;37215A;0;0
8;CASTILLA Y LEÓN;37;SALAMANCA;215;216;NAVA DE SOTROBAL;;37216A;0;0
8;CASTILLA Y LEÓN;37;SALAMANCA;216;217;NAVALES;;37217A;0;0
8;CASTILLA Y LEÓN;37;SALAMANCA;217;218;NAVALMORAL DE BEJAR;;37218A;0;0
8;CASTILLA Y LEÓN;37;SALAMANCA;218;219;NAVAMORALES;;37219A;0;0
8;CASTILLA Y LEÓN;37;SALAMANCA;219;220;NAVARREDONDA DE LA RINCONADA;;37220A;0;0
8;CASTILLA Y LEÓN;37;SALAMANCA;221;222;NAVASFRIAS;;37222A;0;0
8;CASTILLA Y LEÓN;37;SALAMANCA;222;223;NEGRILLA DE PALENCIA;;37223A;0;0
8;CASTILLA Y LEÓN;37;SALAMANCA;223;224;OLMEDO DE CAMACES;;37224A;0;0
8;CASTILLA Y LEÓN;37;SALAMANCA;224;225;LA ORBADA;;37225A;0;0
8;CASTILLA Y LEÓN;37;SALAMANCA;225;226;PAJARES DE LA LAGUNA;;37226A;0;0
8;CASTILLA Y LEÓN;37;SALAMANCA;226;227;PALACIOS DEL ARZOBISPO;;37227A;0;0
8;CASTILLA Y LEÓN;37;SALAMANCA;228;229;PALACIOSRUBIOS;;37229A;0;0
8;CASTILLA Y LEÓN;37;SALAMANCA;229;230;PALENCIA DE NEGRILLA;;37230A;0;0
8;CASTILLA Y LEÓN;37;SALAMANCA;230;232;PARADA DE ARRIBA;;37232A;0;0
8;CASTILLA Y LEÓN;37;SALAMANCA;231;233;PARADA DE RUBIALES;;37233A;0;0
8;CASTILLA Y LEÓN;37;SALAMANCA;232;234;PARADINAS DE SAN JUAN;;37234A;0;0
8;CASTILLA Y LEÓN;37;SALAMANCA;233;235;PASTORES;;37235B;0;1
8;CASTILLA Y LEÓN;37;SALAMANCA;234;236;EL PAYO;;37236A;0;0
8;CASTILLA Y LEÓN;37;SALAMANCA;235;237;PEDRAZA DE ALBA;;37237A;0;0
8;CASTILLA Y LEÓN;37;SALAMANCA;236;238;PEDROSILLO DE ALBA;;37238A;0;0
8;CASTILLA Y LEÓN;37;SALAMANCA;237;239;PEDROSILLO DE LOS AIRES;;37239A;0;0
8;CASTILLA Y LEÓN;37;SALAMANCA;238;240;PEDROSILLO EL RALO;;37240A;0;0
8;CASTILLA Y LEÓN;37;SALAMANCA;239;241;EL PEDROSO DE LA ARMUÑA;;37241A;0;0
8;CASTILLA Y LEÓN;37;SALAMANCA;240;242;PELABRAVO;;37242A;0;0
8;CASTILLA Y LEÓN;37;SALAMANCA;241;243;PELARRODRIGUEZ;;37243A;0;0
8;CASTILLA Y LEÓN;37;SALAMANCA;242;244;PELAYOS;;37244A;0;0
8;CASTILLA Y LEÓN;37;SALAMANCA;243;245;LA PEÑA;;37245A;0;0
8;CASTILLA Y LEÓN;37;SALAMANCA;244;246;PEÑACABALLERA;;37246A;0;0
8;CASTILLA Y LEÓN;37;SALAMANCA;245;247;PEÑAPARDA;;37247A;0;0
8;CASTILLA Y LEÓN;37;SALAMANCA;246;248;PEÑARANDA DE BRACAMONTE;;37248A;0;0
8;CASTILLA Y LEÓN;37;SALAMANCA;247;249;PEÑARANDILLA;;37249A;0;0
8;CASTILLA Y LEÓN;37;SALAMANCA;248;250;PERALEJOS DE ABAJO;;37250A;0;0
8;CASTILLA Y LEÓN;37;SALAMANCA;249;251;PERALEJOS DE ARRIBA;;37251A;0;0
8;CASTILLA Y LEÓN;37;SALAMANCA;250;252;PEREÑA;;37252A;0;0
8;CASTILLA Y LEÓN;37;SALAMANCA;251;253;PEROMINGO;;37253A;0;0
8;CASTILLA Y LEÓN;37;SALAMANCA;252;254;PINEDAS;;37254A;0;0
8;CASTILLA Y LEÓN;37;SALAMANCA;253;255;EL PINO DE TORMES;;37255A;0;0
8;CASTILLA Y LEÓN;37;SALAMANCA;254;256;PITIEGUA;;37256A;0;0
8;CASTILLA Y LEÓN;37;SALAMANCA;255;257;PIZARRAL;;37257A;0;0
8;CASTILLA Y LEÓN;37;SALAMANCA;256;258;POVEDA DE LAS CINTAS;;37258A;0;0
8;CASTILLA Y LEÓN;37;SALAMANCA;257;259;POZOS DE HINOJO;;37259A;0;0
8;CASTILLA Y LEÓN;37;SALAMANCA;258;260;PUEBLA DE AZABA;;37260B;0;1
8;CASTILLA Y LEÓN;37;SALAMANCA;259;261;PUEBLA DE SAN MEDEL;;37261A;0;0
8;CASTILLA Y LEÓN;37;SALAMANCA;260;262;PUEBLA DE YELTES;;37262A;0;0
8;CASTILLA Y LEÓN;37;SALAMANCA;261;263;PUENTE DEL CONGOSTO;;37263A;0;0
8;CASTILLA Y LEÓN;37;SALAMANCA;262;264;PUERTAS;;37264A;0;0
8;CASTILLA Y LEÓN;37;SALAMANCA;263;265;PUERTO DE BEJAR;;37265A;0;0
8;CASTILLA Y LEÓN;37;SALAMANCA;264;266;PUERTO SEGURO;;37266A;0;0
8;CASTILLA Y LEÓN;37;SALAMANCA;265;267;RAGAMA;;37267A;0;0
8;CASTILLA Y LEÓN;37;SALAMANCA;266;268;LA REDONDA;;37268A;0;0
8;CASTILLA Y LEÓN;37;SALAMANCA;267;269;RETORTILLO;;37269A;0;0
8;CASTILLA Y LEÓN;37;SALAMANCA;267;269;RETORTILLO;;37269B;0;1
8;CASTILLA Y LEÓN;37;SALAMANCA;268;270;LA RINCONADA DE LA SIERRA;;37270A;0;0
8;CASTILLA Y LEÓN;37;SALAMANCA;269;271;ROBLEDA;;37271A;0;0
8;CASTILLA Y LEÓN;37;SALAMANCA;269;271;ROBLEDA;;37271B;0;1
8;CASTILLA Y LEÓN;37;SALAMANCA;270;272;ROBLIZA DE COJOS;;37272A;0;0
8;CASTILLA Y LEÓN;37;SALAMANCA;271;273;ROLLAN;;37273A;0;0
8;CASTILLA Y LEÓN;37;SALAMANCA;272;274;SAELICES EL CHICO;;37274A;0;0
8;CASTILLA Y LEÓN;37;SALAMANCA;272;274;SAELICES EL CHICO;;37274B;0;1
8;CASTILLA Y LEÓN;37;SALAMANCA;273;275;LA SAGRADA;;37275A;0;0
8;CASTILLA Y LEÓN;37;SALAMANCA;274;900;SALAMANCA;;37900A;0;0
8;CASTILLA Y LEÓN;37;SALAMANCA;275;277;SALDEANA;;37277A;0;0
8;CASTILLA Y LEÓN;37;SALAMANCA;276;278;SALMORAL;;37278A;0;0
8;CASTILLA Y LEÓN;37;SALAMANCA;277;279;SALVATIERRA DE TORMES;;37279A;0;0
8;CASTILLA Y LEÓN;37;SALAMANCA;278;280;SAN CRISTOBAL;;37280A;0;0
8;CASTILLA Y LEÓN;37;SALAMANCA;279;281;SANCTI-SPIRITUS;;37281A;0;0
8;CASTILLA Y LEÓN;37;SALAMANCA;280;282;SANCHON DE LA RIBERA;;37282A;0;0
8;CASTILLA Y LEÓN;37;SALAMANCA;281;283;SANCHON DE LA SAGRADA;;37283A;0;0
8;CASTILLA Y LEÓN;37;SALAMANCA;282;284;SANCHOTELLO;;37284A;0;0
8;CASTILLA Y LEÓN;37;SALAMANCA;283;285;SANDO;;37285A;0;0
8;CASTILLA Y LEÓN;37;SALAMANCA;284;286;SAN ESTEBAN DE LA SIERRA;;37286A;0;0
8;CASTILLA Y LEÓN;37;SALAMANCA;285;287;SAN FELICES DE LOS GALLEGOS;;37287A;0;0
8;CASTILLA Y LEÓN;37;SALAMANCA;286;288;SAN MARTIN DEL CASTAÑAR;;37288A;0;0
8;CASTILLA Y LEÓN;37;SALAMANCA;287;289;SAN MIGUEL DE VALERO;;37289A;0;0
8;CASTILLA Y LEÓN;37;SALAMANCA;288;290;SAN MORALES;;37290A;0;0
8;CASTILLA Y LEÓN;37;SALAMANCA;289;291;SAN MUÑOZ;;37291A;0;0
8;CASTILLA Y LEÓN;37;SALAMANCA;290;292;SAN PEDRO DEL VALLE;;37292A;0;0
8;CASTILLA Y LEÓN;37;SALAMANCA;291;293;SAN PEDRO DE ROZADOS;;37293A;0;0
8;CASTILLA Y LEÓN;37;SALAMANCA;292;294;SAN PELAYO DE GUAREÑA;;37294A;0;0
8;CASTILLA Y LEÓN;37;SALAMANCA;293;295;SANTA MARIA DE SANDO;;37295A;0;0
8;CASTILLA Y LEÓN;37;SALAMANCA;294;296;SANTA MARTA DE TORMES;;37296A;0;0
8;CASTILLA Y LEÓN;37;SALAMANCA;296;298;SANTIAGO DE LA PUEBLA;;37298A;0;0
8;CASTILLA Y LEÓN;37;SALAMANCA;297;299;SANTIBAÑEZ DE BEJAR;;37299A;0;0
8;CASTILLA Y LEÓN;37;SALAMANCA;298;300;SANTIBAÑEZ DE LA SIERRA;;37300A;0;0
8;CASTILLA Y LEÓN;37;SALAMANCA;299;301;SANTIZ;;37301A;0;0
8;CASTILLA Y LEÓN;37;SALAMANCA;300;302;LOS SANTOS;;37302A;0;0
8;CASTILLA Y LEÓN;37;SALAMANCA;301;303;SARDON DE LOS FRAILES;;37303A;0;0
8;CASTILLA Y LEÓN;37;SALAMANCA;302;304;SAUCELLE;;37304A;0;0
8;CASTILLA Y LEÓN;37;SALAMANCA;303;305;EL SAHUGO;;37305A;0;0
8;CASTILLA Y LEÓN;37;SALAMANCA;303;305;EL SAHUGO;;37305B;0;1
8;CASTILLA Y LEÓN;37;SALAMANCA;304;306;SEPULCRO-HILARIO;;37306A;0;0
8;CASTILLA Y LEÓN;37;SALAMANCA;305;307;SEQUEROS;;37307A;0;0
8;CASTILLA Y LEÓN;37;SALAMANCA;306;308;SERRADILLA DEL ARROYO;;37308A;0;0
8;CASTILLA Y LEÓN;37;SALAMANCA;307;309;SERRADILLA DEL LLANO;;37309A;0;0
8;CASTILLA Y LEÓN;37;SALAMANCA;307;309;SERRADILLA DEL LLANO;;37309B;0;1
8;CASTILLA Y LEÓN;37;SALAMANCA;309;311;LA SIERPE;;37311A;0;0
8;CASTILLA Y LEÓN;37;SALAMANCA;310;312;SIETEIGLESIAS DE TORMES;;37312A;0;0
8;CASTILLA Y LEÓN;37;SALAMANCA;311;313;SOBRADILLO;;37313A;0;0
8;CASTILLA Y LEÓN;37;SALAMANCA;312;314;SORIHUELA;;37314A;0;0
8;CASTILLA Y LEÓN;37;SALAMANCA;313;315;SOTOSERRANO;;37315A;0;0
8;CASTILLA Y LEÓN;37;SALAMANCA;314;316;TABERA DE ABAJO;;37316A;0;0
8;CASTILLA Y LEÓN;37;SALAMANCA;315;317;LA TALA;;37317A;0;0
8;CASTILLA Y LEÓN;37;SALAMANCA;316;318;TAMAMES;;37318A;0;0
8;CASTILLA Y LEÓN;37;SALAMANCA;317;319;TARAZONA DE GUAREÑA;;37319A;0;0
8;CASTILLA Y LEÓN;37;SALAMANCA;318;320;TARDAGUILA;;37320A;0;0
8;CASTILLA Y LEÓN;37;SALAMANCA;319;321;EL TEJADO;;37321A;0;0
8;CASTILLA Y LEÓN;37;SALAMANCA;320;323;TEJEDA Y SEGOYUELA;;37323A;0;0
8;CASTILLA Y LEÓN;37;SALAMANCA;321;324;TENEBRON;;37324A;0;0
8;CASTILLA Y LEÓN;37;SALAMANCA;322;325;TERRADILLOS;;37325A;0;0
8;CASTILLA Y LEÓN;37;SALAMANCA;323;326;TOPAS;;37326A;0;0
8;CASTILLA Y LEÓN;37;SALAMANCA;324;327;TORDILLOS;;37327A;0;0
8;CASTILLA Y LEÓN;37;SALAMANCA;325;328;EL TORNADIZO;;37328A;0;0
8;CASTILLA Y LEÓN;37;SALAMANCA;327;330;TORRESMENUDAS;;37330A;0;0
8;CASTILLA Y LEÓN;37;SALAMANCA;328;331;TRABANCA;;37331A;0;0
8;CASTILLA Y LEÓN;37;SALAMANCA;329;332;TREMEDAL DE TORMES;;37332A;0;0
8;CASTILLA Y LEÓN;37;SALAMANCA;330;333;VALDECARROS;;37333A;0;0
8;CASTILLA Y LEÓN;37;SALAMANCA;331;334;VALDEFUENTES DE SANGUSIN;;37334A;0;0
8;CASTILLA Y LEÓN;37;SALAMANCA;332;335;VALDEHIJADEROS;;37335A;0;0
8;CASTILLA Y LEÓN;37;SALAMANCA;333;336;VALDELACASA;;37336A;0;0
8;CASTILLA Y LEÓN;37;SALAMANCA;334;337;VALDELAGEVE;;37337A;0;0
8;CASTILLA Y LEÓN;37;SALAMANCA;335;338;VALDELOSA;;37338A;0;0
8;CASTILLA Y LEÓN;37;SALAMANCA;336;339;VALDEMIERQUE;;37339A;0;0
8;CASTILLA Y LEÓN;37;SALAMANCA;337;340;VALDERRODRIGO;;37340A;0;0
8;CASTILLA Y LEÓN;37;SALAMANCA;338;341;VALDUNCIEL;;37341A;0;0
8;CASTILLA Y LEÓN;37;SALAMANCA;339;342;VALERO;;37342A;0;0
8;CASTILLA Y LEÓN;37;SALAMANCA;340;343;VALSALABROSO;;37343A;0;0
8;CASTILLA Y LEÓN;37;SALAMANCA;341;344;VALVERDE DE VALDELACASA;;37344A;0;0
8;CASTILLA Y LEÓN;37;SALAMANCA;342;345;VALVERDON;;37345A;0;0
8;CASTILLA Y LEÓN;37;SALAMANCA;343;346;VALLEJERA DE RIOFRIO;;37346A;0;0
8;CASTILLA Y LEÓN;37;SALAMANCA;344;347;VECINOS;;37347A;0;0
8;CASTILLA Y LEÓN;37;SALAMANCA;345;348;VEGA DE TIRADOS;;37348A;0;0
8;CASTILLA Y LEÓN;37;SALAMANCA;346;349;LAS VEGUILLAS;;37349A;0;0
8;CASTILLA Y LEÓN;37;SALAMANCA;347;350;LA VELLES;;37350A;0;0
8;CASTILLA Y LEÓN;37;SALAMANCA;348;351;VENTOSA DEL RIO ALMAR;;37351A;0;0
8;CASTILLA Y LEÓN;37;SALAMANCA;349;352;LA VIDOLA;;37352A;0;0
8;CASTILLA Y LEÓN;37;SALAMANCA;350;353;VILVESTRE;;37353A;0;0
8;CASTILLA Y LEÓN;37;SALAMANCA;351;354;VILLAFLORES;;37354A;0;0
8;CASTILLA Y LEÓN;37;SALAMANCA;352;355;VILLAGONZALO DE TORMES;;37355A;0;0
8;CASTILLA Y LEÓN;37;SALAMANCA;353;356;VILLALBA DE LOS LLANOS;;37356A;0;0
8;CASTILLA Y LEÓN;37;SALAMANCA;354;357;VILLAMAYOR;;37186A;0;1
8;CASTILLA Y LEÓN;37;SALAMANCA;354;357;VILLAMAYOR;;37357A;0;0
8;CASTILLA Y LEÓN;37;SALAMANCA;355;358;VILLANUEVA DEL CONDE;;37358A;0;0
8;CASTILLA Y LEÓN;37;SALAMANCA;356;359;VILLAR DE ARGAÑAN;;37359A;0;0
8;CASTILLA Y LEÓN;37;SALAMANCA;357;360;VILLAR DE CIERVO;;37360A;0;0
8;CASTILLA Y LEÓN;37;SALAMANCA;358;361;VILLAR DE GALLIMAZO;;37361A;0;0
8;CASTILLA Y LEÓN;37;SALAMANCA;359;362;VILLAR DE LA YEGUA;;37362A;0;0
8;CASTILLA Y LEÓN;37;SALAMANCA;360;363;VILLAR DE PERALONSO;;37363A;0;0
8;CASTILLA Y LEÓN;37;SALAMANCA;361;364;VILLAR DE SAMANIEGO;;37364A;0;0
8;CASTILLA Y LEÓN;37;SALAMANCA;362;365;VILLARES DE LA REINA;;37365A;0;0
8;CASTILLA Y LEÓN;37;SALAMANCA;363;366;VILLARES DE YELTES;;37366A;0;0
8;CASTILLA Y LEÓN;37;SALAMANCA;364;367;VILLARINO;;37367A;0;0
8;CASTILLA Y LEÓN;37;SALAMANCA;365;368;VILLARMAYOR;;37368A;0;0
8;CASTILLA Y LEÓN;37;SALAMANCA;366;369;VILLARMUERTO;;37369A;0;0
8;CASTILLA Y LEÓN;37;SALAMANCA;367;370;VILLASBUENAS;;37370A;0;0
8;CASTILLA Y LEÓN;37;SALAMANCA;368;371;VILLASDARDO;;37371A;0;0
8;CASTILLA Y LEÓN;37;SALAMANCA;369;372;VILLASECO DE LOS GAMITOS;;37372A;0;0
8;CASTILLA Y LEÓN;37;SALAMANCA;370;373;VILLASECO DE LOS REYES;;37373A;0;0
8;CASTILLA Y LEÓN;37;SALAMANCA;371;374;VILLASRUBIAS;;37374A;0;0
8;CASTILLA Y LEÓN;37;SALAMANCA;372;375;VILLAVERDE DE GUAREÑA;;37375A;0;0
8;CASTILLA Y LEÓN;37;SALAMANCA;373;376;VILLAVIEJA DE YELTES;;37376A;0;0
8;CASTILLA Y LEÓN;37;SALAMANCA;374;377;VILLORIA;;37377A;0;0
8;CASTILLA Y LEÓN;37;SALAMANCA;375;378;VILLORUELA;;37378A;0;0
8;CASTILLA Y LEÓN;37;SALAMANCA;376;379;VITIGUDINO;;37379A;0;0
8;CASTILLA Y LEÓN;37;SALAMANCA;377;380;YECLA DE YELTES;;37380A;0;0
8;CASTILLA Y LEÓN;37;SALAMANCA;378;381;ZAMARRA;;37381A;0;0
8;CASTILLA Y LEÓN;37;SALAMANCA;379;382;ZAMAYON;;37382A;0;0
8;CASTILLA Y LEÓN;37;SALAMANCA;380;383;ZARAPICOS;;37383A;0;0
8;CASTILLA Y LEÓN;37;SALAMANCA;381;384;ZARZA DE PUMAREDA;;37384A;0;0
8;CASTILLA Y LEÓN;37;SALAMANCA;382;385;ZORITA DE LA FRONTERA;;37385A;0;0
8;CASTILLA Y LEÓN;40;SEGOVIA;1;1;ABADES;;40001A;0;0
8;CASTILLA Y LEÓN;40;SEGOVIA;2;2;ADRADA DE PIRON;;40002A;0;0
8;CASTILLA Y LEÓN;40;SEGOVIA;3;3;ADRADOS;;40003A;0;0
8;CASTILLA Y LEÓN;40;SEGOVIA;4;4;AGUILAFUENTE;;40004A;0;0
8;CASTILLA Y LEÓN;40;SEGOVIA;5;5;ALCONADA DE MADERUELO;;40005A;0;0
8;CASTILLA Y LEÓN;40;SEGOVIA;6;6;ALDEALCORVO;;40006A;0;0
8;CASTILLA Y LEÓN;40;SEGOVIA;7;7;ALDEALENGUA DE PEDRAZA;;40007A;0;0
8;CASTILLA Y LEÓN;40;SEGOVIA;8;8;ALDEALENGUA DE SANTA MARIA;;40008A;0;0
8;CASTILLA Y LEÓN;40;SEGOVIA;9;9;ALDEANUEVA DE LA SERREZUELA;;40009A;0;0
8;CASTILLA Y LEÓN;40;SEGOVIA;10;10;ALDEANUEVA DEL CODONAL;;40010A;0;0
8;CASTILLA Y LEÓN;40;SEGOVIA;12;12;ALDEA REAL;;40012A;0;0
8;CASTILLA Y LEÓN;40;SEGOVIA;13;13;ALDEASOÑA;;40013A;0;0
8;CASTILLA Y LEÓN;40;SEGOVIA;14;14;ALDEHORNO;;40014A;0;0
8;CASTILLA Y LEÓN;40;SEGOVIA;15;15;ALDEHUELA DE CODONAL;;40015A;0;0
8;CASTILLA Y LEÓN;40;SEGOVIA;16;17;ALDEONTE;;40017A;0;0
8;CASTILLA Y LEÓN;40;SEGOVIA;17;18;ANAYA;;40018A;0;0
8;CASTILLA Y LEÓN;40;SEGOVIA;18;19;AÑE;;40019A;0;0
8;CASTILLA Y LEÓN;40;SEGOVIA;19;21;ARAHUETES;;40021A;0;0
8;CASTILLA Y LEÓN;40;SEGOVIA;20;22;ARCONES;;40022A;0;0
8;CASTILLA Y LEÓN;40;SEGOVIA;21;23;AREVALILLO DE CEGA;;40023A;0;0
8;CASTILLA Y LEÓN;40;SEGOVIA;22;24;ARMUÑA;;40024A;0;0
8;CASTILLA Y LEÓN;40;SEGOVIA;22;24;ARMUÑA;CARBONERO DE AHUSIN;40024B;46;0
8;CASTILLA Y LEÓN;40;SEGOVIA;24;26;AYLLON;;40026A;0;0
8;CASTILLA Y LEÓN;40;SEGOVIA;24;26;AYLLON;ESTEBANVELA;40026B;89;0
8;CASTILLA Y LEÓN;40;SEGOVIA;25;28;BARBOLLA;;40028A;0;0
8;CASTILLA Y LEÓN;40;SEGOVIA;26;29;BASARDILLA;;40029A;0;0
8;CASTILLA Y LEÓN;40;SEGOVIA;28;31;BERCIAL;;40031A;0;0
8;CASTILLA Y LEÓN;40;SEGOVIA;29;32;BERCIMUEL;;40032A;0;0
8;CASTILLA Y LEÓN;40;SEGOVIA;30;33;BERNARDOS;;40033A;0;0
8;CASTILLA Y LEÓN;40;SEGOVIA;31;35;BERNUY DE PORREROS;;40035A;0;0
8;CASTILLA Y LEÓN;40;SEGOVIA;32;36;BOCEGUILLAS;;40036A;0;0
8;CASTILLA Y LEÓN;40;SEGOVIA;32;36;BOCEGUILLAS;TURRUBUELO;40036B;244;0
8;CASTILLA Y LEÓN;40;SEGOVIA;33;37;BRIEVA;;40037A;0;0
8;CASTILLA Y LEÓN;40;SEGOVIA;34;38;CABALLAR;;40038A;0;0
8;CASTILLA Y LEÓN;40;SEGOVIA;35;39;CABAÑAS DE POLENDOS;;40039A;0;0
8;CASTILLA Y LEÓN;40;SEGOVIA;36;40;CABEZUELA;;40040A;0;0
8;CASTILLA Y LEÓN;40;SEGOVIA;37;41;CALABAZAS;;40041A;0;0
8;CASTILLA Y LEÓN;40;SEGOVIA;39;43;CAMPO DE SAN PEDRO;;40043A;0;0
8;CASTILLA Y LEÓN;40;SEGOVIA;39;43;CAMPO DE SAN PEDRO;FUENTEMIZARRA;40043C;99;0
8;CASTILLA Y LEÓN;40;SEGOVIA;39;43;CAMPO DE SAN PEDRO;VALDEVARNÉS;40043D;250;0
8;CASTILLA Y LEÓN;40;SEGOVIA;40;44;CANTALEJO;;40044A;0;0
8;CASTILLA Y LEÓN;40;SEGOVIA;40;44;CANTALEJO;ALDEONSANCHO;40044B;16;0
8;CASTILLA Y LEÓN;40;SEGOVIA;40;44;CANTALEJO;VALDESIMONTE;40044C;247;0
8;CASTILLA Y LEÓN;40;SEGOVIA;41;45;CANTIMPALOS;;40045A;0;0
8;CASTILLA Y LEÓN;40;SEGOVIA;43;47;CARBONERO EL MAYOR;;40047A;0;0
8;CASTILLA Y LEÓN;40;SEGOVIA;44;48;CARRASCAL DEL RIO;;40048A;0;0
8;CASTILLA Y LEÓN;40;SEGOVIA;45;50;CASLA;;40050A;0;0
8;CASTILLA Y LEÓN;40;SEGOVIA;46;51;CASTILLEJO DE MESLEON;;40051A;0;0
8;CASTILLA Y LEÓN;40;SEGOVIA;47;53;CASTRO DE FUENTIDUEÑA;;40053A;0;0
8;CASTILLA Y LEÓN;40;SEGOVIA;48;54;CASTROJIMENO;;40054A;0;0
8;CASTILLA Y LEÓN;40;SEGOVIA;49;55;CASTROSERNA DE ABAJO;;40055A;0;0
8;CASTILLA Y LEÓN;40;SEGOVIA;51;57;CASTROSERRACIN;;40057A;0;0
8;CASTILLA Y LEÓN;40;SEGOVIA;52;58;CEDILLO DE LA TORRE;;40058A;0;0
8;CASTILLA Y LEÓN;40;SEGOVIA;53;59;CEREZO DE ABAJO;;40059A;0;0
8;CASTILLA Y LEÓN;40;SEGOVIA;54;60;CEREZO DE ARRIBA;;40060A;0;0
8;CASTILLA Y LEÓN;40;SEGOVIA;55;61;CILLERUELO DE SAN MAMES;;40061A;0;0
8;CASTILLA Y LEÓN;40;SEGOVIA;56;63;COBOS DE FUENTIDUEÑA;;40063A;0;0
8;CASTILLA Y LEÓN;40;SEGOVIA;57;65;COCA;;40065A;0;0
8;CASTILLA Y LEÓN;40;SEGOVIA;57;65;COCA;CIRUELOS DE COCA;40065B;62;0
8;CASTILLA Y LEÓN;40;SEGOVIA;57;65;COCA;VILLAGONZALO DE COCA;40065C;265;0
8;CASTILLA Y LEÓN;40;SEGOVIA;58;66;CODORNIZ;;40066A;0;0
8;CASTILLA Y LEÓN;40;SEGOVIA;58;66;CODORNIZ;MONTUENGA;40066B;153;0
8;CASTILLA Y LEÓN;40;SEGOVIA;59;67;COLLADO HERMOSO;;40067A;0;0
8;CASTILLA Y LEÓN;40;SEGOVIA;60;68;CONDADO DE CASTILNOVO;;40068A;0;0
8;CASTILLA Y LEÓN;40;SEGOVIA;61;69;CORRAL DE AYLLON;;40069A;0;0
8;CASTILLA Y LEÓN;40;SEGOVIA;62;71;CUBILLO;;40071A;0;0
8;CASTILLA Y LEÓN;40;SEGOVIA;63;72;CUELLAR;;40072A;0;0
8;CASTILLA Y LEÓN;40;SEGOVIA;65;75;CHAÑE;;40075A;0;0
8;CASTILLA Y LEÓN;40;SEGOVIA;68;78;DOMINGO GARCIA;;40078A;0;0
8;CASTILLA Y LEÓN;40;SEGOVIA;69;79;DONHIERRO;;40079A;0;0
8;CASTILLA Y LEÓN;40;SEGOVIA;70;81;DURUELO;;40081A;0;0
8;CASTILLA Y LEÓN;40;SEGOVIA;71;82;ENCINAS;;40082A;0;0
8;CASTILLA Y LEÓN;40;SEGOVIA;72;83;ENCINILLAS;;40083A;0;0
8;CASTILLA Y LEÓN;40;SEGOVIA;73;84;ESCALONA DEL PRADO;;40084A;0;0
8;CASTILLA Y LEÓN;40;SEGOVIA;74;85;ESCARABAJOSA DE CABEZAS;;40085A;0;0
8;CASTILLA Y LEÓN;40;SEGOVIA;75;86;ESCOBAR DE POLENDOS;;40086A;0;0
8;CASTILLA Y LEÓN;40;SEGOVIA;76;87;EL ESPINAR;;40087A;0;0
8;CASTILLA Y LEÓN;40;SEGOVIA;77;88;ESPIRDO;;40088A;0;0
8;CASTILLA Y LEÓN;40;SEGOVIA;77;88;ESPIRDO;LA HIGUERA;40088B;112;0
8;CASTILLA Y LEÓN;40;SEGOVIA;78;91;FRESNEDA DE CUELLAR;;40091A;0;0
8;CASTILLA Y LEÓN;40;SEGOVIA;79;92;FRESNO DE CANTESPINO;;40092A;0;0
8;CASTILLA Y LEÓN;40;SEGOVIA;79;92;FRESNO DE CANTESPINO;CASCAJARES;40092B;49;0
8;CASTILLA Y LEÓN;40;SEGOVIA;79;92;FRESNO DE CANTESPINO;PAJARES DE FRESNO;40092C;181;0
8;CASTILLA Y LEÓN;40;SEGOVIA;79;92;FRESNO DE CANTESPINO;RIAHUELAS;40092D;199;0
8;CASTILLA Y LEÓN;40;SEGOVIA;80;93;FRESNO DE LA FUENTE;;40093A;0;0
8;CASTILLA Y LEÓN;40;SEGOVIA;81;94;FRUMALES;;40094A;0;0
8;CASTILLA Y LEÓN;40;SEGOVIA;82;95;FUENTE DE SANTA CRUZ;;40095A;0;0
8;CASTILLA Y LEÓN;40;SEGOVIA;83;96;FUENTE EL OLMO DE FUENTIDUEÑA;;40096A;0;0
8;CASTILLA Y LEÓN;40;SEGOVIA;84;97;FUENTE EL OLMO DE ISCAR;;40097A;0;0
8;CASTILLA Y LEÓN;40;SEGOVIA;86;100;FUENTEPELAYO;;40100A;0;0
8;CASTILLA Y LEÓN;40;SEGOVIA;87;101;FUENTEPIÑEL;;40101A;0;0
8;CASTILLA Y LEÓN;40;SEGOVIA;88;102;FUENTERREBOLLO;;40102A;0;0
8;CASTILLA Y LEÓN;40;SEGOVIA;89;103;FUENTESAUCO DE FUENTIDUEÑA;;40103A;0;0
8;CASTILLA Y LEÓN;40;SEGOVIA;91;105;FUENTESOTO;;40105A;0;0
8;CASTILLA Y LEÓN;40;SEGOVIA;92;106;FUENTIDUEÑA;;40106A;0;0
8;CASTILLA Y LEÓN;40;SEGOVIA;93;107;GALLEGOS;;40107A;0;0
8;CASTILLA Y LEÓN;40;SEGOVIA;94;108;GARCILLAN;;40108A;0;0
8;CASTILLA Y LEÓN;40;SEGOVIA;95;109;GOMEZSERRACIN;;40109A;0;0
8;CASTILLA Y LEÓN;40;SEGOVIA;97;111;GRAJERA;;40111A;0;0
8;CASTILLA Y LEÓN;40;SEGOVIA;99;114;HONRUBIA DE LA CUESTA;;40114A;0;0
8;CASTILLA Y LEÓN;40;SEGOVIA;99;114;HONRUBIA DE LA CUESTA;;40114B;0;1
8;CASTILLA Y LEÓN;40;SEGOVIA;100;115;HONTALBILLA;;40115A;0;0
8;CASTILLA Y LEÓN;40;SEGOVIA;101;116;HONTANARES DE ERESMA;;40116A;0;0
8;CASTILLA Y LEÓN;40;SEGOVIA;103;119;LOS HUERTOS;;40119A;0;0
8;CASTILLA Y LEÓN;40;SEGOVIA;104;120;ITUERO Y LAMA;;40120A;0;0
8;CASTILLA Y LEÓN;40;SEGOVIA;105;122;JUARROS DE RIOMOROS;;40122A;0;0
8;CASTILLA Y LEÓN;40;SEGOVIA;106;123;JUARROS DE VOLTOYA;;40123A;0;0
8;CASTILLA Y LEÓN;40;SEGOVIA;107;124;LABAJOS;;40124A;0;0
8;CASTILLA Y LEÓN;40;SEGOVIA;108;125;LAGUNA DE CONTRERAS;;40125A;0;0
8;CASTILLA Y LEÓN;40;SEGOVIA;109;127;LANGUILLA;;40127A;0;0
8;CASTILLA Y LEÓN;40;SEGOVIA;110;128;LASTRAS DE CUELLAR;;40128A;0;0
8;CASTILLA Y LEÓN;40;SEGOVIA;111;129;LASTRAS DEL POZO;;40129A;0;0
8;CASTILLA Y LEÓN;40;SEGOVIA;112;130;LA LASTRILLA;;40130A;0;0
8;CASTILLA Y LEÓN;40;SEGOVIA;113;131;LA LOSA;;40131A;0;0
8;CASTILLA Y LEÓN;40;SEGOVIA;115;134;MADERUELO;;40134A;0;0
8;CASTILLA Y LEÓN;40;SEGOVIA;118;138;MARAZUELA;;40138A;0;0
8;CASTILLA Y LEÓN;40;SEGOVIA;119;139;MARTIN MIGUEL;;40139A;0;0
8;CASTILLA Y LEÓN;40;SEGOVIA;120;140;MARTIN MUÑOZ DE LA DEHESA;;40140A;0;1
8;CASTILLA Y LEÓN;40;SEGOVIA;121;141;MARTIN MUÑOZ DE LAS POSADAS;;40141A;0;0
8;CASTILLA Y LEÓN;40;SEGOVIA;122;142;MARUGAN;;40142A;0;0
8;CASTILLA Y LEÓN;40;SEGOVIA;123;143;MATABUENA;;40143A;0;0
8;CASTILLA Y LEÓN;40;SEGOVIA;123;143;MATABUENA;;40143B;0;1
8;CASTILLA Y LEÓN;40;SEGOVIA;124;144;MATA DE CUELLAR;;40144A;0;0
8;CASTILLA Y LEÓN;40;SEGOVIA;125;145;LA MATILLA;;40145A;0;0
8;CASTILLA Y LEÓN;40;SEGOVIA;126;146;MELQUE;;40146A;0;0
8;CASTILLA Y LEÓN;40;SEGOVIA;127;147;MEMBIBRE DE LA HOZ;;40147A;0;0
8;CASTILLA Y LEÓN;40;SEGOVIA;128;148;MIGUELAÑEZ;;40148A;0;0
8;CASTILLA Y LEÓN;40;SEGOVIA;129;150;MONTEJO DE AREVALO;;40150A;0;0
8;CASTILLA Y LEÓN;40;SEGOVIA;130;151;MONTEJO DE LA VEGA DE LA SERRE;;40151A;0;0
8;CASTILLA Y LEÓN;40;SEGOVIA;131;152;MONTERRUBIO;;40152A;0;0
8;CASTILLA Y LEÓN;40;SEGOVIA;132;154;MORAL DE HORNUEZ;;40154A;0;0
8;CASTILLA Y LEÓN;40;SEGOVIA;134;157;MOZONCILLO;;40157A;0;1
8;CASTILLA Y LEÓN;40;SEGOVIA;135;158;MUÑOPEDRO;;40158A;0;0
8;CASTILLA Y LEÓN;40;SEGOVIA;136;159;MUÑOVEROS;;40159A;0;0
8;CASTILLA Y LEÓN;40;SEGOVIA;136;159;MUÑOVEROS;;40159B;0;1
8;CASTILLA Y LEÓN;40;SEGOVIA;138;162;NAVA DE LA ASUNCION;;40162A;0;0
8;CASTILLA Y LEÓN;40;SEGOVIA;138;162;NAVA DE LA ASUNCION;MORALEJA DE COCA;40162B;155;0
8;CASTILLA Y LEÓN;40;SEGOVIA;139;163;NAVAFRIA;;40163A;0;0
8;CASTILLA Y LEÓN;40;SEGOVIA;140;164;NAVALILLA;;40164A;0;0
8;CASTILLA Y LEÓN;40;SEGOVIA;141;165;NAVALMANZANO;;40165A;0;0
8;CASTILLA Y LEÓN;40;SEGOVIA;142;166;NAVARES DE AYUSO;;40166A;0;0
8;CASTILLA Y LEÓN;40;SEGOVIA;143;167;NAVARES DE ENMEDIO;;40167A;0;0
8;CASTILLA Y LEÓN;40;SEGOVIA;144;168;NAVARES DE LAS CUEVAS;;40168A;0;0
8;CASTILLA Y LEÓN;40;SEGOVIA;145;169;NAVAS DE ORO;;40169A;0;0
8;CASTILLA Y LEÓN;40;SEGOVIA;146;170;NAVAS DE SAN ANTONIO;;40170A;0;0
8;CASTILLA Y LEÓN;40;SEGOVIA;148;172;NIEVA;;40172A;0;0
8;CASTILLA Y LEÓN;40;SEGOVIA;149;174;OLOMBRADA;;40174A;0;0
8;CASTILLA Y LEÓN;40;SEGOVIA;149;174;OLOMBRADA;MORALEJA DE CUELLAR;40174B;156;0
8;CASTILLA Y LEÓN;40;SEGOVIA;149;174;OLOMBRADA;VEGAFRIA;40174C;259;0
8;CASTILLA Y LEÓN;40;SEGOVIA;150;175;OREJANA;;40175A;0;0
8;CASTILLA Y LEÓN;40;SEGOVIA;151;177;ORTIGOSA DE PESTAÑO;;40177A;0;0
8;CASTILLA Y LEÓN;40;SEGOVIA;152;178;OTERO DE HERREROS;;40178A;0;0
8;CASTILLA Y LEÓN;40;SEGOVIA;152;178;OTERO DE HERREROS;;40178B;0;1
8;CASTILLA Y LEÓN;40;SEGOVIA;154;180;PAJAREJOS;;40180A;0;0
8;CASTILLA Y LEÓN;40;SEGOVIA;155;182;PALAZUELOS DE ERESMA;;40182A;0;0
8;CASTILLA Y LEÓN;40;SEGOVIA;156;184;PEDRAZA;;40184A;0;0
8;CASTILLA Y LEÓN;40;SEGOVIA;157;185;PELAYOS DEL ARROYO;;40185A;0;0
8;CASTILLA Y LEÓN;40;SEGOVIA;157;185;PELAYOS DEL ARROYO;;40185B;0;1
8;CASTILLA Y LEÓN;40;SEGOVIA;158;187;PEROSILLO;;40187A;0;0
8;CASTILLA Y LEÓN;40;SEGOVIA;159;188;PINAREJOS;;40188A;0;0
8;CASTILLA Y LEÓN;40;SEGOVIA;160;189;PINARNEGRILLO;;40189A;0;0
8;CASTILLA Y LEÓN;40;SEGOVIA;160;189;PINARNEGRILLO;;40189B;0;1
8;CASTILLA Y LEÓN;40;SEGOVIA;161;191;PRADALES;;40191A;0;0
8;CASTILLA Y LEÓN;40;SEGOVIA;162;192;PRADENA;;40192A;0;0
8;CASTILLA Y LEÓN;40;SEGOVIA;162;192;PRADENA;CASTROSERNA DE ARRIBA;40192B;56;0
8;CASTILLA Y LEÓN;40;SEGOVIA;163;193;PUEBLA DE PEDRAZA;;40193A;0;0
8;CASTILLA Y LEÓN;40;SEGOVIA;164;194;RAPARIEGOS;;40194A;0;0
8;CASTILLA Y LEÓN;40;SEGOVIA;165;195;REBOLLO;;40195A;0;0
8;CASTILLA Y LEÓN;40;SEGOVIA;166;196;REMONDO;;40196A;0;0
8;CASTILLA Y LEÓN;40;SEGOVIA;168;198;RIAGUAS DE SAN BARTOLOME;;40198A;0;0
8;CASTILLA Y LEÓN;40;SEGOVIA;170;200;RIAZA;;40200A;0;0
8;CASTILLA Y LEÓN;40;SEGOVIA;170;200;RIAZA;ALDEANUEVA DEL MONTE;40200B;11;0
8;CASTILLA Y LEÓN;40;SEGOVIA;171;201;RIBOTA;;40201A;0;0
8;CASTILLA Y LEÓN;40;SEGOVIA;172;202;RIOFRIO DE RIAZA;;40202A;0;0
8;CASTILLA Y LEÓN;40;SEGOVIA;173;203;RODA DE ERESMA;;40203A;0;0
8;CASTILLA Y LEÓN;40;SEGOVIA;174;204;SACRAMENIA;;40204A;0;0
8;CASTILLA Y LEÓN;40;SEGOVIA;176;207;SAMBOAL;;40207A;0;0
8;CASTILLA Y LEÓN;40;SEGOVIA;177;208;SAN CRISTOBAL DE CUELLAR;;40208A;0;0
8;CASTILLA Y LEÓN;40;SEGOVIA;178;209;SAN CRISTOBAL DE LA VEGA;;40209A;0;0
8;CASTILLA Y LEÓN;40;SEGOVIA;179;210;SANCHONUÑO;;40210A;0;0
8;CASTILLA Y LEÓN;40;SEGOVIA;180;211;SANGARCIA;;40211A;0;0
8;CASTILLA Y LEÓN;40;SEGOVIA;180;211;SANGARCIA;;40211B;0;1
8;CASTILLA Y LEÓN;40;SEGOVIA;180;211;SANGARCIA;COBOS DE SEGOVIA;40211C;64;0
8;CASTILLA Y LEÓN;40;SEGOVIA;180;211;SANGARCIA;ETREROS;40211D;90;0
8;CASTILLA Y LEÓN;40;SEGOVIA;181;212;REAL SITIO DE SAN ILDEFONSO;;40212A;0;0
8;CASTILLA Y LEÓN;40;SEGOVIA;182;213;SAN MARTIN Y MUDRIAN;;40213A;0;0
8;CASTILLA Y LEÓN;40;SEGOVIA;183;214;SAN MIGUEL DE BERNUY;;40214A;0;0
8;CASTILLA Y LEÓN;40;SEGOVIA;184;215;SAN PEDRO DE GAILLOS;;40215A;0;0
8;CASTILLA Y LEÓN;40;SEGOVIA;185;217;SANTA MARIA LA REAL DE NIEVA;;40217A;0;0
8;CASTILLA Y LEÓN;40;SEGOVIA;185;217;SANTA MARIA LA REAL DE NIEVA;ARAGONESES;40217C;20;0
8;CASTILLA Y LEÓN;40;SEGOVIA;185;217;SANTA MARIA LA REAL DE NIEVA;BALISA;40217D;27;0
8;CASTILLA Y LEÓN;40;SEGOVIA;185;217;SANTA MARIA LA REAL DE NIEVA;HOYUELOS;40217E;118;0
8;CASTILLA Y LEÓN;40;SEGOVIA;185;217;SANTA MARIA LA REAL DE NIEVA;JEMENUÑO;40217F;121;0
8;CASTILLA Y LEÓN;40;SEGOVIA;185;217;SANTA MARIA LA REAL DE NIEVA;LAGUNA RODRIGO;40217G;126;0
8;CASTILLA Y LEÓN;40;SEGOVIA;185;217;SANTA MARIA LA REAL DE NIEVA;MIGUEL IBÁÑEZA;40217H;149;0
8;CASTILLA Y LEÓN;40;SEGOVIA;185;217;SANTA MARIA LA REAL DE NIEVA;OCHANDO;40217J;173;0
8;CASTILLA Y LEÓN;40;SEGOVIA;185;217;SANTA MARIA LA REAL DE NIEVA;PARADINAS;40217K;183;0
8;CASTILLA Y LEÓN;40;SEGOVIA;185;217;SANTA MARIA LA REAL DE NIEVA;PINILLA AMBROZ;40217L;190;0
8;CASTILLA Y LEÓN;40;SEGOVIA;185;217;SANTA MARIA LA REAL DE NIEVA;TABLADILLO;40217M;235;0
8;CASTILLA Y LEÓN;40;SEGOVIA;185;217;SANTA MARIA LA REAL DE NIEVA;VILLOSLADA;40217N;271;0
8;CASTILLA Y LEÓN;40;SEGOVIA;186;218;SANTA MARTA DEL CERRO;;40218A;0;0
8;CASTILLA Y LEÓN;40;SEGOVIA;188;220;SANTIUSTE DE PEDRAZA;;40220A;0;0
8;CASTILLA Y LEÓN;40;SEGOVIA;189;221;SANTIUSTE DE SAN JUAN BAUTISTA;AREVALO DE LA SIERRA*;40221A;0;0
8;CASTILLA Y LEÓN;40;SEGOVIA;189;221;SANTIUSTE DE SAN JUAN BAUTISTA;BERNUY DE COCA;40221B;34;0
8;CASTILLA Y LEÓN;40;SEGOVIA;190;222;SANTO DOMINGO DE PIRON;;40222A;0;0
8;CASTILLA Y LEÓN;40;SEGOVIA;191;223;SANTO TOME DEL PUERTO;;40223A;0;0
8;CASTILLA Y LEÓN;40;SEGOVIA;191;223;SANTO TOME DEL PUERTO;SIGUERO;40223B;230;0
8;CASTILLA Y LEÓN;40;SEGOVIA;191;223;SANTO TOME DEL PUERTO;SIGUERUELO;40223C;231;0
8;CASTILLA Y LEÓN;40;SEGOVIA;192;224;SAUQUILLO DE CABEZAS;;40224A;0;0
8;CASTILLA Y LEÓN;40;SEGOVIA;192;224;SAUQUILLO DE CABEZAS;;40224B;0;1
8;CASTILLA Y LEÓN;40;SEGOVIA;193;225;SEBULCOR;;40225A;0;0
8;CASTILLA Y LEÓN;40;SEGOVIA;194;900;SEGOVIA;;40900A;0;0
8;CASTILLA Y LEÓN;40;SEGOVIA;194;900;SEGOVIA;FUENTEMILANOS;40900B;98;0
8;CASTILLA Y LEÓN;40;SEGOVIA;194;900;SEGOVIA;HONTORIA;40900C;117;0
8;CASTILLA Y LEÓN;40;SEGOVIA;194;900;SEGOVIA;MADRONA;40900D;136;0
8;CASTILLA Y LEÓN;40;SEGOVIA;194;900;SEGOVIA;REVENGA;40900E;197;0
8;CASTILLA Y LEÓN;40;SEGOVIA;194;900;SEGOVIA;ZAMARRAMALA;40900F;273;0
8;CASTILLA Y LEÓN;40;SEGOVIA;195;227;SEPULVEDA;;40227A;0;0
8;CASTILLA Y LEÓN;40;SEGOVIA;195;227;SEPULVEDA;CASTRILLO DE SEPÚLVEDA;40227B;52;0
8;CASTILLA Y LEÓN;40;SEGOVIA;195;227;SEPULVEDA;DURATON;40227C;80;0
8;CASTILLA Y LEÓN;40;SEGOVIA;195;227;SEPULVEDA;PERORRUBIO;40227E;186;0
8;CASTILLA Y LEÓN;40;SEGOVIA;195;227;SEPULVEDA;VILLAR DE SOBREPEÑA;40227F;266;0
8;CASTILLA Y LEÓN;40;SEGOVIA;195;227;SEPULVEDA;VILLASECA;40227G;267;0
8;CASTILLA Y LEÓN;40;SEGOVIA;195;227;SEPULVEDA;COMUNIDAD SEPULVEDA-RIAZA;40227H;276;0
8;CASTILLA Y LEÓN;40;SEGOVIA;195;227;SEPULVEDA;CONSUEGRA DE MUNERA;40227J;306;0
8;CASTILLA Y LEÓN;40;SEGOVIA;195;227;SEPULVEDA;HINOJOSAS DEL CERRO;40227K;113;1
8;CASTILLA Y LEÓN;40;SEGOVIA;196;228;SEQUERA DE FRESNO;;40228A;0;0
8;CASTILLA Y LEÓN;40;SEGOVIA;198;232;SOTILLO;;40232A;0;0
8;CASTILLA Y LEÓN;40;SEGOVIA;199;233;SOTOSALBOS;;40233A;0;0
8;CASTILLA Y LEÓN;40;SEGOVIA;200;234;TABANERA LA LUENGA;;40234A;0;0
8;CASTILLA Y LEÓN;40;SEGOVIA;201;236;TOLOCIRIO;;40236A;0;0
8;CASTILLA Y LEÓN;40;SEGOVIA;202;237;TORREADRADA;;40237A;0;0
8;CASTILLA Y LEÓN;40;SEGOVIA;203;238;TORRECABALLEROS;;40238A;0;0
8;CASTILLA Y LEÓN;40;SEGOVIA;204;239;TORRECILLA DEL PINAR;;40239A;0;0
8;CASTILLA Y LEÓN;40;SEGOVIA;205;240;TORREIGLESIAS;;40240A;0;0
8;CASTILLA Y LEÓN;40;SEGOVIA;205;240;TORREIGLESIAS;LOSANA DE PIRON;40240B;132;0
8;CASTILLA Y LEÓN;40;SEGOVIA;205;240;TORREIGLESIAS;OTONES BENJUMEA;40240D;179;0
8;CASTILLA Y LEÓN;40;SEGOVIA;206;241;TORRE VAL DE SAN PEDRO;;40241A;0;0
8;CASTILLA Y LEÓN;40;SEGOVIA;206;241;TORRE VAL DE SAN PEDRO;LA SALCEDA;40241B;205;0
8;CASTILLA Y LEÓN;40;SEGOVIA;207;242;TRESCASAS;;40242A;0;0
8;CASTILLA Y LEÓN;40;SEGOVIA;208;243;TUREGANO;;40243A;0;0
8;CASTILLA Y LEÓN;40;SEGOVIA;208;243;TUREGANO;LA CUESTA;40243C;73;0
8;CASTILLA Y LEÓN;40;SEGOVIA;210;245;URUEÑAS;;40245A;0;0
8;CASTILLA Y LEÓN;40;SEGOVIA;211;246;VALDEPRADOS;;40246A;0;0
8;CASTILLA Y LEÓN;40;SEGOVIA;212;248;VALDEVACAS DE MONTEJO;;40248A;0;0
8;CASTILLA Y LEÓN;40;SEGOVIA;213;249;VALDEVACAS Y GUIJAR;;40249A;0;0
8;CASTILLA Y LEÓN;40;SEGOVIA;214;251;VALSECA;;40251A;0;0
8;CASTILLA Y LEÓN;40;SEGOVIA;215;252;VALTIENDAS;;40252A;0;0
8;CASTILLA Y LEÓN;40;SEGOVIA;216;253;VALVERDE DEL MAJANO;;40253A;0;0
8;CASTILLA Y LEÓN;40;SEGOVIA;218;255;VALLE DE TABLADILLO;;40255A;0;0
8;CASTILLA Y LEÓN;40;SEGOVIA;219;256;VALLELADO;;40256A;0;0
8;CASTILLA Y LEÓN;40;SEGOVIA;220;257;VALLERUELA DE PEDRAZA;;40257A;0;0
8;CASTILLA Y LEÓN;40;SEGOVIA;221;258;VALLERUELA DE SEPULVEDA;;40258A;0;0
8;CASTILLA Y LEÓN;40;SEGOVIA;222;260;VEGANZONES;;40260A;0;0
8;CASTILLA Y LEÓN;40;SEGOVIA;222;260;VEGANZONES;;40260B;0;1
8;CASTILLA Y LEÓN;40;SEGOVIA;223;261;VEGAS DE MATUTE;;40261A;0;0
8;CASTILLA Y LEÓN;40;SEGOVIA;224;262;VENTOSILLA Y TEJADILLA;;40262A;0;0
8;CASTILLA Y LEÓN;40;SEGOVIA;225;263;VILLACASTIN;;40263A;0;0
8;CASTILLA Y LEÓN;40;SEGOVIA;228;268;VILLAVERDE DE ISCAR Y CASTREJO;;40268A;0;0
8;CASTILLA Y LEÓN;40;SEGOVIA;229;269;VILLAVERDE DE MONTEJO Y VILLAV;;40269A;0;0
8;CASTILLA Y LEÓN;40;SEGOVIA;230;270;VILLEGUILLO;;40270A;0;0
8;CASTILLA Y LEÓN;40;SEGOVIA;231;272;YANGUAS DE ERESMA;;40272A;0;0
8;CASTILLA Y LEÓN;40;SEGOVIA;233;274;ZARZUELA DEL MONTE;;40274A;0;0
8;CASTILLA Y LEÓN;40;SEGOVIA;234;275;ZARZUELA DEL PINAR;;40275A;0;0
8;CASTILLA Y LEÓN;40;SEGOVIA;901;176;ORTIGOSA DEL MONTE;;40176A;0;0
8;CASTILLA Y LEÓN;40;SEGOVIA;902;70;COZUELOS FUENTIDUEÑA;;40070A;0;0
8;CASTILLA Y LEÓN;40;SEGOVIA;903;137;MARAZOLEJA;;40137A;0;0
8;CASTILLA Y LEÓN;40;SEGOVIA;904;279;NAVAS DE RIOFRIO;;40279A;0;0
8;CASTILLA Y LEÓN;40;SEGOVIA;905;74;CUEVAS PROVA;;40074A;0;0
8;CASTILLA Y LEÓN;40;SEGOVIA;906;280;SAN CRISTOBAL DE SEGOVIA;;40280A;0;0
8;CASTILLA Y LEÓN;42;SORIA;1;2;ABEJAR;;42002A;0;0
8;CASTILLA Y LEÓN;42;SORIA;1;2;ABEJAR;;42002B;0;1
8;CASTILLA Y LEÓN;42;SORIA;3;5;ADRADAS;;42005A;0;0
8;CASTILLA Y LEÓN;42;SORIA;3;5;ADRADAS;;42005B;0;1
8;CASTILLA Y LEÓN;42;SORIA;3;5;ADRADAS;;42005C;0;2
8;CASTILLA Y LEÓN;42;SORIA;3;5;ADRADAS;;42005D;0;3
8;CASTILLA Y LEÓN;42;SORIA;4;6;AGREDA;;42006A;0;0
8;CASTILLA Y LEÓN;42;SORIA;4;6;AGREDA;;42006B;0;1
8;CASTILLA Y LEÓN;42;SORIA;6;12;ALCONABA;;42012A;0;0
8;CASTILLA Y LEÓN;42;SORIA;6;12;ALCONABA;;42012B;0;1
8;CASTILLA Y LEÓN;42;SORIA;6;12;ALCONABA;;42012C;0;2
8;CASTILLA Y LEÓN;42;SORIA;6;12;ALCONABA;;42012D;0;3
8;CASTILLA Y LEÓN;42;SORIA;7;14;ALCUBILLA DE AVELLANEDA;;42014A;0;0
8;CASTILLA Y LEÓN;42;SORIA;7;14;ALCUBILLA DE AVELLANEDA;;42014B;0;1
8;CASTILLA Y LEÓN;42;SORIA;7;14;ALCUBILLA DE AVELLANEDA;;42014C;0;2
8;CASTILLA Y LEÓN;42;SORIA;7;14;ALCUBILLA DE AVELLANEDA;;42014D;0;3
8;CASTILLA Y LEÓN;42;SORIA;8;15;ALCUBILLA DE LAS PEÑAS;;42015A;0;0
8;CASTILLA Y LEÓN;42;SORIA;8;15;ALCUBILLA DE LAS PEÑAS;;42015B;0;1
8;CASTILLA Y LEÓN;42;SORIA;8;15;ALCUBILLA DE LAS PEÑAS;;42015C;0;2
8;CASTILLA Y LEÓN;42;SORIA;8;15;ALCUBILLA DE LAS PEÑAS;;42015D;0;3
8;CASTILLA Y LEÓN;42;SORIA;9;18;ALDEALAFUENTE;;42018A;0;0
8;CASTILLA Y LEÓN;42;SORIA;9;18;ALDEALAFUENTE;;42018B;0;1
8;CASTILLA Y LEÓN;42;SORIA;9;18;ALDEALAFUENTE;;42018C;0;2
8;CASTILLA Y LEÓN;42;SORIA;9;18;ALDEALAFUENTE;;42018D;0;3
8;CASTILLA Y LEÓN;42;SORIA;10;19;ALDEALICES;;42019A;0;0
8;CASTILLA Y LEÓN;42;SORIA;10;19;ALDEALICES;;42019B;0;1
8;CASTILLA Y LEÓN;42;SORIA;11;20;ALDEALPOZO;;42020A;0;0
8;CASTILLA Y LEÓN;42;SORIA;11;20;ALDEALPOZO;;42020B;0;1
8;CASTILLA Y LEÓN;42;SORIA;12;21;ALDEALSEÑOR;;42021A;0;0
8;CASTILLA Y LEÓN;42;SORIA;12;21;ALDEALSEÑOR;;42021B;0;1
8;CASTILLA Y LEÓN;42;SORIA;13;24;ALDEHUELA DE PERIAÑEZ;;42024A;0;0
8;CASTILLA Y LEÓN;42;SORIA;13;24;ALDEHUELA DE PERIAÑEZ;;42024B;0;1
8;CASTILLA Y LEÓN;42;SORIA;13;24;ALDEHUELA DE PERIAÑEZ;;42024C;0;2
8;CASTILLA Y LEÓN;42;SORIA;14;25;LAS ALDEHUELAS;;42025A;0;0
8;CASTILLA Y LEÓN;42;SORIA;14;25;LAS ALDEHUELAS;;42025B;0;1
8;CASTILLA Y LEÓN;42;SORIA;15;26;ALENTISQUE;;42026A;0;0
8;CASTILLA Y LEÓN;42;SORIA;15;26;ALENTISQUE;;42026B;0;1
8;CASTILLA Y LEÓN;42;SORIA;15;26;ALENTISQUE;;42026C;0;2
8;CASTILLA Y LEÓN;42;SORIA;16;27;ALIUD;;42027A;0;0
8;CASTILLA Y LEÓN;42;SORIA;16;27;ALIUD;;42027B;0;1
8;CASTILLA Y LEÓN;42;SORIA;17;28;ALMAJANO;;42028A;0;0
8;CASTILLA Y LEÓN;42;SORIA;17;28;ALMAJANO;;42028B;0;1
8;CASTILLA Y LEÓN;42;SORIA;18;29;ALMALUEZ;;42029A;0;0
8;CASTILLA Y LEÓN;42;SORIA;18;29;ALMALUEZ;;42029B;0;1
8;CASTILLA Y LEÓN;42;SORIA;18;29;ALMALUEZ;;42029C;0;2
8;CASTILLA Y LEÓN;42;SORIA;18;29;ALMALUEZ;;42029D;0;3
8;CASTILLA Y LEÓN;42;SORIA;18;29;ALMALUEZ;;42029E;0;4
8;CASTILLA Y LEÓN;42;SORIA;19;31;ALMARZA;;42031A;0;0
8;CASTILLA Y LEÓN;42;SORIA;19;31;ALMARZA;;42031B;0;1
8;CASTILLA Y LEÓN;42;SORIA;19;31;ALMARZA;;42031C;0;2
8;CASTILLA Y LEÓN;42;SORIA;19;31;ALMARZA;;42031D;0;3
8;CASTILLA Y LEÓN;42;SORIA;19;31;ALMARZA;;42031E;0;5
8;CASTILLA Y LEÓN;42;SORIA;19;31;ALMARZA;;42031F;0;4
8;CASTILLA Y LEÓN;42;SORIA;19;31;ALMARZA;;42031G;0;6
8;CASTILLA Y LEÓN;42;SORIA;19;31;ALMARZA;;42031H;0;7
8;CASTILLA Y LEÓN;42;SORIA;20;32;ALMAZAN;;42032A;0;0
8;CASTILLA Y LEÓN;42;SORIA;20;32;ALMAZAN;;42032B;0;1
8;CASTILLA Y LEÓN;42;SORIA;20;32;ALMAZAN;;42032C;0;2
8;CASTILLA Y LEÓN;42;SORIA;20;32;ALMAZAN;;42032D;0;3
8;CASTILLA Y LEÓN;42;SORIA;20;32;ALMAZAN;;42032E;0;4
8;CASTILLA Y LEÓN;42;SORIA;20;32;ALMAZAN;;42032F;0;5
8;CASTILLA Y LEÓN;42;SORIA;20;32;ALMAZAN;;42032G;0;6
8;CASTILLA Y LEÓN;42;SORIA;20;32;ALMAZAN;;42032H;0;7
8;CASTILLA Y LEÓN;42;SORIA;20;32;ALMAZAN;;42032J;0;10
8;CASTILLA Y LEÓN;42;SORIA;20;32;ALMAZAN;;42032K;0;8
8;CASTILLA Y LEÓN;42;SORIA;20;32;ALMAZAN;;42032L;0;9
8;CASTILLA Y LEÓN;42;SORIA;21;33;ALMAZUL;;42033A;0;0
8;CASTILLA Y LEÓN;42;SORIA;21;33;ALMAZUL;;42033B;0;1
8;CASTILLA Y LEÓN;42;SORIA;21;33;ALMAZUL;;42033C;0;2
8;CASTILLA Y LEÓN;42;SORIA;21;33;ALMAZUL;;42033D;0;3
8;CASTILLA Y LEÓN;42;SORIA;22;34;ALMENAR DE SORIA;;42034A;0;0
8;CASTILLA Y LEÓN;42;SORIA;22;34;ALMENAR DE SORIA;;42034B;0;1
8;CASTILLA Y LEÓN;42;SORIA;22;34;ALMENAR DE SORIA;;42034C;0;2
8;CASTILLA Y LEÓN;42;SORIA;22;34;ALMENAR DE SORIA;;42034D;0;3
8;CASTILLA Y LEÓN;42;SORIA;22;34;ALMENAR DE SORIA;;42034E;0;4
8;CASTILLA Y LEÓN;42;SORIA;22;34;ALMENAR DE SORIA;;42034F;0;5
8;CASTILLA Y LEÓN;42;SORIA;22;34;ALMENAR DE SORIA;;42034G;0;6
8;CASTILLA Y LEÓN;42;SORIA;23;35;ALPANSEQUE;;42035A;0;0
8;CASTILLA Y LEÓN;42;SORIA;23;35;ALPANSEQUE;;42035B;0;1
8;CASTILLA Y LEÓN;42;SORIA;23;35;ALPANSEQUE;;42035C;0;2
8;CASTILLA Y LEÓN;42;SORIA;24;38;ARANCON;;42038A;0;0
8;CASTILLA Y LEÓN;42;SORIA;24;38;ARANCON;;42038B;0;1
8;CASTILLA Y LEÓN;42;SORIA;24;38;ARANCON;;42038C;0;2
8;CASTILLA Y LEÓN;42;SORIA;24;38;ARANCON;;42038D;0;3
8;CASTILLA Y LEÓN;42;SORIA;24;38;ARANCON;;42038E;0;4
8;CASTILLA Y LEÓN;42;SORIA;24;38;ARANCON;;42038F;0;5
8;CASTILLA Y LEÓN;42;SORIA;24;38;ARANCON;;42038G;0;6
8;CASTILLA Y LEÓN;42;SORIA;25;39;ARCOS DE JALON;;42039A;0;0
8;CASTILLA Y LEÓN;42;SORIA;25;39;ARCOS DE JALON;;42039B;0;1
8;CASTILLA Y LEÓN;42;SORIA;25;39;ARCOS DE JALON;;42039C;0;2
8;CASTILLA Y LEÓN;42;SORIA;25;39;ARCOS DE JALON;;42039D;0;3
8;CASTILLA Y LEÓN;42;SORIA;25;39;ARCOS DE JALON;;42039E;0;4
8;CASTILLA Y LEÓN;42;SORIA;25;39;ARCOS DE JALON;;42039F;0;5
8;CASTILLA Y LEÓN;42;SORIA;25;39;ARCOS DE JALON;;42039G;0;6
8;CASTILLA Y LEÓN;42;SORIA;25;39;ARCOS DE JALON;;42039H;0;7
8;CASTILLA Y LEÓN;42;SORIA;25;39;ARCOS DE JALON;;42039J;0;8
8;CASTILLA Y LEÓN;42;SORIA;25;39;ARCOS DE JALON;;42039K;0;9
8;CASTILLA Y LEÓN;42;SORIA;25;39;ARCOS DE JALON;;42039L;0;10
8;CASTILLA Y LEÓN;42;SORIA;25;39;ARCOS DE JALON;;42039M;0;11
8;CASTILLA Y LEÓN;42;SORIA;25;39;ARCOS DE JALON;;42039N;0;12
8;CASTILLA Y LEÓN;42;SORIA;25;39;ARCOS DE JALON;;42039P;0;13
8;CASTILLA Y LEÓN;42;SORIA;25;39;ARCOS DE JALON;;42039Q;0;14
8;CASTILLA Y LEÓN;42;SORIA;26;40;ARENILLAS;;42040A;0;0
8;CASTILLA Y LEÓN;42;SORIA;26;40;ARENILLAS;;42040B;0;1
8;CASTILLA Y LEÓN;42;SORIA;27;41;AREVALO DE LA SIERRA;;42041A;0;0
8;CASTILLA Y LEÓN;42;SORIA;27;41;AREVALO DE LA SIERRA;;42041E;0;1
8;CASTILLA Y LEÓN;42;SORIA;27;41;AREVALO DE LA SIERRA;;42041F;0;2
8;CASTILLA Y LEÓN;42;SORIA;27;41;AREVALO DE LA SIERRA;;42041G;0;3
8;CASTILLA Y LEÓN;42;SORIA;28;45;AUSEJO DE LA SIERRA;;42045A;0;0
8;CASTILLA Y LEÓN;42;SORIA;28;45;AUSEJO DE LA SIERRA;;42045B;0;1
8;CASTILLA Y LEÓN;42;SORIA;28;45;AUSEJO DE LA SIERRA;;42045C;0;2
8;CASTILLA Y LEÓN;42;SORIA;28;45;AUSEJO DE LA SIERRA;;42045D;0;3
8;CASTILLA Y LEÓN;42;SORIA;29;47;BARAHONA;BARAONA*;42047A;0;0
8;CASTILLA Y LEÓN;42;SORIA;29;47;BARAHONA;BARAONA*;42047B;0;1
8;CASTILLA Y LEÓN;42;SORIA;29;47;BARAHONA;BARAONA*;42047C;0;2
8;CASTILLA Y LEÓN;42;SORIA;29;47;BARAHONA;BARAONA*;42047D;0;3
8;CASTILLA Y LEÓN;42;SORIA;29;47;BARAHONA;BARAONA*;42047E;0;4
8;CASTILLA Y LEÓN;42;SORIA;30;48;BARCA;;42048A;0;0
8;CASTILLA Y LEÓN;42;SORIA;30;48;BARCA;;42048B;0;1
8;CASTILLA Y LEÓN;42;SORIA;30;48;BARCA;;42048C;0;2
8;CASTILLA Y LEÓN;42;SORIA;30;48;BARCA;;42048D;0;3
8;CASTILLA Y LEÓN;42;SORIA;31;49;BARCONES;;42049A;0;0
8;CASTILLA Y LEÓN;42;SORIA;31;49;BARCONES;;42049B;0;1
8;CASTILLA Y LEÓN;42;SORIA;32;51;BAYUBAS DE ABAJO;;42051A;0;0
8;CASTILLA Y LEÓN;42;SORIA;32;51;BAYUBAS DE ABAJO;;42051B;0;1
8;CASTILLA Y LEÓN;42;SORIA;32;51;BAYUBAS DE ABAJO;;42051C;0;2
8;CASTILLA Y LEÓN;42;SORIA;33;52;BAYUBAS DE ARRIBA;;42052A;0;0
8;CASTILLA Y LEÓN;42;SORIA;33;52;BAYUBAS DE ARRIBA;;42052B;0;1
8;CASTILLA Y LEÓN;42;SORIA;33;52;BAYUBAS DE ARRIBA;;42052C;0;2
8;CASTILLA Y LEÓN;42;SORIA;34;55;BERATON;;42055A;0;0
8;CASTILLA Y LEÓN;42;SORIA;34;55;BERATON;;42055B;0;1
8;CASTILLA Y LEÓN;42;SORIA;35;56;BERLANGA DE DUERO;;42056A;0;0
8;CASTILLA Y LEÓN;42;SORIA;35;56;BERLANGA DE DUERO;;42056B;0;1
8;CASTILLA Y LEÓN;42;SORIA;35;56;BERLANGA DE DUERO;;42056C;0;2
8;CASTILLA Y LEÓN;42;SORIA;35;56;BERLANGA DE DUERO;;42056D;0;3
8;CASTILLA Y LEÓN;42;SORIA;35;56;BERLANGA DE DUERO;;42056E;0;4
8;CASTILLA Y LEÓN;42;SORIA;35;56;BERLANGA DE DUERO;;42056F;0;5
8;CASTILLA Y LEÓN;42;SORIA;35;56;BERLANGA DE DUERO;;42056G;0;6
8;CASTILLA Y LEÓN;42;SORIA;35;56;BERLANGA DE DUERO;;42056H;0;7
8;CASTILLA Y LEÓN;42;SORIA;35;56;BERLANGA DE DUERO;;42056J;0;8
8;CASTILLA Y LEÓN;42;SORIA;35;56;BERLANGA DE DUERO;;42056K;0;9
8;CASTILLA Y LEÓN;42;SORIA;35;56;BERLANGA DE DUERO;;42056L;0;10
8;CASTILLA Y LEÓN;42;SORIA;35;56;BERLANGA DE DUERO;;42056M;0;11
8;CASTILLA Y LEÓN;42;SORIA;36;58;BLACOS;;42058A;0;0
8;CASTILLA Y LEÓN;42;SORIA;36;58;BLACOS;;42058B;0;1
8;CASTILLA Y LEÓN;42;SORIA;36;58;BLACOS;;42058C;0;2
8;CASTILLA Y LEÓN;42;SORIA;37;59;BLIECOS;;42059A;0;0
8;CASTILLA Y LEÓN;42;SORIA;37;59;BLIECOS;;42059B;0;1
8;CASTILLA Y LEÓN;42;SORIA;38;64;BORJABAD;;42064A;0;0
8;CASTILLA Y LEÓN;42;SORIA;38;64;BORJABAD;;42064B;0;1
8;CASTILLA Y LEÓN;42;SORIA;38;64;BORJABAD;;42064C;0;2
8;CASTILLA Y LEÓN;42;SORIA;38;64;BORJABAD;;42064D;0;3
8;CASTILLA Y LEÓN;42;SORIA;39;65;BOROBIA;;42065A;0;0
8;CASTILLA Y LEÓN;42;SORIA;41;68;BUBEROS;;42068A;0;0
8;CASTILLA Y LEÓN;42;SORIA;41;68;BUBEROS;;42068B;0;1
8;CASTILLA Y LEÓN;42;SORIA;42;70;BUITRAGO;;42070A;0;0
8;CASTILLA Y LEÓN;42;SORIA;42;70;BUITRAGO;;42070B;0;1
8;CASTILLA Y LEÓN;42;SORIA;43;71;BURGO DE OSMA-CIUDAD DE OSMA;;42071A;0;0
8;CASTILLA Y LEÓN;42;SORIA;43;71;BURGO DE OSMA-CIUDAD DE OSMA;;42071B;0;1
8;CASTILLA Y LEÓN;42;SORIA;43;71;BURGO DE OSMA-CIUDAD DE OSMA;;42071C;0;2
8;CASTILLA Y LEÓN;42;SORIA;43;71;BURGO DE OSMA-CIUDAD DE OSMA;;42071D;0;3
8;CASTILLA Y LEÓN;42;SORIA;43;71;BURGO DE OSMA-CIUDAD DE OSMA;;42071E;0;4
8;CASTILLA Y LEÓN;42;SORIA;43;71;BURGO DE OSMA-CIUDAD DE OSMA;;42071F;0;5
8;CASTILLA Y LEÓN;42;SORIA;43;71;BURGO DE OSMA-CIUDAD DE OSMA;;42071G;0;6
8;CASTILLA Y LEÓN;42;SORIA;43;71;BURGO DE OSMA-CIUDAD DE OSMA;;42071H;0;7
8;CASTILLA Y LEÓN;42;SORIA;43;71;BURGO DE OSMA-CIUDAD DE OSMA;;42071J;0;8
8;CASTILLA Y LEÓN;42;SORIA;43;71;BURGO DE OSMA-CIUDAD DE OSMA;;42071K;0;9
8;CASTILLA Y LEÓN;42;SORIA;43;71;BURGO DE OSMA-CIUDAD DE OSMA;;42071L;0;10
8;CASTILLA Y LEÓN;42;SORIA;43;71;BURGO DE OSMA-CIUDAD DE OSMA;;42071M;0;11
8;CASTILLA Y LEÓN;42;SORIA;43;71;BURGO DE OSMA-CIUDAD DE OSMA;;42071N;0;12
8;CASTILLA Y LEÓN;42;SORIA;43;71;BURGO DE OSMA-CIUDAD DE OSMA;;42071P;0;13
8;CASTILLA Y LEÓN;42;SORIA;43;71;BURGO DE OSMA-CIUDAD DE OSMA;;42071Q;0;14
8;CASTILLA Y LEÓN;42;SORIA;44;72;CABREJAS DEL CAMPO;;42072A;0;0
8;CASTILLA Y LEÓN;42;SORIA;44;72;CABREJAS DEL CAMPO;;42072B;0;1
8;CASTILLA Y LEÓN;42;SORIA;44;72;CABREJAS DEL CAMPO;;42072C;0;2
8;CASTILLA Y LEÓN;42;SORIA;45;73;CABREJAS DEL PINAR;;42073A;0;0
8;CASTILLA Y LEÓN;42;SORIA;45;73;CABREJAS DEL PINAR;;42073B;0;1
8;CASTILLA Y LEÓN;42;SORIA;45;73;CABREJAS DEL PINAR;;42073C;0;2
8;CASTILLA Y LEÓN;42;SORIA;45;73;CABREJAS DEL PINAR;;42073D;0;3
8;CASTILLA Y LEÓN;42;SORIA;45;73;CABREJAS DEL PINAR;;42073E;0;4
8;CASTILLA Y LEÓN;42;SORIA;46;75;CALATAÑAZOR;;42075A;0;0
8;CASTILLA Y LEÓN;42;SORIA;46;75;CALATAÑAZOR;;42075B;0;1
8;CASTILLA Y LEÓN;42;SORIA;46;75;CALATAÑAZOR;;42075C;0;2
8;CASTILLA Y LEÓN;42;SORIA;46;75;CALATAÑAZOR;;42075D;0;3
8;CASTILLA Y LEÓN;42;SORIA;48;77;CALTOJAR;;42077A;0;0
8;CASTILLA Y LEÓN;42;SORIA;48;77;CALTOJAR;;42077B;0;1
8;CASTILLA Y LEÓN;42;SORIA;48;77;CALTOJAR;;42077C;0;2
8;CASTILLA Y LEÓN;42;SORIA;48;77;CALTOJAR;;42077D;0;3
8;CASTILLA Y LEÓN;42;SORIA;49;79;CANDILICHERA;;42079A;0;0
8;CASTILLA Y LEÓN;42;SORIA;49;79;CANDILICHERA;;42079B;0;1
8;CASTILLA Y LEÓN;42;SORIA;49;79;CANDILICHERA;;42079C;0;2
8;CASTILLA Y LEÓN;42;SORIA;49;79;CANDILICHERA;;42079D;0;3
8;CASTILLA Y LEÓN;42;SORIA;49;79;CANDILICHERA;;42079E;0;4
8;CASTILLA Y LEÓN;42;SORIA;49;79;CANDILICHERA;;42079F;0;5
8;CASTILLA Y LEÓN;42;SORIA;50;81;CAÑAMAQUE;;42081A;0;0
8;CASTILLA Y LEÓN;42;SORIA;50;81;CAÑAMAQUE;;42081B;0;1
8;CASTILLA Y LEÓN;42;SORIA;51;82;CARABANTES;;42082A;0;0
8;CASTILLA Y LEÓN;42;SORIA;51;82;CARABANTES;;42082B;0;1
8;CASTILLA Y LEÓN;42;SORIA;52;83;CARACENA;;42083A;0;0
8;CASTILLA Y LEÓN;42;SORIA;53;86;CARRASCOSA DE ABAJO;;42086A;0;0
8;CASTILLA Y LEÓN;42;SORIA;53;86;CARRASCOSA DE ABAJO;;42086B;0;1
8;CASTILLA Y LEÓN;42;SORIA;53;86;CARRASCOSA DE ABAJO;;42086C;0;2
8;CASTILLA Y LEÓN;42;SORIA;54;88;CARRASCOSA DE LA SIERRA;;42088A;0;0
8;CASTILLA Y LEÓN;42;SORIA;54;88;CARRASCOSA DE LA SIERRA;;42088B;0;1
8;CASTILLA Y LEÓN;42;SORIA;55;89;CASAREJOS;;42089A;0;0
8;CASTILLA Y LEÓN;42;SORIA;55;89;CASAREJOS;;42089B;0;1
8;CASTILLA Y LEÓN;42;SORIA;56;92;CASTILFRIO DE LA SIERRA;;42092A;0;0
8;CASTILLA Y LEÓN;42;SORIA;56;92;CASTILFRIO DE LA SIERRA;;42092B;0;1
8;CASTILLA Y LEÓN;42;SORIA;57;93;CASTILRUIZ;;42093A;0;0
8;CASTILLA Y LEÓN;42;SORIA;57;93;CASTILRUIZ;;42093B;0;1
8;CASTILLA Y LEÓN;42;SORIA;57;93;CASTILRUIZ;;42093C;0;2
8;CASTILLA Y LEÓN;42;SORIA;58;94;CASTILLEJO DE ROBLEDO;;42094A;0;0
8;CASTILLA Y LEÓN;42;SORIA;58;94;CASTILLEJO DE ROBLEDO;;42094B;0;1
8;CASTILLA Y LEÓN;42;SORIA;58;94;CASTILLEJO DE ROBLEDO;;42094C;0;2
8;CASTILLA Y LEÓN;42;SORIA;59;95;CENTENERA DE ANDALUZ;;42095A;0;0
8;CASTILLA Y LEÓN;42;SORIA;59;95;CENTENERA DE ANDALUZ;;42095B;0;1
8;CASTILLA Y LEÓN;42;SORIA;60;96;CERBON;;42096A;0;0
8;CASTILLA Y LEÓN;42;SORIA;60;96;CERBON;;42096B;0;1
8;CASTILLA Y LEÓN;42;SORIA;60;96;CERBON;;42096C;0;2
8;CASTILLA Y LEÓN;42;SORIA;61;97;CIDONES;;42097A;0;0
8;CASTILLA Y LEÓN;42;SORIA;61;97;CIDONES;;42097B;0;1
8;CASTILLA Y LEÓN;42;SORIA;61;97;CIDONES;;42097C;0;2
8;CASTILLA Y LEÓN;42;SORIA;61;97;CIDONES;;42097D;0;3
8;CASTILLA Y LEÓN;42;SORIA;61;97;CIDONES;;42097E;0;4
8;CASTILLA Y LEÓN;42;SORIA;62;98;CIGUDOSA;;42098A;0;0
8;CASTILLA Y LEÓN;42;SORIA;63;99;CIHUELA;;42099A;0;0
8;CASTILLA Y LEÓN;42;SORIA;64;100;CIRIA;;42100A;0;0
8;CASTILLA Y LEÓN;42;SORIA;65;102;CIRUJALES DEL RIO;;42102A;0;0
8;CASTILLA Y LEÓN;42;SORIA;65;102;CIRUJALES DEL RIO;;42102B;0;1
8;CASTILLA Y LEÓN;42;SORIA;65;102;CIRUJALES DEL RIO;;42102C;0;2
8;CASTILLA Y LEÓN;42;SORIA;68;107;COSCURITA;;42107A;0;0
8;CASTILLA Y LEÓN;42;SORIA;68;107;COSCURITA;;42107B;0;1
8;CASTILLA Y LEÓN;42;SORIA;68;107;COSCURITA;;42107C;0;2
8;CASTILLA Y LEÓN;42;SORIA;68;107;COSCURITA;;42107D;0;3
8;CASTILLA Y LEÓN;42;SORIA;68;107;COSCURITA;;42107E;0;4
8;CASTILLA Y LEÓN;42;SORIA;68;107;COSCURITA;;42107F;0;5
8;CASTILLA Y LEÓN;42;SORIA;68;107;COSCURITA;;42107G;0;6
8;CASTILLA Y LEÓN;42;SORIA;69;108;COVALEDA;;42108A;0;0
8;CASTILLA Y LEÓN;42;SORIA;70;109;CUBILLA;;42109A;0;0
8;CASTILLA Y LEÓN;42;SORIA;70;109;CUBILLA;;42109B;0;1
8;CASTILLA Y LEÓN;42;SORIA;71;111;CUBO DE LA SOLANA;;42111A;0;0
8;CASTILLA Y LEÓN;42;SORIA;71;111;CUBO DE LA SOLANA;;42111B;0;1
8;CASTILLA Y LEÓN;42;SORIA;71;111;CUBO DE LA SOLANA;;42111C;0;2
8;CASTILLA Y LEÓN;42;SORIA;71;111;CUBO DE LA SOLANA;;42111D;0;3
8;CASTILLA Y LEÓN;42;SORIA;71;111;CUBO DE LA SOLANA;;42111E;0;4
8;CASTILLA Y LEÓN;42;SORIA;71;111;CUBO DE LA SOLANA;;42111F;0;5
8;CASTILLA Y LEÓN;42;SORIA;73;114;CUEVA DE AGREDA;;42114A;0;0
8;CASTILLA Y LEÓN;42;SORIA;75;120;DEVANOS;;42120A;0;0
8;CASTILLA Y LEÓN;42;SORIA;76;121;DEZA;;42121A;0;0
8;CASTILLA Y LEÓN;42;SORIA;76;121;DEZA;;42121B;0;1
8;CASTILLA Y LEÓN;42;SORIA;76;121;DEZA;;42121C;0;2
8;CASTILLA Y LEÓN;42;SORIA;78;124;DURUELO DE LA SIERRA;;42124A;0;0
8;CASTILLA Y LEÓN;42;SORIA;78;124;DURUELO DE LA SIERRA;;42124B;0;1
8;CASTILLA Y LEÓN;42;SORIA;79;125;ESCOBOSA DE ALMAZAN;;42125A;0;0
8;CASTILLA Y LEÓN;42;SORIA;79;125;ESCOBOSA DE ALMAZAN;;42125B;0;1
8;CASTILLA Y LEÓN;42;SORIA;80;126;ESPEJA DE SAN MARCELINO;;42126A;0;0
8;CASTILLA Y LEÓN;42;SORIA;80;126;ESPEJA DE SAN MARCELINO;;42126B;0;1
8;CASTILLA Y LEÓN;42;SORIA;80;126;ESPEJA DE SAN MARCELINO;;42126C;0;2
8;CASTILLA Y LEÓN;42;SORIA;80;126;ESPEJA DE SAN MARCELINO;;42126D;0;3
8;CASTILLA Y LEÓN;42;SORIA;80;126;ESPEJA DE SAN MARCELINO;;42126E;0;4
8;CASTILLA Y LEÓN;42;SORIA;80;126;ESPEJA DE SAN MARCELINO;;42126F;0;5
8;CASTILLA Y LEÓN;42;SORIA;81;127;ESPEJON;;42127A;0;0
8;CASTILLA Y LEÓN;42;SORIA;81;127;ESPEJON;;42127B;0;1
8;CASTILLA Y LEÓN;42;SORIA;82;128;ESTEPA DE SAN JUAN;;42128A;0;0
8;CASTILLA Y LEÓN;42;SORIA;82;128;ESTEPA DE SAN JUAN;;42128B;0;1
8;CASTILLA Y LEÓN;42;SORIA;83;132;FRECHILLA DE ALMAZAN;;42132A;0;0
8;CASTILLA Y LEÓN;42;SORIA;83;132;FRECHILLA DE ALMAZAN;;42132B;0;1
8;CASTILLA Y LEÓN;42;SORIA;83;132;FRECHILLA DE ALMAZAN;;42132C;0;2
8;CASTILLA Y LEÓN;42;SORIA;83;132;FRECHILLA DE ALMAZAN;;42132D;0;3
8;CASTILLA Y LEÓN;42;SORIA;83;132;FRECHILLA DE ALMAZAN;;42132E;0;4
8;CASTILLA Y LEÓN;42;SORIA;84;133;FRESNO DE CARACENA;;42133A;0;0
8;CASTILLA Y LEÓN;42;SORIA;84;133;FRESNO DE CARACENA;;42133B;0;1
8;CASTILLA Y LEÓN;42;SORIA;85;135;FUENTEARMEGIL;;42135A;0;0
8;CASTILLA Y LEÓN;42;SORIA;85;135;FUENTEARMEGIL;;42135B;0;1
8;CASTILLA Y LEÓN;42;SORIA;85;135;FUENTEARMEGIL;;42135C;0;2
8;CASTILLA Y LEÓN;42;SORIA;85;135;FUENTEARMEGIL;;42135D;0;3
8;CASTILLA Y LEÓN;42;SORIA;85;135;FUENTEARMEGIL;;42135E;0;4
8;CASTILLA Y LEÓN;42;SORIA;85;135;FUENTEARMEGIL;;42135F;0;5
8;CASTILLA Y LEÓN;42;SORIA;86;137;FUENTECAMBRON;;42137A;0;0
8;CASTILLA Y LEÓN;42;SORIA;86;137;FUENTECAMBRON;;42137B;0;1
8;CASTILLA Y LEÓN;42;SORIA;86;137;FUENTECAMBRON;;42137C;0;2
8;CASTILLA Y LEÓN;42;SORIA;87;139;FUENTECANTOS;;42139A;0;0
8;CASTILLA Y LEÓN;42;SORIA;87;139;FUENTECANTOS;;42139B;0;1
8;CASTILLA Y LEÓN;42;SORIA;88;142;FUENTELMONJE;;42142A;0;0
8;CASTILLA Y LEÓN;42;SORIA;88;142;FUENTELMONJE;;42142B;0;1
8;CASTILLA Y LEÓN;42;SORIA;89;143;FUENTELSAZ DE SORIA;;42143A;0;0
8;CASTILLA Y LEÓN;42;SORIA;89;143;FUENTELSAZ DE SORIA;;42143B;0;1
8;CASTILLA Y LEÓN;42;SORIA;89;143;FUENTELSAZ DE SORIA;;42143C;0;2
8;CASTILLA Y LEÓN;42;SORIA;89;143;FUENTELSAZ DE SORIA;;42143D;0;3
8;CASTILLA Y LEÓN;42;SORIA;89;143;FUENTELSAZ DE SORIA;;42143E;0;4
8;CASTILLA Y LEÓN;42;SORIA;90;144;FUENTEPINILLA;;42144A;0;0
8;CASTILLA Y LEÓN;42;SORIA;90;144;FUENTEPINILLA;;42144B;0;1
8;CASTILLA Y LEÓN;42;SORIA;90;144;FUENTEPINILLA;;42144C;0;2
8;CASTILLA Y LEÓN;42;SORIA;90;144;FUENTEPINILLA;;42144D;0;3
8;CASTILLA Y LEÓN;42;SORIA;92;146;FUENTES DE MAGAÑA;;42146A;0;0
8;CASTILLA Y LEÓN;42;SORIA;92;146;FUENTES DE MAGAÑA;;42146B;0;1
8;CASTILLA Y LEÓN;42;SORIA;92;146;FUENTES DE MAGAÑA;;42146C;0;2
8;CASTILLA Y LEÓN;42;SORIA;93;147;FUENTESTRUN;;42147A;0;0
8;CASTILLA Y LEÓN;42;SORIA;93;147;FUENTESTRUN;;42147B;0;1
8;CASTILLA Y LEÓN;42;SORIA;94;150;GARRAY;;42150A;0;0
8;CASTILLA Y LEÓN;42;SORIA;94;150;GARRAY;;42150B;0;1
8;CASTILLA Y LEÓN;42;SORIA;94;150;GARRAY;;42150C;0;2
8;CASTILLA Y LEÓN;42;SORIA;94;150;GARRAY;;42150D;0;3
8;CASTILLA Y LEÓN;42;SORIA;94;150;GARRAY;;42150E;0;4
8;CASTILLA Y LEÓN;42;SORIA;94;150;GARRAY;;42150F;0;5
8;CASTILLA Y LEÓN;42;SORIA;95;151;GOLMAYO;;42151A;0;0
8;CASTILLA Y LEÓN;42;SORIA;95;151;GOLMAYO;;42151B;0;1
8;CASTILLA Y LEÓN;42;SORIA;95;151;GOLMAYO;;42151C;0;2
8;CASTILLA Y LEÓN;42;SORIA;95;151;GOLMAYO;;42151D;0;3
8;CASTILLA Y LEÓN;42;SORIA;95;151;GOLMAYO;;42151E;0;4
8;CASTILLA Y LEÓN;42;SORIA;95;151;GOLMAYO;;42151F;0;5
8;CASTILLA Y LEÓN;42;SORIA;95;151;GOLMAYO;;42151G;0;6
8;CASTILLA Y LEÓN;42;SORIA;95;151;GOLMAYO;;42151H;0;7
8;CASTILLA Y LEÓN;42;SORIA;95;151;GOLMAYO;;42151J;0;8
8;CASTILLA Y LEÓN;42;SORIA;95;151;GOLMAYO;;42151K;0;9
8;CASTILLA Y LEÓN;42;SORIA;95;151;GOLMAYO;;42151L;0;10
8;CASTILLA Y LEÓN;42;SORIA;96;152;GOMARA;;42152A;0;0
8;CASTILLA Y LEÓN;42;SORIA;96;152;GOMARA;;42152B;0;1
8;CASTILLA Y LEÓN;42;SORIA;96;152;GOMARA;;42152C;0;2
8;CASTILLA Y LEÓN;42;SORIA;96;152;GOMARA;;42152D;0;3
8;CASTILLA Y LEÓN;42;SORIA;96;152;GOMARA;;42152E;0;4
8;CASTILLA Y LEÓN;42;SORIA;96;152;GOMARA;;42152F;0;5
8;CASTILLA Y LEÓN;42;SORIA;97;153;GORMAZ;;42153A;0;0
8;CASTILLA Y LEÓN;42;SORIA;97;153;GORMAZ;;42153B;0;1
8;CASTILLA Y LEÓN;42;SORIA;97;153;GORMAZ;;42153C;0;2
8;CASTILLA Y LEÓN;42;SORIA;98;154;HERRERA DE SORIA;;42154A;0;0
8;CASTILLA Y LEÓN;42;SORIA;100;157;HINOJOSA DEL CAMPO;;42157A;0;0
8;CASTILLA Y LEÓN;42;SORIA;100;157;HINOJOSA DEL CAMPO;;42157B;0;1
8;CASTILLA Y LEÓN;42;SORIA;100;157;HINOJOSA DEL CAMPO;;42157C;0;2
8;CASTILLA Y LEÓN;42;SORIA;103;169;LANGA DE DUERO;;42169A;0;0
8;CASTILLA Y LEÓN;42;SORIA;103;169;LANGA DE DUERO;;42169B;0;1
8;CASTILLA Y LEÓN;42;SORIA;103;169;LANGA DE DUERO;;42169C;0;2
8;CASTILLA Y LEÓN;42;SORIA;103;169;LANGA DE DUERO;;42169D;0;3
8;CASTILLA Y LEÓN;42;SORIA;103;169;LANGA DE DUERO;;42169E;0;4
8;CASTILLA Y LEÓN;42;SORIA;103;169;LANGA DE DUERO;;42169F;0;5
8;CASTILLA Y LEÓN;42;SORIA;103;169;LANGA DE DUERO;;42169G;0;6
8;CASTILLA Y LEÓN;42;SORIA;103;169;LANGA DE DUERO;;42169H;0;7
8;CASTILLA Y LEÓN;42;SORIA;103;169;LANGA DE DUERO;;42169I;0;8
8;CASTILLA Y LEÓN;42;SORIA;105;172;LICERAS;;42172A;0;0
8;CASTILLA Y LEÓN;42;SORIA;105;172;LICERAS;;42172B;0;1
8;CASTILLA Y LEÓN;42;SORIA;106;175;LOSILLA;;42175A;0;0
8;CASTILLA Y LEÓN;42;SORIA;106;175;LOSILLA;;42175B;0;1
8;CASTILLA Y LEÓN;42;SORIA;107;178;MAGAÑA;;42178A;0;0
8;CASTILLA Y LEÓN;42;SORIA;107;178;MAGAÑA;;42178B;0;1
8;CASTILLA Y LEÓN;42;SORIA;107;178;MAGAÑA;;42178C;0;2
8;CASTILLA Y LEÓN;42;SORIA;107;178;MAGAÑA;;42178D;0;3
8;CASTILLA Y LEÓN;42;SORIA;108;179;MAJAN;;42179A;0;0
8;CASTILLA Y LEÓN;42;SORIA;108;179;MAJAN;;42179B;0;1
8;CASTILLA Y LEÓN;42;SORIA;108;179;MAJAN;;42179C;0;2
8;CASTILLA Y LEÓN;42;SORIA;110;182;MATALEBRERAS;;42182A;0;0
8;CASTILLA Y LEÓN;42;SORIA;110;182;MATALEBRERAS;;42182B;0;1
8;CASTILLA Y LEÓN;42;SORIA;110;182;MATALEBRERAS;;42182C;0;2
8;CASTILLA Y LEÓN;42;SORIA;111;183;MATAMALA DE ALMAZAN;;42183A;0;0
8;CASTILLA Y LEÓN;42;SORIA;111;183;MATAMALA DE ALMAZAN;;42183B;0;1
8;CASTILLA Y LEÓN;42;SORIA;111;183;MATAMALA DE ALMAZAN;;42183D;0;3
8;CASTILLA Y LEÓN;42;SORIA;113;187;MEDINACELI;;42187A;0;0
8;CASTILLA Y LEÓN;42;SORIA;113;187;MEDINACELI;;42187B;0;1
8;CASTILLA Y LEÓN;42;SORIA;113;187;MEDINACELI;;42187C;0;2
8;CASTILLA Y LEÓN;42;SORIA;113;187;MEDINACELI;;42187D;0;3
8;CASTILLA Y LEÓN;42;SORIA;113;187;MEDINACELI;;42187E;0;4
8;CASTILLA Y LEÓN;42;SORIA;113;187;MEDINACELI;;42187F;0;5
8;CASTILLA Y LEÓN;42;SORIA;113;187;MEDINACELI;;42187G;0;6
8;CASTILLA Y LEÓN;42;SORIA;113;187;MEDINACELI;;42187H;0;7
8;CASTILLA Y LEÓN;42;SORIA;113;187;MEDINACELI;;42187J;0;8
8;CASTILLA Y LEÓN;42;SORIA;115;190;MIÑO DE MEDINACELI;;42190A;0;0
8;CASTILLA Y LEÓN;42;SORIA;115;190;MIÑO DE MEDINACELI;;42190B;0;1
8;CASTILLA Y LEÓN;42;SORIA;115;190;MIÑO DE MEDINACELI;;42190C;0;2
8;CASTILLA Y LEÓN;42;SORIA;115;190;MIÑO DE MEDINACELI;;42190D;0;3
8;CASTILLA Y LEÓN;42;SORIA;115;190;MIÑO DE MEDINACELI;;42190E;0;4
8;CASTILLA Y LEÓN;42;SORIA;116;191;MIÑO DE SAN ESTEBAN;;42191A;0;0
8;CASTILLA Y LEÓN;42;SORIA;116;191;MIÑO DE SAN ESTEBAN;;42191B;0;1
8;CASTILLA Y LEÓN;42;SORIA;116;191;MIÑO DE SAN ESTEBAN;;42191C;0;2
8;CASTILLA Y LEÓN;42;SORIA;117;193;MOLINOS DE DUERO;;42193A;0;0
8;CASTILLA Y LEÓN;42;SORIA;118;194;MOMBLONA;;42194A;0;0
8;CASTILLA Y LEÓN;42;SORIA;118;194;MOMBLONA;;42194B;0;1
8;CASTILLA Y LEÓN;42;SORIA;119;195;MONTEAGUDO DE LAS VICARIAS;;42195A;0;0
8;CASTILLA Y LEÓN;42;SORIA;119;195;MONTEAGUDO DE LAS VICARIAS;;42195B;0;1
8;CASTILLA Y LEÓN;42;SORIA;119;195;MONTEAGUDO DE LAS VICARIAS;;42195C;0;2
8;CASTILLA Y LEÓN;42;SORIA;119;195;MONTEAGUDO DE LAS VICARIAS;;42195D;0;3
8;CASTILLA Y LEÓN;42;SORIA;120;196;MONTEJO DE TIERMES;;42196A;0;0
8;CASTILLA Y LEÓN;42;SORIA;120;196;MONTEJO DE TIERMES;;42196B;0;1
8;CASTILLA Y LEÓN;42;SORIA;120;196;MONTEJO DE TIERMES;;42196C;0;2
8;CASTILLA Y LEÓN;42;SORIA;120;196;MONTEJO DE TIERMES;;42196D;0;3
8;CASTILLA Y LEÓN;42;SORIA;120;196;MONTEJO DE TIERMES;;42196E;0;4
8;CASTILLA Y LEÓN;42;SORIA;120;196;MONTEJO DE TIERMES;;42196F;0;5
8;CASTILLA Y LEÓN;42;SORIA;120;196;MONTEJO DE TIERMES;;42196G;0;6
8;CASTILLA Y LEÓN;42;SORIA;120;196;MONTEJO DE TIERMES;;42196H;0;7
8;CASTILLA Y LEÓN;42;SORIA;120;196;MONTEJO DE TIERMES;;42196J;0;8
8;CASTILLA Y LEÓN;42;SORIA;120;196;MONTEJO DE TIERMES;;42196K;0;9
8;CASTILLA Y LEÓN;42;SORIA;121;197;MONTENEGRO DE CAMEROS;;42197A;0;0
8;CASTILLA Y LEÓN;42;SORIA;123;201;MORON DE ALMAZAN;;42201A;0;0
8;CASTILLA Y LEÓN;42;SORIA;123;201;MORON DE ALMAZAN;;42201B;0;1
8;CASTILLA Y LEÓN;42;SORIA;123;201;MORON DE ALMAZAN;;42201C;0;2
8;CASTILLA Y LEÓN;42;SORIA;123;201;MORON DE ALMAZAN;;42201D;0;3
8;CASTILLA Y LEÓN;42;SORIA;124;202;MURIEL DE LA FUENTE;;42202A;0;0
8;CASTILLA Y LEÓN;42;SORIA;124;202;MURIEL DE LA FUENTE;;42202B;0;1
8;CASTILLA Y LEÓN;42;SORIA;125;203;MURIEL VIEJO;;42203A;0;0
8;CASTILLA Y LEÓN;42;SORIA;127;205;NAFRIA DE UCERO;;42205A;0;0
8;CASTILLA Y LEÓN;42;SORIA;127;205;NAFRIA DE UCERO;;42205B;0;1
8;CASTILLA Y LEÓN;42;SORIA;127;205;NAFRIA DE UCERO;;42205C;0;2
8;CASTILLA Y LEÓN;42;SORIA;127;205;NAFRIA DE UCERO;;42205D;0;3
8;CASTILLA Y LEÓN;42;SORIA;128;207;NARROS;;42207A;0;0
8;CASTILLA Y LEÓN;42;SORIA;128;207;NARROS;;42207B;0;1
8;CASTILLA Y LEÓN;42;SORIA;129;209;NAVALENO;;42209A;0;0
8;CASTILLA Y LEÓN;42;SORIA;130;210;NEPAS;;42210A;0;0
8;CASTILLA Y LEÓN;42;SORIA;130;210;NEPAS;;42210B;0;1
8;CASTILLA Y LEÓN;42;SORIA;131;213;NOLAY;;42213A;0;0
8;CASTILLA Y LEÓN;42;SORIA;131;213;NOLAY;;42213B;0;1
8;CASTILLA Y LEÓN;42;SORIA;132;216;NOVIERCAS;;42216A;0;0
8;CASTILLA Y LEÓN;42;SORIA;132;216;NOVIERCAS;;42216B;0;1
8;CASTILLA Y LEÓN;42;SORIA;134;219;OLVEGA;;42219A;0;0
8;CASTILLA Y LEÓN;42;SORIA;134;219;OLVEGA;;42219B;0;1
8;CASTILLA Y LEÓN;42;SORIA;134;219;OLVEGA;;42219C;0;2
8;CASTILLA Y LEÓN;42;SORIA;135;220;ONCALA;;42220A;0;0
8;CASTILLA Y LEÓN;42;SORIA;135;220;ONCALA;;42220B;0;1
8;CASTILLA Y LEÓN;42;SORIA;135;220;ONCALA;;42220C;0;2
8;CASTILLA Y LEÓN;42;SORIA;139;228;PINILLA DEL CAMPO;;42228A;0;0
8;CASTILLA Y LEÓN;42;SORIA;139;228;PINILLA DEL CAMPO;;42228B;0;1
8;CASTILLA Y LEÓN;42;SORIA;140;232;PORTILLO DE SORIA;;42232A;0;0
8;CASTILLA Y LEÓN;42;SORIA;140;232;PORTILLO DE SORIA;;42232B;0;1
8;CASTILLA Y LEÓN;42;SORIA;141;233;LA POVEDA DE SORIA;;42233A;0;0
8;CASTILLA Y LEÓN;42;SORIA;141;233;LA POVEDA DE SORIA;;42233B;0;1
8;CASTILLA Y LEÓN;42;SORIA;142;234;POZALMURO;;42234A;0;0
8;CASTILLA Y LEÓN;42;SORIA;142;234;POZALMURO;;42234B;0;1
8;CASTILLA Y LEÓN;42;SORIA;144;236;QUINTANA REDONDA;;42236A;0;0
8;CASTILLA Y LEÓN;42;SORIA;144;236;QUINTANA REDONDA;;42236B;0;1
8;CASTILLA Y LEÓN;42;SORIA;144;236;QUINTANA REDONDA;;42236C;0;2
8;CASTILLA Y LEÓN;42;SORIA;144;236;QUINTANA REDONDA;;42236D;0;3
8;CASTILLA Y LEÓN;42;SORIA;144;236;QUINTANA REDONDA;;42236E;0;4
8;CASTILLA Y LEÓN;42;SORIA;144;236;QUINTANA REDONDA;;42236F;0;5
8;CASTILLA Y LEÓN;42;SORIA;144;236;QUINTANA REDONDA;;42236G;0;6
8;CASTILLA Y LEÓN;42;SORIA;144;236;QUINTANA REDONDA;;42236H;0;7
8;CASTILLA Y LEÓN;42;SORIA;144;236;QUINTANA REDONDA;;42236J;0;8
8;CASTILLA Y LEÓN;42;SORIA;144;236;QUINTANA REDONDA;;42236K;0;9
8;CASTILLA Y LEÓN;42;SORIA;144;236;QUINTANA REDONDA;;42236L;0;10
8;CASTILLA Y LEÓN;42;SORIA;144;236;QUINTANA REDONDA;;42236M;0;11
8;CASTILLA Y LEÓN;42;SORIA;145;237;QUINTANAS DE GORMAZ;;42237A;0;0
8;CASTILLA Y LEÓN;42;SORIA;145;237;QUINTANAS DE GORMAZ;;42237B;0;1
8;CASTILLA Y LEÓN;42;SORIA;148;241;LA QUIÑONERIA;;42241A;0;0
8;CASTILLA Y LEÓN;42;SORIA;148;241;LA QUIÑONERIA;;42241B;0;1
8;CASTILLA Y LEÓN;42;SORIA;148;241;LA QUIÑONERIA;;42241C;0;2
8;CASTILLA Y LEÓN;42;SORIA;149;242;LOS RABANOS;;42242A;0;0
8;CASTILLA Y LEÓN;42;SORIA;149;242;LOS RABANOS;;42242B;0;1
8;CASTILLA Y LEÓN;42;SORIA;149;242;LOS RABANOS;;42242C;0;2
8;CASTILLA Y LEÓN;42;SORIA;149;242;LOS RABANOS;;42242D;0;3
8;CASTILLA Y LEÓN;42;SORIA;149;242;LOS RABANOS;;42242E;0;4
8;CASTILLA Y LEÓN;42;SORIA;151;244;REBOLLAR;;42244A;0;0
8;CASTILLA Y LEÓN;42;SORIA;152;246;RECUERDA;;42246A;0;0
8;CASTILLA Y LEÓN;42;SORIA;152;246;RECUERDA;;42246B;0;1
8;CASTILLA Y LEÓN;42;SORIA;152;246;RECUERDA;;42246C;0;2
8;CASTILLA Y LEÓN;42;SORIA;152;246;RECUERDA;;42246D;0;3
8;CASTILLA Y LEÓN;42;SORIA;152;246;RECUERDA;;42246E;0;4
8;CASTILLA Y LEÓN;42;SORIA;152;246;RECUERDA;;42246F;0;5
8;CASTILLA Y LEÓN;42;SORIA;153;248;RELLO;;42248A;0;0
8;CASTILLA Y LEÓN;42;SORIA;153;248;RELLO;;42248B;0;1
8;CASTILLA Y LEÓN;42;SORIA;154;249;RENIEBLAS;;42249A;0;0
8;CASTILLA Y LEÓN;42;SORIA;154;249;RENIEBLAS;;42249B;0;1
8;CASTILLA Y LEÓN;42;SORIA;154;249;RENIEBLAS;;42249C;0;2
8;CASTILLA Y LEÓN;42;SORIA;154;249;RENIEBLAS;;42249D;0;3
8;CASTILLA Y LEÓN;42;SORIA;155;250;RETORTILLO DE SORIA;;42250A;0;0
8;CASTILLA Y LEÓN;42;SORIA;155;250;RETORTILLO DE SORIA;;42250B;0;1
8;CASTILLA Y LEÓN;42;SORIA;155;250;RETORTILLO DE SORIA;;42250C;0;2
8;CASTILLA Y LEÓN;42;SORIA;155;250;RETORTILLO DE SORIA;;42250D;0;3
8;CASTILLA Y LEÓN;42;SORIA;155;250;RETORTILLO DE SORIA;;42250E;0;4
8;CASTILLA Y LEÓN;42;SORIA;155;250;RETORTILLO DE SORIA;;42250F;0;5
8;CASTILLA Y LEÓN;42;SORIA;155;250;RETORTILLO DE SORIA;;42250G;0;6
8;CASTILLA Y LEÓN;42;SORIA;155;250;RETORTILLO DE SORIA;;42250H;0;7
8;CASTILLA Y LEÓN;42;SORIA;155;250;RETORTILLO DE SORIA;;42250J;0;8
8;CASTILLA Y LEÓN;42;SORIA;155;250;RETORTILLO DE SORIA;;42250K;0;9
8;CASTILLA Y LEÓN;42;SORIA;156;252;REZNOS;;42252A;0;0
8;CASTILLA Y LEÓN;42;SORIA;156;252;REZNOS;;42252B;0;1
8;CASTILLA Y LEÓN;42;SORIA;157;253;LA RIBA DE ESCALOTE;;42253A;0;0
8;CASTILLA Y LEÓN;42;SORIA;157;253;LA RIBA DE ESCALOTE;;42253B;0;1
8;CASTILLA Y LEÓN;42;SORIA;158;254;RIOSECO DE SORIA;;42254A;0;0
8;CASTILLA Y LEÓN;42;SORIA;158;254;RIOSECO DE SORIA;;42254B;0;1
8;CASTILLA Y LEÓN;42;SORIA;158;254;RIOSECO DE SORIA;;42254C;0;2
8;CASTILLA Y LEÓN;42;SORIA;158;254;RIOSECO DE SORIA;;42254D;0;3
8;CASTILLA Y LEÓN;42;SORIA;159;255;ROLLAMIENTA;;42255A;0;0
8;CASTILLA Y LEÓN;42;SORIA;160;257;EL ROYO;;42257A;0;0
8;CASTILLA Y LEÓN;42;SORIA;160;257;EL ROYO;;42257B;0;1
8;CASTILLA Y LEÓN;42;SORIA;160;257;EL ROYO;;42257C;0;2
8;CASTILLA Y LEÓN;42;SORIA;160;257;EL ROYO;;42257D;0;3
8;CASTILLA Y LEÓN;42;SORIA;160;257;EL ROYO;;42257E;0;4
8;CASTILLA Y LEÓN;42;SORIA;161;259;SALDUERO;;42259A;0;0
8;CASTILLA Y LEÓN;42;SORIA;162;263;SAN ESTEBAN DE GORMAZ;;42263A;0;0
8;CASTILLA Y LEÓN;42;SORIA;162;263;SAN ESTEBAN DE GORMAZ;;42263B;0;16
8;CASTILLA Y LEÓN;42;SORIA;162;263;SAN ESTEBAN DE GORMAZ;;42263C;0;15
8;CASTILLA Y LEÓN;42;SORIA;162;263;SAN ESTEBAN DE GORMAZ;;42263D;0;10
8;CASTILLA Y LEÓN;42;SORIA;162;263;SAN ESTEBAN DE GORMAZ;;42263E;0;19
8;CASTILLA Y LEÓN;42;SORIA;162;263;SAN ESTEBAN DE GORMAZ;;42263F;0;9
8;CASTILLA Y LEÓN;42;SORIA;162;263;SAN ESTEBAN DE GORMAZ;;42263G;0;14
8;CASTILLA Y LEÓN;42;SORIA;162;263;SAN ESTEBAN DE GORMAZ;;42263H;0;12
8;CASTILLA Y LEÓN;42;SORIA;162;263;SAN ESTEBAN DE GORMAZ;;42263I;0;23
8;CASTILLA Y LEÓN;42;SORIA;162;263;SAN ESTEBAN DE GORMAZ;;42263J;0;2
8;CASTILLA Y LEÓN;42;SORIA;162;263;SAN ESTEBAN DE GORMAZ;;42263K;0;11
8;CASTILLA Y LEÓN;42;SORIA;162;263;SAN ESTEBAN DE GORMAZ;;42263L;0;7
8;CASTILLA Y LEÓN;42;SORIA;162;263;SAN ESTEBAN DE GORMAZ;;42263M;0;3
8;CASTILLA Y LEÓN;42;SORIA;162;263;SAN ESTEBAN DE GORMAZ;;42263N;0;4
8;CASTILLA Y LEÓN;42;SORIA;162;263;SAN ESTEBAN DE GORMAZ;;42263P;0;20
8;CASTILLA Y LEÓN;42;SORIA;162;263;SAN ESTEBAN DE GORMAZ;;42263Q;0;18
8;CASTILLA Y LEÓN;42;SORIA;162;263;SAN ESTEBAN DE GORMAZ;;42263R;0;1
8;CASTILLA Y LEÓN;42;SORIA;162;263;SAN ESTEBAN DE GORMAZ;;42263S;0;21
8;CASTILLA Y LEÓN;42;SORIA;162;263;SAN ESTEBAN DE GORMAZ;;42263T;0;13
8;CASTILLA Y LEÓN;42;SORIA;162;263;SAN ESTEBAN DE GORMAZ;;42263V;0;17
8;CASTILLA Y LEÓN;42;SORIA;162;263;SAN ESTEBAN DE GORMAZ;;42263W;0;6
8;CASTILLA Y LEÓN;42;SORIA;162;263;SAN ESTEBAN DE GORMAZ;;42263X;0;5
8;CASTILLA Y LEÓN;42;SORIA;162;263;SAN ESTEBAN DE GORMAZ;;42263Y;0;22
8;CASTILLA Y LEÓN;42;SORIA;162;263;SAN ESTEBAN DE GORMAZ;;42263Z;0;8
8;CASTILLA Y LEÓN;42;SORIA;163;264;SAN FELICES;;42264A;0;0
8;CASTILLA Y LEÓN;42;SORIA;164;265;SAN LEONARDO DE YAGUE;;42265A;0;0
8;CASTILLA Y LEÓN;42;SORIA;164;265;SAN LEONARDO DE YAGUE;;42265B;0;1
8;CASTILLA Y LEÓN;42;SORIA;165;266;SAN PEDRO MANRIQUE;;42266A;0;0
8;CASTILLA Y LEÓN;42;SORIA;165;266;SAN PEDRO MANRIQUE;;42266B;0;1
8;CASTILLA Y LEÓN;42;SORIA;165;266;SAN PEDRO MANRIQUE;;42266C;0;2
8;CASTILLA Y LEÓN;42;SORIA;165;266;SAN PEDRO MANRIQUE;;42266D;0;3
8;CASTILLA Y LEÓN;42;SORIA;165;266;SAN PEDRO MANRIQUE;;42266E;0;4
8;CASTILLA Y LEÓN;42;SORIA;166;267;SANTA CRUZ DE YANGUAS;;42267A;0;0
8;CASTILLA Y LEÓN;42;SORIA;166;267;SANTA CRUZ DE YANGUAS;;42267B;0;1
8;CASTILLA Y LEÓN;42;SORIA;167;268;SANTA MARIA DE HUERTA;;42268A;0;0
8;CASTILLA Y LEÓN;42;SORIA;167;268;SANTA MARIA DE HUERTA;;42268B;0;1
8;CASTILLA Y LEÓN;42;SORIA;168;269;SANTA MARIA DE LAS HOYAS;;42269A;0;0
8;CASTILLA Y LEÓN;42;SORIA;168;269;SANTA MARIA DE LAS HOYAS;;42269B;0;1
8;CASTILLA Y LEÓN;42;SORIA;171;274;SERON DE NAJIMA;;42274A;0;0
8;CASTILLA Y LEÓN;42;SORIA;171;274;SERON DE NAJIMA;;42274B;0;1
8;CASTILLA Y LEÓN;42;SORIA;172;275;SOLIEDRA;;42275A;0;0
8;CASTILLA Y LEÓN;42;SORIA;172;275;SOLIEDRA;;42275B;0;1
8;CASTILLA Y LEÓN;42;SORIA;172;275;SOLIEDRA;;42275C;0;2
8;CASTILLA Y LEÓN;42;SORIA;173;900;SORIA;;42900A;0;0
8;CASTILLA Y LEÓN;42;SORIA;173;900;SORIA;;42900B;0;1
8;CASTILLA Y LEÓN;42;SORIA;173;900;SORIA;;42900C;0;2
8;CASTILLA Y LEÓN;42;SORIA;173;900;SORIA;;42900D;0;3
8;CASTILLA Y LEÓN;42;SORIA;174;278;SOTILLO DEL RINCON;;42278A;0;0
8;CASTILLA Y LEÓN;42;SORIA;175;280;SUELLACABRAS;;42280A;0;0
8;CASTILLA Y LEÓN;42;SORIA;175;280;SUELLACABRAS;;42280B;0;1
8;CASTILLA Y LEÓN;42;SORIA;176;281;TAJAHUERCE;;42281A;0;0
8;CASTILLA Y LEÓN;42;SORIA;176;281;TAJAHUERCE;;42281B;0;1
8;CASTILLA Y LEÓN;42;SORIA;177;282;TAJUECO;;42282A;0;0
8;CASTILLA Y LEÓN;42;SORIA;177;282;TAJUECO;;42282B;0;1
8;CASTILLA Y LEÓN;42;SORIA;178;283;TALVEILA;;42283A;0;0
8;CASTILLA Y LEÓN;42;SORIA;178;283;TALVEILA;;42283B;0;1
8;CASTILLA Y LEÓN;42;SORIA;178;283;TALVEILA;;42283C;0;2
8;CASTILLA Y LEÓN;42;SORIA;178;283;TALVEILA;;42283D;0;3
8;CASTILLA Y LEÓN;42;SORIA;181;287;TARDELCUENDE;;42287A;0;0
8;CASTILLA Y LEÓN;42;SORIA;181;287;TARDELCUENDE;;42287B;0;1
8;CASTILLA Y LEÓN;42;SORIA;182;289;TARODA;;42289A;0;0
8;CASTILLA Y LEÓN;42;SORIA;182;289;TARODA;;42289B;0;1
8;CASTILLA Y LEÓN;42;SORIA;183;290;TEJADO;;42290A;0;0
8;CASTILLA Y LEÓN;42;SORIA;183;290;TEJADO;;42290B;0;1
8;CASTILLA Y LEÓN;42;SORIA;183;290;TEJADO;;42290C;0;2
8;CASTILLA Y LEÓN;42;SORIA;183;290;TEJADO;;42290D;0;3
8;CASTILLA Y LEÓN;42;SORIA;183;290;TEJADO;;42290E;0;4
8;CASTILLA Y LEÓN;42;SORIA;183;290;TEJADO;;42290F;0;5
8;CASTILLA Y LEÓN;42;SORIA;183;290;TEJADO;;42290G;0;6
8;CASTILLA Y LEÓN;42;SORIA;183;290;TEJADO;;42290H;0;7
8;CASTILLA Y LEÓN;42;SORIA;184;292;TORLENGUA;;42292A;0;0
8;CASTILLA Y LEÓN;42;SORIA;185;295;TORREBLACOS;;42295A;0;0
8;CASTILLA Y LEÓN;42;SORIA;185;295;TORREBLACOS;;42295B;0;1
8;CASTILLA Y LEÓN;42;SORIA;187;298;TORRUBIA DE SORIA;;42298A;0;0
8;CASTILLA Y LEÓN;42;SORIA;187;298;TORRUBIA DE SORIA;;42298B;0;1
8;CASTILLA Y LEÓN;42;SORIA;187;298;TORRUBIA DE SORIA;;42298C;0;2
8;CASTILLA Y LEÓN;42;SORIA;187;298;TORRUBIA DE SORIA;;42298D;0;3
8;CASTILLA Y LEÓN;42;SORIA;188;299;TREVAGO;;42299A;0;0
8;CASTILLA Y LEÓN;42;SORIA;188;299;TREVAGO;;42299B;0;1
8;CASTILLA Y LEÓN;42;SORIA;189;300;UCERO;;42300A;0;0
8;CASTILLA Y LEÓN;42;SORIA;189;300;UCERO;;42300B;0;1
8;CASTILLA Y LEÓN;42;SORIA;190;302;VADILLO;;42302A;0;0
8;CASTILLA Y LEÓN;42;SORIA;191;304;VALDEAVELLANO DE TERA;;42304A;0;0
8;CASTILLA Y LEÓN;42;SORIA;192;305;VALDEGEÑA;;42305A;0;0
8;CASTILLA Y LEÓN;42;SORIA;192;305;VALDEGEÑA;;42305B;0;1
8;CASTILLA Y LEÓN;42;SORIA;193;306;VALDELAGUA DEL CERRO;;42306A;0;0
8;CASTILLA Y LEÓN;42;SORIA;193;306;VALDELAGUA DEL CERRO;;42306B;0;1
8;CASTILLA Y LEÓN;42;SORIA;194;307;VALDEMALUQUE;;42307A;0;0
8;CASTILLA Y LEÓN;42;SORIA;194;307;VALDEMALUQUE;;42307B;0;1
8;CASTILLA Y LEÓN;42;SORIA;194;307;VALDEMALUQUE;;42307C;0;2
8;CASTILLA Y LEÓN;42;SORIA;194;307;VALDEMALUQUE;;42307D;0;3
8;CASTILLA Y LEÓN;42;SORIA;194;307;VALDEMALUQUE;;42307E;0;4
8;CASTILLA Y LEÓN;42;SORIA;194;307;VALDEMALUQUE;;42307F;0;5
8;CASTILLA Y LEÓN;42;SORIA;195;309;VALDENEBRO;;42309A;0;0
8;CASTILLA Y LEÓN;42;SORIA;195;309;VALDENEBRO;;42309B;0;1
8;CASTILLA Y LEÓN;42;SORIA;195;309;VALDENEBRO;;42309C;0;2
8;CASTILLA Y LEÓN;42;SORIA;196;310;VALDEPRADO;;42310A;0;0
8;CASTILLA Y LEÓN;42;SORIA;196;310;VALDEPRADO;;42310B;0;1
8;CASTILLA Y LEÓN;42;SORIA;197;311;VALDERRODILLA;;42311A;0;0
8;CASTILLA Y LEÓN;42;SORIA;197;311;VALDERRODILLA;;42311B;0;1
8;CASTILLA Y LEÓN;42;SORIA;197;311;VALDERRODILLA;;42311C;0;2
8;CASTILLA Y LEÓN;42;SORIA;198;313;VALTAJEROS;;42313A;0;0
8;CASTILLA Y LEÓN;42;SORIA;200;318;VELAMAZAN;;42318A;0;0
8;CASTILLA Y LEÓN;42;SORIA;200;318;VELAMAZAN;;42318B;0;1
8;CASTILLA Y LEÓN;42;SORIA;200;318;VELAMAZAN;;42318C;0;2
8;CASTILLA Y LEÓN;42;SORIA;200;318;VELAMAZAN;;42318D;0;3
8;CASTILLA Y LEÓN;42;SORIA;200;318;VELAMAZAN;;42318E;0;4
8;CASTILLA Y LEÓN;42;SORIA;200;318;VELAMAZAN;;42318F;0;5
8;CASTILLA Y LEÓN;42;SORIA;201;319;VELILLA DE LA SIERRA;;42319A;0;0
8;CASTILLA Y LEÓN;42;SORIA;201;319;VELILLA DE LA SIERRA;;42319B;0;1
8;CASTILLA Y LEÓN;42;SORIA;202;320;VELILLA DE LOS AJOS;;42320A;0;0
8;CASTILLA Y LEÓN;42;SORIA;202;320;VELILLA DE LOS AJOS;;42320B;0;1
8;CASTILLA Y LEÓN;42;SORIA;204;325;VIANA DE DUERO;;42325A;0;0
8;CASTILLA Y LEÓN;42;SORIA;204;325;VIANA DE DUERO;;42325B;0;1
8;CASTILLA Y LEÓN;42;SORIA;204;325;VIANA DE DUERO;;42325C;0;2
8;CASTILLA Y LEÓN;42;SORIA;204;325;VIANA DE DUERO;;42325D;0;3
8;CASTILLA Y LEÓN;42;SORIA;204;325;VIANA DE DUERO;;42325E;0;4
8;CASTILLA Y LEÓN;42;SORIA;204;325;VIANA DE DUERO;;42325F;0;5
8;CASTILLA Y LEÓN;42;SORIA;204;325;VIANA DE DUERO;;42325G;0;6
8;CASTILLA Y LEÓN;42;SORIA;205;328;VILLACIERVOS;;42328A;0;0
8;CASTILLA Y LEÓN;42;SORIA;205;328;VILLACIERVOS;;42328B;0;1
8;CASTILLA Y LEÓN;42;SORIA;206;330;VILLANUEVA DE GORMAZ;;42330A;0;0
8;CASTILLA Y LEÓN;42;SORIA;206;330;VILLANUEVA DE GORMAZ;;42330B;0;1
8;CASTILLA Y LEÓN;42;SORIA;207;331;VILLAR DEL ALA;;42331A;0;0
8;CASTILLA Y LEÓN;42;SORIA;207;331;VILLAR DEL ALA;;42331B;0;1
8;CASTILLA Y LEÓN;42;SORIA;208;332;VILLAR DEL CAMPO;;42332A;0;0
8;CASTILLA Y LEÓN;42;SORIA;208;332;VILLAR DEL CAMPO;;42332B;0;1
8;CASTILLA Y LEÓN;42;SORIA;209;333;VILLAR DEL RIO;;42333A;0;0
8;CASTILLA Y LEÓN;42;SORIA;209;333;VILLAR DEL RIO;;42333B;0;1
8;CASTILLA Y LEÓN;42;SORIA;209;333;VILLAR DEL RIO;;42333C;0;2
8;CASTILLA Y LEÓN;42;SORIA;209;333;VILLAR DEL RIO;;42333D;0;3
8;CASTILLA Y LEÓN;42;SORIA;209;333;VILLAR DEL RIO;;42333E;0;4
8;CASTILLA Y LEÓN;42;SORIA;211;335;LOS VILLARES DE SORIA;;42335A;0;0
8;CASTILLA Y LEÓN;42;SORIA;211;335;LOS VILLARES DE SORIA;;42335B;0;1
8;CASTILLA Y LEÓN;42;SORIA;212;337;VILLASAYAS;;42337A;0;0
8;CASTILLA Y LEÓN;42;SORIA;212;337;VILLASAYAS;;42337B;0;1
8;CASTILLA Y LEÓN;42;SORIA;213;338;VILLASECA DE ARCIEL;;42338A;0;0
8;CASTILLA Y LEÓN;42;SORIA;213;338;VILLASECA DE ARCIEL;;42338B;0;1
8;CASTILLA Y LEÓN;42;SORIA;215;340;VINUESA;;42340A;0;0
8;CASTILLA Y LEÓN;42;SORIA;216;341;VIZMANOS;;42341A;0;0
8;CASTILLA Y LEÓN;42;SORIA;217;342;VOZMEDIANO;;42342A;0;0
8;CASTILLA Y LEÓN;42;SORIA;218;343;YANGUAS;;42343A;0;0
8;CASTILLA Y LEÓN;42;SORIA;218;343;YANGUAS;;42343B;0;1
8;CASTILLA Y LEÓN;42;SORIA;219;344;YELO;;42344A;0;0
8;CASTILLA Y LEÓN;42;SORIA;219;344;YELO;;42344B;0;1
8;CASTILLA Y LEÓN;47;VALLADOLID;1;1;ADALIA;;47001A;0;0
8;CASTILLA Y LEÓN;47;VALLADOLID;2;2;AGUASAL;;47002A;0;0
8;CASTILLA Y LEÓN;47;VALLADOLID;3;3;AGUILAR DE CAMPOS;;47003A;0;0
8;CASTILLA Y LEÓN;47;VALLADOLID;4;4;ALAEJOS;;47004A;0;0
8;CASTILLA Y LEÓN;47;VALLADOLID;5;5;ALCAZAREN;;47005A;0;0
8;CASTILLA Y LEÓN;47;VALLADOLID;6;6;ALDEA DE SAN MIGUEL;;47006A;0;0
8;CASTILLA Y LEÓN;47;VALLADOLID;7;7;ALDEAMAYOR DE SAN MARTIN;;47007A;0;0
8;CASTILLA Y LEÓN;47;VALLADOLID;8;9;ALMENARA DE ADAJA;;47009A;0;0
8;CASTILLA Y LEÓN;47;VALLADOLID;9;10;AMUSQUILLO;;47010A;0;0
8;CASTILLA Y LEÓN;47;VALLADOLID;10;11;ARROYO DE LA ENCOMIENDA;;47011A;0;0
8;CASTILLA Y LEÓN;47;VALLADOLID;11;12;ATAQUINES;;47012A;0;0
8;CASTILLA Y LEÓN;47;VALLADOLID;12;13;BAHABON;;47013A;0;0
8;CASTILLA Y LEÓN;47;VALLADOLID;13;14;BARCIAL DE LA LOMA;;47014A;0;0
8;CASTILLA Y LEÓN;47;VALLADOLID;14;15;BARRUELO DEL VALLE;;47015A;0;0
8;CASTILLA Y LEÓN;47;VALLADOLID;15;16;BECILLA DE VALDERADUEY;;47016A;0;0
8;CASTILLA Y LEÓN;47;VALLADOLID;16;17;BENAFARCES;;47017A;0;0
8;CASTILLA Y LEÓN;47;VALLADOLID;17;18;BERCERO;;47018A;0;0
8;CASTILLA Y LEÓN;47;VALLADOLID;18;19;BERCERUELO;;47019A;0;0
8;CASTILLA Y LEÓN;47;VALLADOLID;19;20;BERRUECES DE CAMPOS;;47020A;0;0
8;CASTILLA Y LEÓN;47;VALLADOLID;20;21;BOBADILLA DEL CAMPO;;47021A;0;0
8;CASTILLA Y LEÓN;47;VALLADOLID;21;22;BOCIGAS;;47022A;0;0
8;CASTILLA Y LEÓN;47;VALLADOLID;22;23;BOCOS DE DUERO;;47023A;0;0
8;CASTILLA Y LEÓN;47;VALLADOLID;23;24;BOECILLO;;47024A;0;0
8;CASTILLA Y LEÓN;47;VALLADOLID;24;25;BOLAÑOS DE CAMPOS;;47025A;0;0
8;CASTILLA Y LEÓN;47;VALLADOLID;25;26;BRAHOJOS DE MEDINA;;47026A;0;0
8;CASTILLA Y LEÓN;47;VALLADOLID;26;27;BUSTILLO DE CHAVES;;47027A;0;0
8;CASTILLA Y LEÓN;47;VALLADOLID;27;28;CABEZON DE PISUERGA;;47028A;0;0
8;CASTILLA Y LEÓN;47;VALLADOLID;28;29;CABEZON DE VALDERADUEY;;47029A;0;0
8;CASTILLA Y LEÓN;47;VALLADOLID;29;30;CABREROS DEL MONTE;;47030A;0;0
8;CASTILLA Y LEÓN;47;VALLADOLID;30;31;CAMPASPERO;;47031A;0;0
8;CASTILLA Y LEÓN;47;VALLADOLID;31;32;EL CAMPILLO;;47032A;0;0
8;CASTILLA Y LEÓN;47;VALLADOLID;32;33;CAMPORREDONDO;;47033A;0;0
8;CASTILLA Y LEÓN;47;VALLADOLID;33;34;CANALEJAS DE PEÑAFIEL;;47034A;0;0
8;CASTILLA Y LEÓN;47;VALLADOLID;34;35;CANILLAS DE ESGUEVA;;47035A;0;0
8;CASTILLA Y LEÓN;47;VALLADOLID;35;36;CARPIO;;47036A;0;0
8;CASTILLA Y LEÓN;47;VALLADOLID;36;37;CASASOLA DE ARION;;47037A;0;0
8;CASTILLA Y LEÓN;47;VALLADOLID;37;38;CASTREJON DE TRABANCOS;;47038A;0;0
8;CASTILLA Y LEÓN;47;VALLADOLID;38;39;CASTRILLO DE DUERO;;47039A;0;0
8;CASTILLA Y LEÓN;47;VALLADOLID;39;40;CASTRILLO TEJERIEGO;;47040A;0;0
8;CASTILLA Y LEÓN;47;VALLADOLID;40;41;CASTROBOL;;47041A;0;0
8;CASTILLA Y LEÓN;47;VALLADOLID;41;42;CASTRODEZA;;47042A;0;0
8;CASTILLA Y LEÓN;47;VALLADOLID;42;43;CASTROMEMBIBRE;;47043A;0;0
8;CASTILLA Y LEÓN;47;VALLADOLID;43;44;CASTROMONTE;;47044A;0;0
8;CASTILLA Y LEÓN;47;VALLADOLID;44;45;CASTRONUEVO DE ESGUEVA;;47045A;0;0
8;CASTILLA Y LEÓN;47;VALLADOLID;45;46;CASTRONUÑO;;47046A;0;0
8;CASTILLA Y LEÓN;47;VALLADOLID;46;47;CASTROPONCE DE VALDERADUEY;;47047A;0;0
8;CASTILLA Y LEÓN;47;VALLADOLID;47;48;CASTROVERDE DE CERRATO;;47048A;0;0
8;CASTILLA Y LEÓN;47;VALLADOLID;48;49;CEINOS DE CAMPOS;;47049A;0;0
8;CASTILLA Y LEÓN;47;VALLADOLID;49;50;CERVILLEGO DE LA CRUZ;;47050A;0;0
8;CASTILLA Y LEÓN;47;VALLADOLID;50;51;CIGALES;;47051A;0;0
8;CASTILLA Y LEÓN;47;VALLADOLID;51;52;CIGUÑUELA;;47052A;0;0
8;CASTILLA Y LEÓN;47;VALLADOLID;52;53;LA CISTERNIGA;;47053A;0;0
8;CASTILLA Y LEÓN;47;VALLADOLID;53;54;COGECES DE ISCAR;;47054A;0;0
8;CASTILLA Y LEÓN;47;VALLADOLID;54;55;COGECES DEL MONTE;;47055A;0;0
8;CASTILLA Y LEÓN;47;VALLADOLID;55;56;CORCOS DEL VALLE;;47056A;0;0
8;CASTILLA Y LEÓN;47;VALLADOLID;56;57;CORRALES DE DUERO;;47057A;0;0
8;CASTILLA Y LEÓN;47;VALLADOLID;57;58;CUBILLAS DE SANTA MARTA;;47058A;0;0
8;CASTILLA Y LEÓN;47;VALLADOLID;58;59;CUENCA DE CAMPOS;;47059A;0;0
8;CASTILLA Y LEÓN;47;VALLADOLID;59;60;CURIEL DE DUERO;;47060A;0;0
8;CASTILLA Y LEÓN;47;VALLADOLID;60;61;ENCINAS DE ESGUEVA;;47061A;0;0
8;CASTILLA Y LEÓN;47;VALLADOLID;61;62;ESGUEVILLAS DE ESGUEVA;;47062A;0;0
8;CASTILLA Y LEÓN;47;VALLADOLID;62;63;FOMBELLIDA;;47063A;0;0
8;CASTILLA Y LEÓN;47;VALLADOLID;63;64;FOMPEDRAZA;;47064A;0;0
8;CASTILLA Y LEÓN;47;VALLADOLID;64;65;FONTIHOYUELO;;47065A;0;0
8;CASTILLA Y LEÓN;47;VALLADOLID;65;66;FRESNO EL VIEJO;;47066A;0;0
8;CASTILLA Y LEÓN;47;VALLADOLID;66;67;FUENSALDAÑA;;47067A;0;0
8;CASTILLA Y LEÓN;47;VALLADOLID;67;68;FUENTE EL SOL;;47068A;0;0
8;CASTILLA Y LEÓN;47;VALLADOLID;68;69;FUENTE OLMEDO;;47069A;0;0
8;CASTILLA Y LEÓN;47;VALLADOLID;69;70;GALLEGOS DE HORNIJA;;47070A;0;0
8;CASTILLA Y LEÓN;47;VALLADOLID;70;71;GATON DE CAMPOS;;47071A;0;0
8;CASTILLA Y LEÓN;47;VALLADOLID;71;72;GERIA;;47072A;0;0
8;CASTILLA Y LEÓN;47;VALLADOLID;73;74;HERRIN DE CAMPOS;;47074A;0;0
8;CASTILLA Y LEÓN;47;VALLADOLID;74;75;HORNILLOS DE ERESMA;;47075A;0;0
8;CASTILLA Y LEÓN;47;VALLADOLID;75;76;ISCAR;;47076A;0;0
8;CASTILLA Y LEÓN;47;VALLADOLID;76;77;LAGUNA DE DUERO;;47077A;0;0
8;CASTILLA Y LEÓN;47;VALLADOLID;77;78;LANGAYO;;47078A;0;0
8;CASTILLA Y LEÓN;47;VALLADOLID;78;79;LOMOVIEJO;;47079A;0;0
8;CASTILLA Y LEÓN;47;VALLADOLID;79;80;LLANO DE OLMEDO;;47080A;0;0
8;CASTILLA Y LEÓN;47;VALLADOLID;80;81;MANZANILLO;;47081A;0;0
8;CASTILLA Y LEÓN;47;VALLADOLID;81;82;MARZALES;;47082A;0;0
8;CASTILLA Y LEÓN;47;VALLADOLID;82;83;MATAPOZUELOS;;47083A;0;0
8;CASTILLA Y LEÓN;47;VALLADOLID;83;84;MATILLA DE LOS CAÑOS;;47084A;0;0
8;CASTILLA Y LEÓN;47;VALLADOLID;84;85;MAYORGA;;47085A;0;0
8;CASTILLA Y LEÓN;47;VALLADOLID;85;86;MEDINA DEL CAMPO;;47086A;0;0
8;CASTILLA Y LEÓN;47;VALLADOLID;86;87;MEDINA DE RIOSECO;;47087A;0;0
8;CASTILLA Y LEÓN;47;VALLADOLID;86;87;MEDINA DE RIOSECO;;47087B;0;1
8;CASTILLA Y LEÓN;47;VALLADOLID;87;88;MEGECES;;47088A;0;0
8;CASTILLA Y LEÓN;47;VALLADOLID;88;89;MELGAR DE ABAJO;;47089A;0;0
8;CASTILLA Y LEÓN;47;VALLADOLID;89;90;MELGAR DE ARRIBA;;47090A;0;0
8;CASTILLA Y LEÓN;47;VALLADOLID;90;91;MOJADOS;;47091A;0;0
8;CASTILLA Y LEÓN;47;VALLADOLID;91;92;MONASTERIO DE VEGA;;47092A;0;0
8;CASTILLA Y LEÓN;47;VALLADOLID;92;93;MONTEALEGRE DE CAMPOS;;47093A;0;0
8;CASTILLA Y LEÓN;47;VALLADOLID;93;94;MONTEMAYOR DE PILILLA;;47094A;0;0
8;CASTILLA Y LEÓN;47;VALLADOLID;94;95;MORAL DE LA REINA;;47095A;0;0
8;CASTILLA Y LEÓN;47;VALLADOLID;95;96;MORALEJA DE LAS PANADERAS;;47096A;0;0
8;CASTILLA Y LEÓN;47;VALLADOLID;96;97;MORALES DE CAMPOS;;47097A;0;0
8;CASTILLA Y LEÓN;47;VALLADOLID;97;98;MOTA DEL MARQUES;;47098A;0;0
8;CASTILLA Y LEÓN;47;VALLADOLID;98;99;MUCIENTES;;47099A;0;0
8;CASTILLA Y LEÓN;47;VALLADOLID;99;100;LA MUDARRA;;47100A;0;0
8;CASTILLA Y LEÓN;47;VALLADOLID;100;101;MURIEL DE ZAPARDIEL;;47101A;0;0
8;CASTILLA Y LEÓN;47;VALLADOLID;101;102;NAVA DEL REY;;47102A;0;0
8;CASTILLA Y LEÓN;47;VALLADOLID;102;103;NUEVA VILLA DE LAS TORRES;;47103A;0;0
8;CASTILLA Y LEÓN;47;VALLADOLID;103;104;OLIVARES DE DUERO;;47104A;0;0
8;CASTILLA Y LEÓN;47;VALLADOLID;104;105;OLMEDO;;47105A;0;0
8;CASTILLA Y LEÓN;47;VALLADOLID;105;106;OLMOS DE ESGUEVA;;47106A;0;0
8;CASTILLA Y LEÓN;47;VALLADOLID;106;107;OLMOS DE PEÑAFIEL;;47107A;0;0
8;CASTILLA Y LEÓN;47;VALLADOLID;109;110;PALAZUELO DE VEDIJA;;47110A;0;0
8;CASTILLA Y LEÓN;47;VALLADOLID;110;111;LA PARRILLA;;47111A;0;0
8;CASTILLA Y LEÓN;47;VALLADOLID;111;112;LA PEDRAJA DE PORTILLO;;47112A;0;0
8;CASTILLA Y LEÓN;47;VALLADOLID;112;113;PEDRAJAS DE SAN ESTEBAN;;47113A;0;0
8;CASTILLA Y LEÓN;47;VALLADOLID;113;114;PEDROSA DEL REY;;47114A;0;0
8;CASTILLA Y LEÓN;47;VALLADOLID;114;115;PEÑAFIEL;;47115A;0;0
8;CASTILLA Y LEÓN;47;VALLADOLID;115;116;PEÑAFLOR DE HORNIJA;;47116A;0;0
8;CASTILLA Y LEÓN;47;VALLADOLID;116;117;PESQUERA DE DUERO;;47117A;0;0
8;CASTILLA Y LEÓN;47;VALLADOLID;117;118;PIÑA DE ESGUEVA;;47118A;0;0
8;CASTILLA Y LEÓN;47;VALLADOLID;118;119;PIÑEL DE ABAJO;;47119A;0;0
8;CASTILLA Y LEÓN;47;VALLADOLID;119;120;PIÑEL DE ARRIBA;;47120A;0;0
8;CASTILLA Y LEÓN;47;VALLADOLID;121;122;POLLOS;;47122A;0;0
8;CASTILLA Y LEÓN;47;VALLADOLID;122;123;PORTILLO;;47123A;0;0
8;CASTILLA Y LEÓN;47;VALLADOLID;123;124;POZAL DE GALLINAS;;47124A;0;0
8;CASTILLA Y LEÓN;47;VALLADOLID;124;125;POZALDEZ;;47125A;0;0
8;CASTILLA Y LEÓN;47;VALLADOLID;125;126;POZUELO DE LA ORDEN;;47126A;0;0
8;CASTILLA Y LEÓN;47;VALLADOLID;126;127;PURAS;;47127A;0;0
8;CASTILLA Y LEÓN;47;VALLADOLID;127;128;QUINTANILLA DE ARRIBA;;47128A;0;0
8;CASTILLA Y LEÓN;47;VALLADOLID;128;129;QUINTANILLA DEL MOLAR;;47129A;0;0
8;CASTILLA Y LEÓN;47;VALLADOLID;129;130;QUINTANILLA DE ONESIMO;;47130A;0;0
8;CASTILLA Y LEÓN;47;VALLADOLID;130;131;QUINTANILLA DE TRIGUEROS;;47131A;0;0
8;CASTILLA Y LEÓN;47;VALLADOLID;131;132;RABANO;;47132A;0;0
8;CASTILLA Y LEÓN;47;VALLADOLID;132;133;RAMIRO;;47133A;0;0
8;CASTILLA Y LEÓN;47;VALLADOLID;133;134;RENEDO DE ESGUEVA;;47134A;0;0
8;CASTILLA Y LEÓN;47;VALLADOLID;134;135;ROALES DE CAMPOS;;47135A;0;0
8;CASTILLA Y LEÓN;47;VALLADOLID;135;136;ROBLADILLO;;47136A;0;0
8;CASTILLA Y LEÓN;47;VALLADOLID;137;138;ROTURAS;;47138A;0;0
8;CASTILLA Y LEÓN;47;VALLADOLID;138;139;RUBI DE BRACAMONTE;;47139A;0;0
8;CASTILLA Y LEÓN;47;VALLADOLID;139;140;RUEDA;;47140A;0;0
8;CASTILLA Y LEÓN;47;VALLADOLID;140;141;SAELICES DE MAYORGA;;47141A;0;0
8;CASTILLA Y LEÓN;47;VALLADOLID;141;142;SALVADOR DE ZAPARDIEL;;47142A;0;0
8;CASTILLA Y LEÓN;47;VALLADOLID;142;143;SAN CEBRIAN DE MAZOTE;;47143A;0;0
8;CASTILLA Y LEÓN;47;VALLADOLID;143;144;SAN LLORENTE DEL VALLE;;47144A;0;0
8;CASTILLA Y LEÓN;47;VALLADOLID;144;145;SAN MARTIN DE VALVENI;;47145A;0;0
8;CASTILLA Y LEÓN;47;VALLADOLID;145;146;SAN MIGUEL DEL ARROYO;;47146A;0;0
8;CASTILLA Y LEÓN;47;VALLADOLID;146;147;SAN MIGUEL DEL PINO;;47147A;0;0
8;CASTILLA Y LEÓN;47;VALLADOLID;147;148;SAN PABLO DE LA MORALEJA;;47148A;0;0
8;CASTILLA Y LEÓN;47;VALLADOLID;148;149;SAN PEDRO DE LATARCE;;47149A;0;0
8;CASTILLA Y LEÓN;47;VALLADOLID;149;150;SAN PELAYO;;47150A;0;0
8;CASTILLA Y LEÓN;47;VALLADOLID;150;151;SAN ROMAN DE HORNIJA;;47151A;0;0
8;CASTILLA Y LEÓN;47;VALLADOLID;151;152;SAN SALVADOR;;47152A;0;0
8;CASTILLA Y LEÓN;47;VALLADOLID;152;153;SANTA EUFEMIA DEL ARROYO;;47153A;0;0
8;CASTILLA Y LEÓN;47;VALLADOLID;153;154;SANTERVAS DE CAMPOS;;47154A;0;0
8;CASTILLA Y LEÓN;47;VALLADOLID;154;155;SANTIBAÑEZ DE VALCORBA;;47155A;0;0
8;CASTILLA Y LEÓN;47;VALLADOLID;155;156;SANTOVENIA DE PISUERGA;;47156A;0;0
8;CASTILLA Y LEÓN;47;VALLADOLID;156;157;SAN VICENTE DEL PALACIO;;47157A;0;0
8;CASTILLA Y LEÓN;47;VALLADOLID;157;158;SARDON DE DUERO;;47158A;0;0
8;CASTILLA Y LEÓN;47;VALLADOLID;158;159;LA SECA;;47159A;0;0
8;CASTILLA Y LEÓN;47;VALLADOLID;159;160;SERRADA;;47160A;0;0
8;CASTILLA Y LEÓN;47;VALLADOLID;160;161;SIETE IGLESIAS DE TRABANCOS;;47161A;0;0
8;CASTILLA Y LEÓN;47;VALLADOLID;161;162;SIMANCAS;;47162A;0;0
8;CASTILLA Y LEÓN;47;VALLADOLID;162;163;TAMARIZ DE CAMPOS;;47163A;0;0
8;CASTILLA Y LEÓN;47;VALLADOLID;163;164;TIEDRA;;47164A;0;0
8;CASTILLA Y LEÓN;47;VALLADOLID;164;165;TORDEHUMOS;;47165A;0;0
8;CASTILLA Y LEÓN;47;VALLADOLID;165;166;TORDESILLAS;;47166A;0;0
8;CASTILLA Y LEÓN;47;VALLADOLID;166;167;TORRECILLA DE LA ABADESA;;47167A;0;0
8;CASTILLA Y LEÓN;47;VALLADOLID;167;168;TORRECILLA DE LA ORDEN;;47168A;0;0
8;CASTILLA Y LEÓN;47;VALLADOLID;168;169;TORRECILLA DE LA TORRE;;47169A;0;0
8;CASTILLA Y LEÓN;47;VALLADOLID;169;170;TORRE DE ESGUEVA;;47170A;0;0
8;CASTILLA Y LEÓN;47;VALLADOLID;170;171;TORRE DE PEÑAFIEL;;47171A;0;0
8;CASTILLA Y LEÓN;47;VALLADOLID;171;172;TORRELOBATON;;47172A;0;0
8;CASTILLA Y LEÓN;47;VALLADOLID;172;173;TORRESCARCELA;;47173A;0;0
8;CASTILLA Y LEÓN;47;VALLADOLID;173;174;TRASPINEDO;;47174A;0;0
8;CASTILLA Y LEÓN;47;VALLADOLID;174;175;TRIGUEROS DEL VALLE;;47175A;0;0
8;CASTILLA Y LEÓN;47;VALLADOLID;175;176;TUDELA DE DUERO;;47176A;0;0
8;CASTILLA Y LEÓN;47;VALLADOLID;176;177;LA UNION DE CAMPOS;;47177A;0;0
8;CASTILLA Y LEÓN;47;VALLADOLID;177;178;URONES DE CASTROPONCE;;47178A;0;0
8;CASTILLA Y LEÓN;47;VALLADOLID;178;179;URUEÑA;;47179A;0;0
8;CASTILLA Y LEÓN;47;VALLADOLID;179;180;VALBUENA DE DUERO;;47180A;0;0
8;CASTILLA Y LEÓN;47;VALLADOLID;180;181;VALDEARCOS DE LA VEGA;;47181A;0;0
8;CASTILLA Y LEÓN;47;VALLADOLID;181;182;VALDENEBRO DE LOS VALLES;;47182A;0;0
8;CASTILLA Y LEÓN;47;VALLADOLID;182;183;VALDESTILLAS;;47183A;0;0
8;CASTILLA Y LEÓN;47;VALLADOLID;183;184;VALDUNQUILLO;;47184A;0;0
8;CASTILLA Y LEÓN;47;VALLADOLID;184;185;VALORIA LA BUENA;;47185A;0;0
8;CASTILLA Y LEÓN;47;VALLADOLID;185;186;VALVERDE DE CAMPOS;;47186A;0;0
8;CASTILLA Y LEÓN;47;VALLADOLID;186;900;VALLADOLID;;47900A;0;0
8;CASTILLA Y LEÓN;47;VALLADOLID;187;188;VEGA DE RUIPONCE;;47188A;0;0
8;CASTILLA Y LEÓN;47;VALLADOLID;188;189;VEGA DE VALDETRONCO;;47189A;0;0
8;CASTILLA Y LEÓN;47;VALLADOLID;189;190;VELASCALVARO;;47190A;0;0
8;CASTILLA Y LEÓN;47;VALLADOLID;190;191;VELILLA;;47191A;0;0
8;CASTILLA Y LEÓN;47;VALLADOLID;191;192;VELLIZA;;47192A;0;0
8;CASTILLA Y LEÓN;47;VALLADOLID;192;193;VENTOSA DE LA CUESTA;;47193A;0;0
8;CASTILLA Y LEÓN;47;VALLADOLID;193;194;VIANA DE CEGA;;47194A;0;0
8;CASTILLA Y LEÓN;47;VALLADOLID;194;195;VILORIA DEL HENAR;;47195A;0;0
8;CASTILLA Y LEÓN;47;VALLADOLID;195;196;VILLABAÑEZ;;47196A;0;0
8;CASTILLA Y LEÓN;47;VALLADOLID;196;197;VILLABARUZ DE CAMPOS;;47197A;0;0
8;CASTILLA Y LEÓN;47;VALLADOLID;197;198;VILLABRAGIMA;;47198A;0;0
8;CASTILLA Y LEÓN;47;VALLADOLID;198;199;VILLACARRALON;;47199A;0;0
8;CASTILLA Y LEÓN;47;VALLADOLID;199;200;VILLACID DE CAMPOS;;47200A;0;0
8;CASTILLA Y LEÓN;47;VALLADOLID;200;201;VILLACO;;47201A;0;0
8;CASTILLA Y LEÓN;47;VALLADOLID;203;204;VILLAFRADES DE CAMPOS;;47204A;0;0
8;CASTILLA Y LEÓN;47;VALLADOLID;204;205;VILLAFRANCA DE DUERO;;47205A;0;0
8;CASTILLA Y LEÓN;47;VALLADOLID;205;206;VILLAFRECHOS;;47206A;0;0
8;CASTILLA Y LEÓN;47;VALLADOLID;206;207;VILLAFUERTE DE ESGUEVA;;47207A;0;0
8;CASTILLA Y LEÓN;47;VALLADOLID;207;208;VILLAGARCIA DE CAMPOS;;47208A;0;0
8;CASTILLA Y LEÓN;47;VALLADOLID;208;209;VILLAGOMEZ LA NUEVA;;47209A;0;0
8;CASTILLA Y LEÓN;47;VALLADOLID;209;210;VILLALAN DE CAMPOS;;47210A;0;0
8;CASTILLA Y LEÓN;47;VALLADOLID;210;211;VILLALAR DE LOS COMUNEROS;;47211A;0;0
8;CASTILLA Y LEÓN;47;VALLADOLID;211;212;VILLALBA DE LA LOMA;;47212A;0;0
8;CASTILLA Y LEÓN;47;VALLADOLID;212;213;VILLALBA DE LOS ALCORES;;47213A;0;0
8;CASTILLA Y LEÓN;47;VALLADOLID;213;214;VILLALBARBA;;47214A;0;0
8;CASTILLA Y LEÓN;47;VALLADOLID;214;215;VILLALON DE CAMPOS;;47215A;0;0
8;CASTILLA Y LEÓN;47;VALLADOLID;215;216;VILLAMURIEL DE CAMPOS;;47216A;0;0
8;CASTILLA Y LEÓN;47;VALLADOLID;216;217;VILLAN DE TORDESILLAS;;47217A;0;0
8;CASTILLA Y LEÓN;47;VALLADOLID;217;218;VILLANUBLA;;47218A;0;0
8;CASTILLA Y LEÓN;47;VALLADOLID;218;219;VILLANUEVA DE DUERO;;47219A;0;0
8;CASTILLA Y LEÓN;47;VALLADOLID;219;220;VILLANUEVA DE LA CONDESA;;47220A;0;0
8;CASTILLA Y LEÓN;47;VALLADOLID;220;221;VILLANUEVA DE LOS CABALLEROS;;47221A;0;0
8;CASTILLA Y LEÓN;47;VALLADOLID;221;222;VILLANUEVA DE LOS INFANTES;;47222A;0;0
8;CASTILLA Y LEÓN;47;VALLADOLID;222;223;VILLANUEVA DE SAN MANCIO;;47223A;0;0
8;CASTILLA Y LEÓN;47;VALLADOLID;223;224;VILLARDEFRADES;;47224A;0;0
8;CASTILLA Y LEÓN;47;VALLADOLID;224;225;VILLARMENTERO DE ESGUEVA;;47225A;0;0
8;CASTILLA Y LEÓN;47;VALLADOLID;225;226;VILLASEXMIR;;47226A;0;0
8;CASTILLA Y LEÓN;47;VALLADOLID;226;227;VILLAVAQUERIN DE CERRATO;;47227A;0;0
8;CASTILLA Y LEÓN;47;VALLADOLID;227;228;VILLAVELLID;;47228A;0;0
8;CASTILLA Y LEÓN;47;VALLADOLID;228;229;VILLAVERDE DE MEDINA;;47229A;0;0
8;CASTILLA Y LEÓN;47;VALLADOLID;229;230;VILLAVICENCIO DE LOS CABALLERO;;47230A;0;0
8;CASTILLA Y LEÓN;47;VALLADOLID;230;231;WAMBA;;47231A;0;0
8;CASTILLA Y LEÓN;47;VALLADOLID;231;232;ZARATAN;;47232A;0;0
8;CASTILLA Y LEÓN;47;VALLADOLID;232;233;LA ZARZA;;47233A;0;0
8;CASTILLA Y LEÓN;49;ZAMORA;2;2;ABEZAMES;;49002A;0;0
8;CASTILLA Y LEÓN;49;ZAMORA;2;2;ABEZAMES;;49002B;0;1
8;CASTILLA Y LEÓN;49;ZAMORA;3;3;ALCAÑICES;;49003A;0;0
8;CASTILLA Y LEÓN;49;ZAMORA;4;4;ALCUBILLA DE NOGALES;;49004A;0;0
8;CASTILLA Y LEÓN;49;ZAMORA;5;5;ALFARAZ DE SAYAGO;;49005A;0;0
8;CASTILLA Y LEÓN;49;ZAMORA;6;6;ALGODRE;;49006A;0;0
8;CASTILLA Y LEÓN;49;ZAMORA;7;7;ALMARAZ DE DUERO;;49007A;0;0
8;CASTILLA Y LEÓN;49;ZAMORA;8;8;ALMEIDA DE SAYAGO;;49008A;0;0
8;CASTILLA Y LEÓN;49;ZAMORA;9;9;ANDAVIAS;;49009A;0;0
8;CASTILLA Y LEÓN;49;ZAMORA;9;9;ANDAVIAS;;49009B;0;1
8;CASTILLA Y LEÓN;49;ZAMORA;9;9;ANDAVIAS;;49009C;0;2
8;CASTILLA Y LEÓN;49;ZAMORA;9;9;ANDAVIAS;;49009D;0;3
8;CASTILLA Y LEÓN;49;ZAMORA;10;10;ARCENILLAS;;49010A;0;0
8;CASTILLA Y LEÓN;49;ZAMORA;10;10;ARCENILLAS;;49010B;0;1
8;CASTILLA Y LEÓN;49;ZAMORA;10;10;ARCENILLAS;;49010C;0;2
8;CASTILLA Y LEÓN;49;ZAMORA;10;10;ARCENILLAS;;49010D;0;3
8;CASTILLA Y LEÓN;49;ZAMORA;10;10;ARCENILLAS;;49010E;0;4
8;CASTILLA Y LEÓN;49;ZAMORA;10;10;ARCENILLAS;;49010G;0;6
8;CASTILLA Y LEÓN;49;ZAMORA;11;11;ARCOS DE LA POLVOROSA;;49011A;0;0
8;CASTILLA Y LEÓN;49;ZAMORA;11;11;ARCOS DE LA POLVOROSA;;49011B;0;1
8;CASTILLA Y LEÓN;49;ZAMORA;11;11;ARCOS DE LA POLVOROSA;;49011C;0;2
8;CASTILLA Y LEÓN;49;ZAMORA;12;12;ARGAÑIN;;49012A;0;0
8;CASTILLA Y LEÓN;49;ZAMORA;13;13;ARGUJILLO;;49013A;0;0
8;CASTILLA Y LEÓN;49;ZAMORA;14;15;ARQUILLINOS;;49015A;0;0
8;CASTILLA Y LEÓN;49;ZAMORA;15;16;ARRABALDE;;49016A;0;0
8;CASTILLA Y LEÓN;49;ZAMORA;16;17;ASPARIEGOS;;49017A;0;0
8;CASTILLA Y LEÓN;49;ZAMORA;17;18;ASTURIANOS;;49018A;0;0
8;CASTILLA Y LEÓN;49;ZAMORA;18;19;AYOO DE VIDRIALES;;49019A;0;0
8;CASTILLA Y LEÓN;49;ZAMORA;19;21;BARCIAL DEL BARCO;;49021A;0;0
8;CASTILLA Y LEÓN;49;ZAMORA;20;22;BELVER DE LOS MONTES;;49022A;0;0
8;CASTILLA Y LEÓN;49;ZAMORA;20;22;BELVER DE LOS MONTES;;49022B;0;1
8;CASTILLA Y LEÓN;49;ZAMORA;20;22;BELVER DE LOS MONTES;;49022C;0;2
8;CASTILLA Y LEÓN;49;ZAMORA;21;23;BENAVENTE;;49023A;0;0
8;CASTILLA Y LEÓN;49;ZAMORA;22;24;BENEGILES;;49024A;0;0
8;CASTILLA Y LEÓN;49;ZAMORA;23;26;BERMILLO DE SAYAGO;;49026A;0;0
8;CASTILLA Y LEÓN;49;ZAMORA;24;27;LA BOVEDA DE TORO;;49027A;0;0
8;CASTILLA Y LEÓN;49;ZAMORA;25;29;BRETO;;49029A;0;0
8;CASTILLA Y LEÓN;49;ZAMORA;26;30;BRETOCINO;;49030A;0;0
8;CASTILLA Y LEÓN;49;ZAMORA;27;31;BRIME DE SOG;;49031A;0;0
8;CASTILLA Y LEÓN;49;ZAMORA;27;31;BRIME DE SOG;;49031B;0;1
8;CASTILLA Y LEÓN;49;ZAMORA;27;31;BRIME DE SOG;;49031C;0;2
8;CASTILLA Y LEÓN;49;ZAMORA;28;32;BRIME DE URZ;;49032A;0;0
8;CASTILLA Y LEÓN;49;ZAMORA;29;33;BURGANES DE VALVERDE;;49033A;0;0
8;CASTILLA Y LEÓN;49;ZAMORA;30;34;BUSTILLO DEL ORO;;49034A;0;0
8;CASTILLA Y LEÓN;49;ZAMORA;31;35;CABAÑAS DE SAYAGO;;49035A;0;0
8;CASTILLA Y LEÓN;49;ZAMORA;32;36;CALZADILLA DE TERA;;49036A;0;0
8;CASTILLA Y LEÓN;49;ZAMORA;33;37;CAMARZANA DE TERA;;49037A;0;0
8;CASTILLA Y LEÓN;49;ZAMORA;34;38;CAÑIZAL;;49038A;0;0
8;CASTILLA Y LEÓN;49;ZAMORA;35;39;CAÑIZO;;49039A;0;0
8;CASTILLA Y LEÓN;49;ZAMORA;35;39;CAÑIZO;;49039B;0;1
8;CASTILLA Y LEÓN;49;ZAMORA;36;40;CARBAJALES DE ALBA;;49040A;0;0
8;CASTILLA Y LEÓN;49;ZAMORA;37;41;CARBELLINO;;49041A;0;0
8;CASTILLA Y LEÓN;49;ZAMORA;38;43;CASASECA DE CAMPEAN;;49043A;0;0
8;CASTILLA Y LEÓN;49;ZAMORA;39;44;CASASECA DE LAS CHANAS;;49044A;0;0
8;CASTILLA Y LEÓN;49;ZAMORA;39;44;CASASECA DE LAS CHANAS;;49044B;0;1
8;CASTILLA Y LEÓN;49;ZAMORA;39;44;CASASECA DE LAS CHANAS;;49044C;0;2
8;CASTILLA Y LEÓN;49;ZAMORA;39;44;CASASECA DE LAS CHANAS;;49044D;0;3
8;CASTILLA Y LEÓN;49;ZAMORA;39;44;CASASECA DE LAS CHANAS;;49044E;0;4
8;CASTILLA Y LEÓN;49;ZAMORA;39;44;CASASECA DE LAS CHANAS;;49044F;0;5
8;CASTILLA Y LEÓN;49;ZAMORA;39;44;CASASECA DE LAS CHANAS;;49044G;0;6
8;CASTILLA Y LEÓN;49;ZAMORA;39;44;CASASECA DE LAS CHANAS;;49044J;0;8
8;CASTILLA Y LEÓN;49;ZAMORA;39;44;CASASECA DE LAS CHANAS;;49044K;0;9
8;CASTILLA Y LEÓN;49;ZAMORA;39;44;CASASECA DE LAS CHANAS;;49044L;0;10
8;CASTILLA Y LEÓN;49;ZAMORA;40;45;CASTRILLO DE LA GUAREÑA;;49045A;0;0
8;CASTILLA Y LEÓN;49;ZAMORA;41;46;CASTROGONZALO;;49046A;0;0
8;CASTILLA Y LEÓN;49;ZAMORA;42;47;CASTRONUEVO;;49047A;0;0
8;CASTILLA Y LEÓN;49;ZAMORA;43;48;CASTROVERDE DE CAMPOS;;49048A;0;0
8;CASTILLA Y LEÓN;49;ZAMORA;44;49;CAZURRA;;49049A;0;0
8;CASTILLA Y LEÓN;49;ZAMORA;44;49;CAZURRA;;49049B;0;1
8;CASTILLA Y LEÓN;49;ZAMORA;44;49;CAZURRA;;49049C;0;2
8;CASTILLA Y LEÓN;49;ZAMORA;44;49;CAZURRA;;49049D;0;3
8;CASTILLA Y LEÓN;49;ZAMORA;44;49;CAZURRA;;49049E;0;4
8;CASTILLA Y LEÓN;49;ZAMORA;44;49;CAZURRA;;49049F;0;5
8;CASTILLA Y LEÓN;49;ZAMORA;44;49;CAZURRA;;49049G;0;6
8;CASTILLA Y LEÓN;49;ZAMORA;46;51;CERECINOS DE CAMPOS;;49051A;0;0
8;CASTILLA Y LEÓN;49;ZAMORA;47;52;CERECINOS DEL CARRIZAL;;49052A;0;0
8;CASTILLA Y LEÓN;49;ZAMORA;48;54;CERNADILLA;;49054A;0;0
8;CASTILLA Y LEÓN;49;ZAMORA;48;54;CERNADILLA;;49054B;0;1
8;CASTILLA Y LEÓN;49;ZAMORA;50;57;COBREROS;;49057A;0;0
8;CASTILLA Y LEÓN;49;ZAMORA;52;60;COOMONTE;;49060A;0;0
8;CASTILLA Y LEÓN;49;ZAMORA;53;61;CORESES;;49061A;0;0
8;CASTILLA Y LEÓN;49;ZAMORA;54;62;CORRALES DEL VINO;CORRALES*;49062A;0;0
8;CASTILLA Y LEÓN;49;ZAMORA;55;63;COTANES DEL MONTE;;49063A;0;0
8;CASTILLA Y LEÓN;49;ZAMORA;56;64;CUBILLOS;;49064A;0;0
8;CASTILLA Y LEÓN;49;ZAMORA;57;65;CUBO DE BENAVENTE;;49065A;0;0
8;CASTILLA Y LEÓN;49;ZAMORA;57;65;CUBO DE BENAVENTE;;49065B;0;1
8;CASTILLA Y LEÓN;49;ZAMORA;57;65;CUBO DE BENAVENTE;;49065C;0;2
8;CASTILLA Y LEÓN;49;ZAMORA;57;65;CUBO DE BENAVENTE;;49065D;0;3
8;CASTILLA Y LEÓN;49;ZAMORA;57;65;CUBO DE BENAVENTE;;49065E;0;4
8;CASTILLA Y LEÓN;49;ZAMORA;58;66;EL CUBO DE TIERRA DEL VINO;;49066A;0;0
8;CASTILLA Y LEÓN;49;ZAMORA;59;67;CUELGAMURES;;49067A;0;0
8;CASTILLA Y LEÓN;49;ZAMORA;61;70;ENTRALA;;49070A;0;0
8;CASTILLA Y LEÓN;49;ZAMORA;62;72;ESPADAÑEDO;;49072A;0;0
8;CASTILLA Y LEÓN;49;ZAMORA;63;74;FARAMONTANOS DE TABARA;;49074A;0;0
8;CASTILLA Y LEÓN;49;ZAMORA;64;75;FARIZA;;49075A;0;0
8;CASTILLA Y LEÓN;49;ZAMORA;65;76;FERMOSELLE;;49076A;0;0
8;CASTILLA Y LEÓN;49;ZAMORA;66;77;FERRERAS DE ABAJO;;49077A;0;0
8;CASTILLA Y LEÓN;49;ZAMORA;67;78;FERRERAS DE ARRIBA;;49078A;0;0
8;CASTILLA Y LEÓN;49;ZAMORA;68;79;FERRERUELA;;49079A;0;0
8;CASTILLA Y LEÓN;49;ZAMORA;69;81;FIGUERUELA DE ARRIBA;;49081A;0;0
8;CASTILLA Y LEÓN;49;ZAMORA;71;83;FONFRIA;;49083A;0;0
8;CASTILLA Y LEÓN;49;ZAMORA;75;87;FRESNO DE LA POLVOROSA;;49087A;0;0
8;CASTILLA Y LEÓN;49;ZAMORA;76;88;FRESNO DE LA RIBERA;;49088A;0;0
8;CASTILLA Y LEÓN;49;ZAMORA;77;89;FRESNO DE SAYAGO;;49089A;0;0
8;CASTILLA Y LEÓN;49;ZAMORA;78;90;FRIERA DE VALVERDE;;49090A;0;0
8;CASTILLA Y LEÓN;49;ZAMORA;79;92;FUENTE ENCALADA;;49092A;0;0
8;CASTILLA Y LEÓN;49;ZAMORA;80;93;FUENTELAPEÑA;;49093A;0;0
8;CASTILLA Y LEÓN;49;ZAMORA;81;94;FUENTESAUCO;;49094A;0;0
8;CASTILLA Y LEÓN;49;ZAMORA;82;95;FUENTES DE ROPEL;;49095A;0;0
8;CASTILLA Y LEÓN;49;ZAMORA;83;96;FUENTESECAS;;49096A;0;0
8;CASTILLA Y LEÓN;49;ZAMORA;84;97;FUENTESPREADAS;;49097A;0;0
8;CASTILLA Y LEÓN;49;ZAMORA;85;98;GALENDE;;49098A;0;0
8;CASTILLA Y LEÓN;49;ZAMORA;86;99;GALLEGOS DEL PAN;;49099A;0;0
8;CASTILLA Y LEÓN;49;ZAMORA;87;100;GALLEGOS DEL RIO;;49100A;0;0
8;CASTILLA Y LEÓN;49;ZAMORA;88;101;GAMONES;;49101A;0;0
8;CASTILLA Y LEÓN;49;ZAMORA;90;103;GEMA;;49103A;0;0
8;CASTILLA Y LEÓN;49;ZAMORA;91;104;GRANJA DE MORERUELA;;49104A;0;0
8;CASTILLA Y LEÓN;49;ZAMORA;92;105;GRANUCILLO;;49105A;0;0
8;CASTILLA Y LEÓN;49;ZAMORA;93;106;GUARRATE;;49106A;0;0
8;CASTILLA Y LEÓN;49;ZAMORA;94;107;HERMISENDE;;49107A;0;0
8;CASTILLA Y LEÓN;49;ZAMORA;95;108;LA HINIESTA;;49108A;0;0
8;CASTILLA Y LEÓN;49;ZAMORA;96;109;JAMBRINA;;49109A;0;0
8;CASTILLA Y LEÓN;49;ZAMORA;97;110;JUSTEL;;49110A;0;0
8;CASTILLA Y LEÓN;49;ZAMORA;98;111;LOSACINO;;49111A;0;0
8;CASTILLA Y LEÓN;49;ZAMORA;99;112;LOSACIO;;49112A;0;0
8;CASTILLA Y LEÓN;49;ZAMORA;100;113;LUBIAN;;49113A;0;0
8;CASTILLA Y LEÓN;49;ZAMORA;101;114;LUELMO;;49114A;0;0
8;CASTILLA Y LEÓN;49;ZAMORA;102;115;EL MADERAL;;49115A;0;0
8;CASTILLA Y LEÓN;49;ZAMORA;103;116;MADRIDANOS;;49116A;0;0
8;CASTILLA Y LEÓN;49;ZAMORA;104;117;MAHIDE;;49117A;0;0
8;CASTILLA Y LEÓN;49;ZAMORA;105;118;MAIRE DE CASTROPONCE;;49118A;0;0
8;CASTILLA Y LEÓN;49;ZAMORA;107;120;MALVA;;49120A;0;0
8;CASTILLA Y LEÓN;49;ZAMORA;107;120;MALVA;;49120B;0;1
8;CASTILLA Y LEÓN;49;ZAMORA;107;120;MALVA;;49120C;0;2
8;CASTILLA Y LEÓN;49;ZAMORA;107;120;MALVA;;49120D;0;3
8;CASTILLA Y LEÓN;49;ZAMORA;108;121;MANGANESES DE LA LAMPREANA;;49121A;0;0
8;CASTILLA Y LEÓN;49;ZAMORA;109;122;MANGANESES DE LA POLVOROSA;;49122A;0;0
8;CASTILLA Y LEÓN;49;ZAMORA;110;123;MANZANAL DE ARRIBA;;49123A;0;0
8;CASTILLA Y LEÓN;49;ZAMORA;111;124;MANZANAL DEL BARCO;;49124A;0;0
8;CASTILLA Y LEÓN;49;ZAMORA;112;125;MANZANAL DE LOS INFANTES;;49125A;0;0
8;CASTILLA Y LEÓN;49;ZAMORA;113;126;MATILLA DE ARZON;;49126A;0;0
8;CASTILLA Y LEÓN;49;ZAMORA;114;127;MATILLA LA SECA;;49127A;0;0
8;CASTILLA Y LEÓN;49;ZAMORA;115;128;MAYALDE;;49128A;0;0
8;CASTILLA Y LEÓN;49;ZAMORA;116;129;MELGAR DE TERA;;49129A;0;0
8;CASTILLA Y LEÓN;49;ZAMORA;117;130;MICERECES DE TERA;;49130A;0;0
8;CASTILLA Y LEÓN;49;ZAMORA;118;131;MILLES DE LA POLVOROSA;;49131A;0;0
8;CASTILLA Y LEÓN;49;ZAMORA;118;131;MILLES DE LA POLVOROSA;;49131B;0;1
8;CASTILLA Y LEÓN;49;ZAMORA;118;131;MILLES DE LA POLVOROSA;;49131C;0;2
8;CASTILLA Y LEÓN;49;ZAMORA;118;131;MILLES DE LA POLVOROSA;;49131D;0;3
8;CASTILLA Y LEÓN;49;ZAMORA;119;133;MOLACILLOS;;49133A;0;0
8;CASTILLA Y LEÓN;49;ZAMORA;120;134;MOLEZUELAS DE LA CARBALLEDA;;49134A;0;0
8;CASTILLA Y LEÓN;49;ZAMORA;121;135;MOMBUEY;;49135A;0;0
8;CASTILLA Y LEÓN;49;ZAMORA;122;136;MONFARRACINOS;;49136A;0;0
8;CASTILLA Y LEÓN;49;ZAMORA;123;137;MONTAMARTA;;49137A;0;0
8;CASTILLA Y LEÓN;49;ZAMORA;123;137;MONTAMARTA;;49137B;0;1
8;CASTILLA Y LEÓN;49;ZAMORA;123;137;MONTAMARTA;;49137C;0;2
8;CASTILLA Y LEÓN;49;ZAMORA;123;137;MONTAMARTA;;49137D;0;3
8;CASTILLA Y LEÓN;49;ZAMORA;123;137;MONTAMARTA;;49137E;0;4
8;CASTILLA Y LEÓN;49;ZAMORA;124;138;MORAL DE SAYAGO;;49138A;0;0
8;CASTILLA Y LEÓN;49;ZAMORA;125;139;MORALEJA DEL VINO;;49139A;0;0
8;CASTILLA Y LEÓN;49;ZAMORA;126;140;MORALEJA DE SAYAGO;;49140A;0;0
8;CASTILLA Y LEÓN;49;ZAMORA;127;141;MORALES DEL VINO;;49141A;0;0
8;CASTILLA Y LEÓN;49;ZAMORA;128;142;MORALES DE REY;;49142A;0;0
8;CASTILLA Y LEÓN;49;ZAMORA;129;143;MORALES DE TORO;;49143A;0;0
8;CASTILLA Y LEÓN;49;ZAMORA;130;144;MORALES DE VALVERDE;;49144A;0;0
8;CASTILLA Y LEÓN;49;ZAMORA;131;145;MORALINA;;49145A;0;0
8;CASTILLA Y LEÓN;49;ZAMORA;132;146;MORERUELA DE LOS INFANZONES;;49146A;0;0
8;CASTILLA Y LEÓN;49;ZAMORA;133;147;MORERUELA DE TABARA;;49147A;0;0
8;CASTILLA Y LEÓN;49;ZAMORA;134;148;MUELAS DE LOS CABALLEROS;;49148A;0;0
8;CASTILLA Y LEÓN;49;ZAMORA;135;149;MUELAS DEL PAN;;49149A;0;0
8;CASTILLA Y LEÓN;49;ZAMORA;136;150;MUGA DE SAYAGO;;49150A;0;0
8;CASTILLA Y LEÓN;49;ZAMORA;137;151;NAVIANOS DE VALVERDE;;49151A;0;0
8;CASTILLA Y LEÓN;49;ZAMORA;138;152;OLMILLOS DE CASTRO;;49152A;0;0
8;CASTILLA Y LEÓN;49;ZAMORA;139;153;OTERO DE BODAS;;49153A;0;0
8;CASTILLA Y LEÓN;49;ZAMORA;139;153;OTERO DE BODAS;;49153B;0;1
8;CASTILLA Y LEÓN;49;ZAMORA;139;153;OTERO DE BODAS;;49153C;0;2
8;CASTILLA Y LEÓN;49;ZAMORA;139;153;OTERO DE BODAS;;49153D;0;3
8;CASTILLA Y LEÓN;49;ZAMORA;139;153;OTERO DE BODAS;;49153E;0;4
8;CASTILLA Y LEÓN;49;ZAMORA;139;153;OTERO DE BODAS;;49153F;0;5
8;CASTILLA Y LEÓN;49;ZAMORA;141;156;PAJARES DE LA LAMPREANA;;49156A;0;0
8;CASTILLA Y LEÓN;49;ZAMORA;141;156;PAJARES DE LA LAMPREANA;;49156B;0;1
8;CASTILLA Y LEÓN;49;ZAMORA;142;157;PALACIOS DEL PAN;;49157A;0;0
8;CASTILLA Y LEÓN;49;ZAMORA;143;158;PALACIOS DE SANABRIA;;49158A;0;0
8;CASTILLA Y LEÓN;49;ZAMORA;145;160;PEDRALBA DE LA PRADERIA;;49160A;0;0
8;CASTILLA Y LEÓN;49;ZAMORA;146;161;EL PEGO;;49161A;0;0
8;CASTILLA Y LEÓN;49;ZAMORA;147;162;PELEAGONZALO;;49162A;0;0
8;CASTILLA Y LEÓN;49;ZAMORA;147;162;PELEAGONZALO;;49162B;0;1
8;CASTILLA Y LEÓN;49;ZAMORA;147;162;PELEAGONZALO;;49162C;0;2
8;CASTILLA Y LEÓN;49;ZAMORA;147;162;PELEAGONZALO;;49162D;0;3
8;CASTILLA Y LEÓN;49;ZAMORA;148;163;PELEAS DE ABAJO;;49163A;0;0
8;CASTILLA Y LEÓN;49;ZAMORA;149;165;PEÑAUSENDE;;49165A;0;0
8;CASTILLA Y LEÓN;49;ZAMORA;150;166;PEQUE;;49166A;0;0
8;CASTILLA Y LEÓN;49;ZAMORA;151;167;EL PERDIGON;;49167A;0;0
8;CASTILLA Y LEÓN;49;ZAMORA;151;167;EL PERDIGON;;49167B;0;1
8;CASTILLA Y LEÓN;49;ZAMORA;151;167;EL PERDIGON;;49167C;0;2
8;CASTILLA Y LEÓN;49;ZAMORA;151;167;EL PERDIGON;;49167D;0;3
8;CASTILLA Y LEÓN;49;ZAMORA;152;168;PERERUELA;;49168A;0;0
8;CASTILLA Y LEÓN;49;ZAMORA;153;169;PERILLA DE CASTRO;;49169A;0;0
8;CASTILLA Y LEÓN;49;ZAMORA;154;170;PIAS;;49170A;0;0
8;CASTILLA Y LEÓN;49;ZAMORA;155;171;PIEDRAHITA DE CASTRO;;49171A;0;0
8;CASTILLA Y LEÓN;49;ZAMORA;156;172;PINILLA DE TORO;;49172A;0;0
8;CASTILLA Y LEÓN;49;ZAMORA;157;173;PINO DEL ORO;;49173A;0;0
8;CASTILLA Y LEÓN;49;ZAMORA;158;174;EL PIÑERO;;49174A;0;0
8;CASTILLA Y LEÓN;49;ZAMORA;159;176;POBLADURA DEL VALLE;;49176A;0;0
8;CASTILLA Y LEÓN;49;ZAMORA;160;177;POBLADURA DE VALDERADUEY;;49177A;0;0
8;CASTILLA Y LEÓN;49;ZAMORA;162;179;PORTO;;49179A;0;0
8;CASTILLA Y LEÓN;49;ZAMORA;163;180;POZOANTIGUO;;49180A;0;0
8;CASTILLA Y LEÓN;49;ZAMORA;164;181;POZUELO DE TABARA;;49181A;0;0
8;CASTILLA Y LEÓN;49;ZAMORA;165;183;PRADO;;49183A;0;1
8;CASTILLA Y LEÓN;49;ZAMORA;166;184;PUEBLA DE SANABRIA;;49184A;0;0
8;CASTILLA Y LEÓN;49;ZAMORA;167;185;PUEBLICA DE VALVERDE;;49185A;0;0
8;CASTILLA Y LEÓN;49;ZAMORA;168;186;QUINTANILLA DEL MONTE;;49186A;0;0
8;CASTILLA Y LEÓN;49;ZAMORA;169;187;QUINTANILLA DEL OLMO;;49187A;0;0
8;CASTILLA Y LEÓN;49;ZAMORA;170;188;QUINTANILLA DE URZ;;49188A;0;0
8;CASTILLA Y LEÓN;49;ZAMORA;170;188;QUINTANILLA DE URZ;;49188B;0;1
8;CASTILLA Y LEÓN;49;ZAMORA;170;188;QUINTANILLA DE URZ;;49188C;0;2
8;CASTILLA Y LEÓN;49;ZAMORA;171;189;QUIRUELAS DE VIDRIALES;;49189A;0;0
8;CASTILLA Y LEÓN;49;ZAMORA;172;190;RABANALES;;49190A;0;0
8;CASTILLA Y LEÓN;49;ZAMORA;173;191;RABANO DE ALISTE;;49191A;0;0
8;CASTILLA Y LEÓN;49;ZAMORA;174;192;REQUEJO;;49192A;0;0
8;CASTILLA Y LEÓN;49;ZAMORA;175;193;REVELLINOS;;49193A;0;1
8;CASTILLA Y LEÓN;49;ZAMORA;176;196;RIOFRIO DE ALISTE;;49196A;0;0
8;CASTILLA Y LEÓN;49;ZAMORA;177;197;RIONEGRO DEL PUENTE;;49197A;0;0
8;CASTILLA Y LEÓN;49;ZAMORA;178;198;ROALES;;49198A;0;0
8;CASTILLA Y LEÓN;49;ZAMORA;179;199;ROBLEDA-CERVANTES;;49199A;0;0
8;CASTILLA Y LEÓN;49;ZAMORA;180;200;ROELOS DE SAYAGO;;49200A;0;0
8;CASTILLA Y LEÓN;49;ZAMORA;181;201;ROSINOS DE LA REQUEJADA;;49201A;0;0
8;CASTILLA Y LEÓN;49;ZAMORA;183;203;SALCE;;49203A;0;0
8;CASTILLA Y LEÓN;49;ZAMORA;184;204;SAMIR DE LOS CAÑOS;;49204A;0;0
8;CASTILLA Y LEÓN;49;ZAMORA;185;205;SAN AGUSTIN DEL POZO;;49205A;0;1
8;CASTILLA Y LEÓN;49;ZAMORA;186;206;SAN CEBRIAN DE CASTRO;;49206A;0;0
8;CASTILLA Y LEÓN;49;ZAMORA;187;208;SAN CRISTOBAL DE ENTREVIÑAS;;49208A;0;0
8;CASTILLA Y LEÓN;49;ZAMORA;188;209;SAN ESTEBAN DEL MOLAR;;49209A;0;0
8;CASTILLA Y LEÓN;49;ZAMORA;189;210;SAN JUSTO;;49210A;0;0
8;CASTILLA Y LEÓN;49;ZAMORA;190;212;SAN MARTIN DE VALDERADUEY;;49212A;0;0
8;CASTILLA Y LEÓN;49;ZAMORA;191;213;SAN MIGUEL DE LA RIBERA;;49213A;0;0
8;CASTILLA Y LEÓN;49;ZAMORA;192;214;SAN MIGUEL DEL VALLE;;49214A;0;0
8;CASTILLA Y LEÓN;49;ZAMORA;193;215;SAN PEDRO DE CEQUE;;49215A;0;0
8;CASTILLA Y LEÓN;49;ZAMORA;194;216;SAN PEDRO DE LA NAVE-ALMENDRA;;49216A;0;0
8;CASTILLA Y LEÓN;49;ZAMORA;197;220;SANTA CLARA DE AVEDILLO;;49220A;0;0
8;CASTILLA Y LEÓN;49;ZAMORA;199;222;SANTA COLOMBA DE LAS MONJAS;;49222A;0;0
8;CASTILLA Y LEÓN;49;ZAMORA;200;223;SANTA CRISTINA DE LA POLVOROSA;;49223A;0;0
8;CASTILLA Y LEÓN;49;ZAMORA;201;224;SANTA CROYA DE TERA;;49224A;0;0
8;CASTILLA Y LEÓN;49;ZAMORA;202;225;SANTA EUFEMIA DEL BARCO;;49225A;0;0
8;CASTILLA Y LEÓN;49;ZAMORA;203;226;SANTA MARIA DE LA VEGA;;49226A;0;0
8;CASTILLA Y LEÓN;49;ZAMORA;204;227;SANTA MARIA DE VALVERDE;;49227A;0;0
8;CASTILLA Y LEÓN;49;ZAMORA;205;228;SANTIBAÑEZ DE TERA;;49228A;0;0
8;CASTILLA Y LEÓN;49;ZAMORA;206;229;SANTIBAÑEZ DE VIDRIALES;;49229A;0;0
8;CASTILLA Y LEÓN;49;ZAMORA;207;230;SANTOVENIA;;49230A;0;0
8;CASTILLA Y LEÓN;49;ZAMORA;208;231;SAN VICENTE DE LA CABEZA;;49231A;0;0
8;CASTILLA Y LEÓN;49;ZAMORA;209;232;SAN VITERO;;49232A;0;0
8;CASTILLA Y LEÓN;49;ZAMORA;210;233;SANZOLES;;49233A;0;0
8;CASTILLA Y LEÓN;49;ZAMORA;214;237;TABARA;;49237A;0;0
8;CASTILLA Y LEÓN;49;ZAMORA;214;237;TABARA;;49237B;0;1
8;CASTILLA Y LEÓN;49;ZAMORA;214;237;TABARA;;49237C;0;2
8;CASTILLA Y LEÓN;49;ZAMORA;214;237;TABARA;;49237D;0;3
8;CASTILLA Y LEÓN;49;ZAMORA;216;240;TAPIOLES;;49240A;0;0
8;CASTILLA Y LEÓN;49;ZAMORA;219;244;TORO;;49244A;0;0
8;CASTILLA Y LEÓN;49;ZAMORA;220;245;LA TORRE DEL VALLE;;49245A;0;0
8;CASTILLA Y LEÓN;49;ZAMORA;221;247;TORREGAMONES;;49247A;0;0
8;CASTILLA Y LEÓN;49;ZAMORA;222;248;TORRES DEL CARRIZAL;;49248A;0;0
8;CASTILLA Y LEÓN;49;ZAMORA;223;249;TRABAZOS;;49249A;0;0
8;CASTILLA Y LEÓN;49;ZAMORA;224;250;TREFACIO;;49250A;0;0
8;CASTILLA Y LEÓN;49;ZAMORA;225;253;UÑA DE QUINTANA;;49253A;0;0
8;CASTILLA Y LEÓN;49;ZAMORA;226;254;VADILLO DE LA GUARE/A;;49254A;0;0
8;CASTILLA Y LEÓN;49;ZAMORA;227;255;VALCABADO;;49255A;0;0
8;CASTILLA Y LEÓN;49;ZAMORA;228;256;VALDEFINJAS;;49256A;0;0
8;CASTILLA Y LEÓN;49;ZAMORA;229;257;VALDESCORRIEL;;49257A;0;0
8;CASTILLA Y LEÓN;49;ZAMORA;230;259;VALLESA DE LA GUAREÑA;;49259A;0;0
8;CASTILLA Y LEÓN;49;ZAMORA;231;260;VEGA DE TERA;;49260A;0;0
8;CASTILLA Y LEÓN;49;ZAMORA;232;261;VEGA DE VILLALOBOS;;49261A;0;0
8;CASTILLA Y LEÓN;49;ZAMORA;233;262;VEGALATRAVE;;49262A;0;0
8;CASTILLA Y LEÓN;49;ZAMORA;234;263;VENIALBO;;49263A;0;0
8;CASTILLA Y LEÓN;49;ZAMORA;235;264;VEZDEMARBAN;;49264A;0;0
8;CASTILLA Y LEÓN;49;ZAMORA;236;265;VIDAYANES;;49265A;0;1
8;CASTILLA Y LEÓN;49;ZAMORA;237;266;VIDEMALA;;49266A;0;0
8;CASTILLA Y LEÓN;49;ZAMORA;238;267;VILLABRAZARO;;49267A;0;0
8;CASTILLA Y LEÓN;49;ZAMORA;239;268;VILLABUENA DEL PUENTE;;49268A;0;0
8;CASTILLA Y LEÓN;49;ZAMORA;240;269;VILLADEPERA;;49269A;0;0
8;CASTILLA Y LEÓN;49;ZAMORA;241;270;VILLAESCUSA;;49270A;0;0
8;CASTILLA Y LEÓN;49;ZAMORA;242;271;VILLAFAFILA;;49271A;0;1
8;CASTILLA Y LEÓN;49;ZAMORA;243;272;VILLAFERRUEÑA;;49272A;0;0
8;CASTILLA Y LEÓN;49;ZAMORA;244;273;VILLAGERIZ;;49273A;0;0
8;CASTILLA Y LEÓN;49;ZAMORA;244;273;VILLAGERIZ;;49273B;0;1
8;CASTILLA Y LEÓN;49;ZAMORA;244;273;VILLAGERIZ;;49273C;0;2
8;CASTILLA Y LEÓN;49;ZAMORA;245;274;VILLALAZAN;;49274A;0;0
8;CASTILLA Y LEÓN;49;ZAMORA;245;274;VILLALAZAN;;49274B;0;1
8;CASTILLA Y LEÓN;49;ZAMORA;245;274;VILLALAZAN;;49274C;0;2
8;CASTILLA Y LEÓN;49;ZAMORA;245;274;VILLALAZAN;;49274D;0;3
8;CASTILLA Y LEÓN;49;ZAMORA;245;274;VILLALAZAN;;49274E;0;4
8;CASTILLA Y LEÓN;49;ZAMORA;246;275;VILLALBA DE LA LAMPREANA;;49275A;0;0
8;CASTILLA Y LEÓN;49;ZAMORA;246;275;VILLALBA DE LA LAMPREANA;;49275B;0;1
8;CASTILLA Y LEÓN;49;ZAMORA;247;276;VILLALCAMPO;;49276A;0;0
8;CASTILLA Y LEÓN;49;ZAMORA;248;277;VILLALOBOS;;49277A;0;0
8;CASTILLA Y LEÓN;49;ZAMORA;249;278;VILLALONSO;;49278A;0;0
8;CASTILLA Y LEÓN;49;ZAMORA;250;279;VILLALPANDO;;49279A;0;0
8;CASTILLA Y LEÓN;49;ZAMORA;251;280;VILLALUBE;;49280A;0;0
8;CASTILLA Y LEÓN;49;ZAMORA;251;280;VILLALUBE;;49280B;0;1
8;CASTILLA Y LEÓN;49;ZAMORA;251;280;VILLALUBE;;49280C;0;2
8;CASTILLA Y LEÓN;49;ZAMORA;251;280;VILLALUBE;;49280D;0;3
8;CASTILLA Y LEÓN;49;ZAMORA;252;281;VILLAMAYOR DE CAMPOS;;49281B;0;1
8;CASTILLA Y LEÓN;49;ZAMORA;255;284;VILLAMOR DE LOS ESCUDEROS;;49284A;0;0
8;CASTILLA Y LEÓN;49;ZAMORA;256;285;VILLANAZAR;;49285A;0;0
8;CASTILLA Y LEÓN;49;ZAMORA;257;286;VILLANUEVA DE AZOAGUE;;49286A;0;0
8;CASTILLA Y LEÓN;49;ZAMORA;258;287;VILLANUEVA DE CAMPEAN;;49287A;0;0
8;CASTILLA Y LEÓN;49;ZAMORA;259;288;VILLANUEVA DE LAS PERAS;;49288A;0;0
8;CASTILLA Y LEÓN;49;ZAMORA;260;289;VILLANUEVA DEL CAMPO;;49289A;0;0
8;CASTILLA Y LEÓN;49;ZAMORA;261;290;VILLARALBO;;49290A;0;0
8;CASTILLA Y LEÓN;49;ZAMORA;261;290;VILLARALBO;;49290B;0;1
8;CASTILLA Y LEÓN;49;ZAMORA;261;290;VILLARALBO;;49290C;0;2
8;CASTILLA Y LEÓN;49;ZAMORA;261;290;VILLARALBO;;49290D;0;3
8;CASTILLA Y LEÓN;49;ZAMORA;261;290;VILLARALBO;;49290E;0;4
8;CASTILLA Y LEÓN;49;ZAMORA;262;291;VILLARDECIERVOS;;49291A;0;0
8;CASTILLA Y LEÓN;49;ZAMORA;263;292;VILLAR DE FALLAVES;;49292A;0;0
8;CASTILLA Y LEÓN;49;ZAMORA;263;292;VILLAR DE FALLAVES;;49292B;0;1
8;CASTILLA Y LEÓN;49;ZAMORA;264;293;VILLAR DEL BUEY;;49293A;0;0
8;CASTILLA Y LEÓN;49;ZAMORA;265;294;VILLARDIEGUA DE LA RIBERA;;49294A;0;0
8;CASTILLA Y LEÓN;49;ZAMORA;266;295;VILLARDIGA;;49295A;0;0
8;CASTILLA Y LEÓN;49;ZAMORA;266;295;VILLARDIGA;;49295B;0;1
8;CASTILLA Y LEÓN;49;ZAMORA;266;295;VILLARDIGA;;49295C;0;2
8;CASTILLA Y LEÓN;49;ZAMORA;267;296;VILLARDONDIEGO;;49296A;0;0
8;CASTILLA Y LEÓN;49;ZAMORA;267;296;VILLARDONDIEGO;;49296B;0;1
8;CASTILLA Y LEÓN;49;ZAMORA;267;296;VILLARDONDIEGO;;49296C;0;2
8;CASTILLA Y LEÓN;49;ZAMORA;267;296;VILLARDONDIEGO;;49296D;0;4
8;CASTILLA Y LEÓN;49;ZAMORA;268;297;VILLARRIN DE CAMPOS;;49297A;0;1
8;CASTILLA Y LEÓN;49;ZAMORA;269;298;VILLASECO DEL PAN;;49298A;0;0
8;CASTILLA Y LEÓN;49;ZAMORA;270;299;VILLAVENDIMIO;;49299A;0;0
8;CASTILLA Y LEÓN;49;ZAMORA;271;300;VILLAVEZA DEL AGUA;;49300A;0;0
8;CASTILLA Y LEÓN;49;ZAMORA;272;301;VILLAVEZA DE VALVERDE;;49301A;0;0
8;CASTILLA Y LEÓN;49;ZAMORA;273;302;VIÑAS;;49302A;0;0
8;CASTILLA Y LEÓN;49;ZAMORA;275;900;ZAMORA;;49900A;0;0
9;CATALUÑA;8;BARCELONA;1;1;ABRERA;;08001A;0;0
9;CATALUÑA;8;BARCELONA;2;2;AGUILAR DE SEGARRA;;08002A;0;0
9;CATALUÑA;8;BARCELONA;3;3;ALELLA;;08003A;0;0
9;CATALUÑA;8;BARCELONA;4;4;ALPENS;;08004A;0;0
9;CATALUÑA;8;BARCELONA;5;5;L' AMETLLA DEL VALLES;;08005A;0;0
9;CATALUÑA;8;BARCELONA;6;6;ARENYS DE MAR;;08006A;0;0
9;CATALUÑA;8;BARCELONA;7;7;ARENYS DE MUNT;;08007A;0;0
9;CATALUÑA;8;BARCELONA;8;8;ARGENÇOLA;;08008A;0;0
9;CATALUÑA;8;BARCELONA;9;9;ARGENTONA;;08009A;0;0
9;CATALUÑA;8;BARCELONA;10;10;ARTES;;08010A;0;0
9;CATALUÑA;8;BARCELONA;11;11;AVIA;;08011A;0;0
9;CATALUÑA;8;BARCELONA;12;12;AVINYO;;08012A;0;0
9;CATALUÑA;8;BARCELONA;13;13;AVINYONET DEL PENEDES;;08013A;0;0
9;CATALUÑA;8;BARCELONA;14;14;AIGUAFREDA;;08014A;0;0
9;CATALUÑA;8;BARCELONA;15;15;BADALONA;;08015A;0;0
9;CATALUÑA;8;BARCELONA;16;16;BAGA;;08016A;0;0
9;CATALUÑA;8;BARCELONA;17;17;BALENYA;;08017A;0;0
9;CATALUÑA;8;BARCELONA;18;18;BALSARENY;;08018A;0;0
9;CATALUÑA;8;BARCELONA;19;900;BARCELONA;;08900A;0;0
9;CATALUÑA;8;BARCELONA;20;20;BEGUES;;08020A;0;0
9;CATALUÑA;8;BARCELONA;21;21;BELLPRAT;;08021A;0;0
9;CATALUÑA;8;BARCELONA;22;22;BERGA;;08022A;0;0
9;CATALUÑA;8;BARCELONA;23;23;BIGUES I RIELLS;;08023A;0;0
9;CATALUÑA;8;BARCELONA;24;24;BORREDA;;08024A;0;0
9;CATALUÑA;8;BARCELONA;25;25;EL BRUC;;08025A;0;0
9;CATALUÑA;8;BARCELONA;26;26;EL BRULL;;08026A;0;0
9;CATALUÑA;8;BARCELONA;27;27;LES CABANYES;;08027A;0;0
9;CATALUÑA;8;BARCELONA;28;28;CABRERA D'ANOIA;;08028A;0;0
9;CATALUÑA;8;BARCELONA;29;29;CABRERA DE MAR;;08029A;0;0
9;CATALUÑA;8;BARCELONA;30;30;CABRILS;;08030A;0;0
9;CATALUÑA;8;BARCELONA;31;31;CALAF;;08031A;0;0
9;CATALUÑA;8;BARCELONA;32;32;CALDES D'ESTRAC;;NULL;0;0
9;CATALUÑA;8;BARCELONA;33;33;CALDES DE MONTBUI;;08033A;0;0
9;CATALUÑA;8;BARCELONA;34;34;CALDERS;;08034A;0;0
9;CATALUÑA;8;BARCELONA;35;35;CALELLA;;08035A;0;0
9;CATALUÑA;8;BARCELONA;36;36;CALONGE DE SEGARRA;;08036A;0;0
9;CATALUÑA;8;BARCELONA;37;224;CALLDETENES;;08224A;0;0
9;CATALUÑA;8;BARCELONA;38;37;CALLUS;;08037A;0;0
9;CATALUÑA;8;BARCELONA;39;38;CAMPINS;;08038A;0;0
9;CATALUÑA;8;BARCELONA;40;39;CANET DE MAR;;08039A;0;0
9;CATALUÑA;8;BARCELONA;41;40;CANOVELLES;;08040A;0;0
9;CATALUÑA;8;BARCELONA;42;41;CANOVES I SAMALUS;;08041A;0;0
9;CATALUÑA;8;BARCELONA;43;42;CANYELLES;;08042A;0;0
9;CATALUÑA;8;BARCELONA;44;43;CAPELLADES;;08043A;0;0
9;CATALUÑA;8;BARCELONA;45;44;CAPOLAT;;08044A;0;0
9;CATALUÑA;8;BARCELONA;46;45;CARDEDEU;;08045A;0;0
9;CATALUÑA;8;BARCELONA;47;46;CARDONA;;08046A;0;0
9;CATALUÑA;8;BARCELONA;48;47;CARME;;08047A;0;0
9;CATALUÑA;8;BARCELONA;49;48;CASSERRES;;08048A;0;0
9;CATALUÑA;8;BARCELONA;50;49;CASTELLAR DEL RIU;;08049A;0;0
9;CATALUÑA;8;BARCELONA;51;50;CASTELLAR DEL VALLES;;08050A;0;0
9;CATALUÑA;8;BARCELONA;52;51;CASTELLAR DE N'HUG;;08051A;0;0
9;CATALUÑA;8;BARCELONA;53;52;CASTELLBELL I EL VILAR;;08052A;0;0
9;CATALUÑA;8;BARCELONA;54;53;CASTELLBISBAL;;08053A;0;0
9;CATALUÑA;8;BARCELONA;55;54;CASTELLCIR;;08054A;0;0
9;CATALUÑA;8;BARCELONA;56;55;CASTELLDEFELS;;08055A;0;0
9;CATALUÑA;8;BARCELONA;57;56;CASTELL DE L'ARENY;;08056A;0;0
9;CATALUÑA;8;BARCELONA;58;57;CASTELLET I LA GORNAL;;08057A;0;0
9;CATALUÑA;8;BARCELONA;59;58;CASTELLFOLLIT DEL BOIX;;08058A;0;0
9;CATALUÑA;8;BARCELONA;60;59;CASTELLFOLLIT DE RIUBREGOS;;08059A;0;0
9;CATALUÑA;8;BARCELONA;61;60;CASTELLGALI;;08060A;0;0
9;CATALUÑA;8;BARCELONA;62;61;CASTELLNOU DE BAGES;;08061A;0;0
9;CATALUÑA;8;BARCELONA;63;62;CASTELLOLI;;08062A;0;0
9;CATALUÑA;8;BARCELONA;64;63;CASTELLTERÇOL;;08063A;0;0
9;CATALUÑA;8;BARCELONA;65;64;CASTELLVI DE LA MARCA;;08064A;0;0
9;CATALUÑA;8;BARCELONA;66;65;CASTELLVI DE ROSANES;;08065A;0;0
9;CATALUÑA;8;BARCELONA;67;66;CENTELLES;;08066A;0;0
9;CATALUÑA;8;BARCELONA;68;67;CERVELLO;;08067A;0;0
9;CATALUÑA;8;BARCELONA;69;68;COLLBATO;;08068A;0;0
9;CATALUÑA;8;BARCELONA;70;69;COLLSUSPINA;;08069A;0;0
9;CATALUÑA;8;BARCELONA;71;70;COPONS;;08070A;0;0
9;CATALUÑA;8;BARCELONA;72;71;CORBERA DE LLOBREGAT;;08071A;0;0
9;CATALUÑA;8;BARCELONA;73;72;CORNELLA DE LLOBREGAT;;08072A;0;0
9;CATALUÑA;8;BARCELONA;74;73;CUBELLES;;08073A;0;0
9;CATALUÑA;8;BARCELONA;75;74;DOSRIUS;;08074A;0;0
9;CATALUÑA;8;BARCELONA;76;75;ESPARREGUERA;;08075A;0;0
9;CATALUÑA;8;BARCELONA;77;76;ESPLUGUES DE LLOBREGAT;;08076A;0;0
9;CATALUÑA;8;BARCELONA;78;77;L' ESPUNYOLA;;08077A;0;0
9;CATALUÑA;8;BARCELONA;79;78;L' ESTANY;;08078A;0;0
9;CATALUÑA;8;BARCELONA;80;79;FIGOLS;;08079A;0;0
9;CATALUÑA;8;BARCELONA;81;80;FOGARS DE MONTCLUS;;08080A;0;0
9;CATALUÑA;8;BARCELONA;82;81;FOGARS DE LA SELVA;;08081A;0;0
9;CATALUÑA;8;BARCELONA;83;82;FOLGUEROLES;;08082A;0;0
9;CATALUÑA;8;BARCELONA;84;83;FONOLLOSA;;08083A;0;0
9;CATALUÑA;8;BARCELONA;85;84;FONT-RUBI;;08084A;0;0
9;CATALUÑA;8;BARCELONA;86;85;LES FRANQUESES DEL VALLES;;08085A;0;0
9;CATALUÑA;8;BARCELONA;87;86;GALLIFA;;08086A;0;0
9;CATALUÑA;8;BARCELONA;88;87;LA GARRIGA;;08087A;0;0
9;CATALUÑA;8;BARCELONA;89;88;GAVA;;08088A;0;0
9;CATALUÑA;8;BARCELONA;90;89;GAIA;;08089A;0;0
9;CATALUÑA;8;BARCELONA;91;90;GELIDA;;08090A;0;0
9;CATALUÑA;8;BARCELONA;92;91;GIRONELLA;;08091A;0;0
9;CATALUÑA;8;BARCELONA;93;92;GISCLARENY;;08092A;0;0
9;CATALUÑA;8;BARCELONA;94;93;LA GRANADA;;08093A;0;0
9;CATALUÑA;8;BARCELONA;95;94;GRANERA;;08094A;0;0
9;CATALUÑA;8;BARCELONA;96;95;GRANOLLERS;;08095A;0;0
9;CATALUÑA;8;BARCELONA;97;96;GUALBA;;08096A;0;0
9;CATALUÑA;8;BARCELONA;98;97;SANT SALVADOR DE GUARDIOLA;;08097A;0;0
9;CATALUÑA;8;BARCELONA;99;98;GUARDIOLA DE BERGUEDA;;08098A;0;0
9;CATALUÑA;8;BARCELONA;100;99;GURB;;08099A;0;0
9;CATALUÑA;8;BARCELONA;101;100;L'HOSPITALET DE LLOBREGAT;;08100A;0;0
9;CATALUÑA;8;BARCELONA;102;101;IGUALADA;;08101A;0;0
9;CATALUÑA;8;BARCELONA;103;102;JORBA;;08102A;0;0
9;CATALUÑA;8;BARCELONA;104;103;LA LLACUNA;;08103A;0;0
9;CATALUÑA;8;BARCELONA;105;104;LA LLAGOSTA;;08104A;0;0
9;CATALUÑA;8;BARCELONA;106;105;LLINARS DEL VALLES;;08105A;0;0
9;CATALUÑA;8;BARCELONA;107;106;LLIÇA D' AMUNT;;08106A;0;0
9;CATALUÑA;8;BARCELONA;108;107;LLIÇA DE VALL;;08107A;0;0
9;CATALUÑA;8;BARCELONA;109;108;LLUÇA;;08108A;0;0
9;CATALUÑA;8;BARCELONA;110;109;MALGRAT DE MAR;;08109A;0;0
9;CATALUÑA;8;BARCELONA;111;110;MALLA;;08110A;0;0
9;CATALUÑA;8;BARCELONA;112;111;MANLLEU;;08111A;0;0
9;CATALUÑA;8;BARCELONA;113;112;MANRESA;;08112A;0;0
9;CATALUÑA;8;BARCELONA;114;113;MARTORELL;;08113A;0;0
9;CATALUÑA;8;BARCELONA;115;114;MARTORELLES;;08114A;0;0
9;CATALUÑA;8;BARCELONA;116;115;LES MASIES DE RODA;;08115A;0;0
9;CATALUÑA;8;BARCELONA;117;116;LES MASIES DE VOLTREGA;;08116A;0;0
9;CATALUÑA;8;BARCELONA;118;117;EL MASNOU;;08117A;0;0
9;CATALUÑA;8;BARCELONA;119;118;MASQUEFA;;08118A;0;0
9;CATALUÑA;8;BARCELONA;120;119;MATADEPERA;;08119A;0;0
9;CATALUÑA;8;BARCELONA;121;120;MATARO;;08120A;0;0
9;CATALUÑA;8;BARCELONA;122;121;MEDIONA;;08121A;0;0
9;CATALUÑA;8;BARCELONA;123;122;MOLINS DE REI;;08122A;0;0
9;CATALUÑA;8;BARCELONA;124;123;MOLLET DEL VALLES;;08123A;0;0
9;CATALUÑA;8;BARCELONA;125;124;MONTCADA I REIXAC;;08124A;0;0
9;CATALUÑA;8;BARCELONA;126;125;MONTGAT;;08125A;0;0
9;CATALUÑA;8;BARCELONA;127;126;MONISTROL DE MONTSERRAT;;08126A;0;0
9;CATALUÑA;8;BARCELONA;128;127;MONISTROL DE CALDERS;;08127A;0;0
9;CATALUÑA;8;BARCELONA;129;128;MUNTANYOLA;;08128A;0;0
9;CATALUÑA;8;BARCELONA;130;129;MONTCLAR;;08129A;0;0
9;CATALUÑA;8;BARCELONA;131;130;MONTESQUIU;;08130A;0;0
9;CATALUÑA;8;BARCELONA;132;131;MONTMAJOR;;08131A;0;0
9;CATALUÑA;8;BARCELONA;133;132;MONTMANEU;;08132A;0;0
9;CATALUÑA;8;BARCELONA;134;133;FIGARO I MONTMANY;;08133A;0;0
9;CATALUÑA;8;BARCELONA;135;134;MONTMELO;;08134A;0;0
9;CATALUÑA;8;BARCELONA;136;135;MONTORNES DEL VALLES;;08135A;0;0
9;CATALUÑA;8;BARCELONA;137;136;MONTSENY;;08136A;0;0
9;CATALUÑA;8;BARCELONA;138;137;MOIA;;08137A;0;0
9;CATALUÑA;8;BARCELONA;139;138;MURA;;08138A;0;0
9;CATALUÑA;8;BARCELONA;140;139;NAVARCLES;;08139A;0;0
9;CATALUÑA;8;BARCELONA;141;140;NAVAS;;08140A;0;0
9;CATALUÑA;8;BARCELONA;142;141;LA NOU DE BERGUEDA;;08141A;0;0
9;CATALUÑA;8;BARCELONA;143;142;ODENA;;08142A;0;0
9;CATALUÑA;8;BARCELONA;144;143;OLVAN;;08143A;0;0
9;CATALUÑA;8;BARCELONA;145;144;OLERDOLA;;08144A;0;0
9;CATALUÑA;8;BARCELONA;146;145;OLESA DE BONESVALLS;;08145A;0;0
9;CATALUÑA;8;BARCELONA;147;146;OLESA DE MONTSERRAT;;08146A;0;0
9;CATALUÑA;8;BARCELONA;148;147;OLIVELLA;;08147A;0;0
9;CATALUÑA;8;BARCELONA;149;148;OLOST;;08148A;0;0
9;CATALUÑA;8;BARCELONA;150;149;ORIS;;08149A;0;0
9;CATALUÑA;8;BARCELONA;151;150;ORISTA;;08150A;0;0
9;CATALUÑA;8;BARCELONA;152;151;ORPI;;08151A;0;0
9;CATALUÑA;8;BARCELONA;153;152;ORRIUS;;08152A;0;0
9;CATALUÑA;8;BARCELONA;154;153;PACS DEL PENEDES;;08153A;0;0
9;CATALUÑA;8;BARCELONA;155;154;PALAFOLLS;;08154A;0;0
9;CATALUÑA;8;BARCELONA;156;155;PALAU-SOLITA I PLEGAMANS;;08155A;0;0
9;CATALUÑA;8;BARCELONA;157;156;PALLEJA;;08156A;0;0
9;CATALUÑA;8;BARCELONA;158;157;EL PAPIOL;;08157A;0;0
9;CATALUÑA;8;BARCELONA;159;158;PARETS DE VALLES;;08158A;0;0
9;CATALUÑA;8;BARCELONA;160;159;PERAFITA;;08159A;0;0
9;CATALUÑA;8;BARCELONA;161;160;PIERA;;08160A;0;0
9;CATALUÑA;8;BARCELONA;162;161;ELS HOSTALETS DE PIEROLA;;08161A;0;0
9;CATALUÑA;8;BARCELONA;163;162;PINEDA DE MAR;;08162A;0;0
9;CATALUÑA;8;BARCELONA;164;163;EL PLA DEL PENEDES;;08163A;0;0
9;CATALUÑA;8;BARCELONA;165;164;LA POBLA DE CLARAMUNT;;08164A;0;0
9;CATALUÑA;8;BARCELONA;166;165;LA POBLA DE LILLET;;08165A;0;0
9;CATALUÑA;8;BARCELONA;167;166;POLINYA;;08166A;0;0
9;CATALUÑA;8;BARCELONA;168;167;PONTONS;;08167A;0;0
9;CATALUÑA;8;BARCELONA;169;168;EL PRAT DE LLOBREGAT;;08168A;0;0
9;CATALUÑA;8;BARCELONA;170;169;ELS PRATS DE REI;;08169A;0;0
9;CATALUÑA;8;BARCELONA;171;170;PRATS DE LLUÇANES;;08170A;0;0
9;CATALUÑA;8;BARCELONA;172;171;PREMIA DE MAR;;08171A;0;0
9;CATALUÑA;8;BARCELONA;174;173;PUIGDALBER;;08173A;0;0
9;CATALUÑA;8;BARCELONA;175;174;PUIG-REIG;;08174A;0;0
9;CATALUÑA;8;BARCELONA;176;175;PUJALT;;08175A;0;0
9;CATALUÑA;8;BARCELONA;177;176;LA QUAR;;08176A;0;0
9;CATALUÑA;8;BARCELONA;178;177;RAJADELL;;08177A;0;0
9;CATALUÑA;8;BARCELONA;179;178;RELLINARS;;08178A;0;0
9;CATALUÑA;8;BARCELONA;180;179;RIPOLLET;;08179A;0;0
9;CATALUÑA;8;BARCELONA;181;180;LA ROCA DEL VALLES;;08180A;0;0
9;CATALUÑA;8;BARCELONA;182;181;EL PONT DE VILOMARA I ROCAFORT;;08181A;0;0
9;CATALUÑA;8;BARCELONA;183;182;RODA DE TER;;08182A;0;0
9;CATALUÑA;8;BARCELONA;184;183;RUBI;;08183A;0;0
9;CATALUÑA;8;BARCELONA;185;184;RUBIO;;08184A;0;0
9;CATALUÑA;8;BARCELONA;187;186;SABADELL;;08186A;0;0
9;CATALUÑA;8;BARCELONA;188;187;SAGAS;;08187A;0;0
9;CATALUÑA;8;BARCELONA;189;188;SANT PERE SALLAVINERA;;08188A;0;0
9;CATALUÑA;8;BARCELONA;190;189;SALDES;;08189A;0;0
9;CATALUÑA;8;BARCELONA;191;190;SALLENT;;08190A;0;0
9;CATALUÑA;8;BARCELONA;192;191;SANTPEDOR;;08191A;0;0
9;CATALUÑA;8;BARCELONA;193;192;SANT ISCLE DE VALLALTA;;08192A;0;0
9;CATALUÑA;8;BARCELONA;194;193;SANT ADRIA DE BESOS;;NULL;0;0
9;CATALUÑA;8;BARCELONA;195;194;SANT AGUSTI DE LLUÇANES;;08194A;0;0
9;CATALUÑA;8;BARCELONA;196;195;SANT ANDREU DE LA BARCA;;08195A;0;0
9;CATALUÑA;8;BARCELONA;197;196;SANT ANDREU DE LLAVANERES;;08196A;0;0
9;CATALUÑA;8;BARCELONA;198;197;SANT ANTONI DE VILAMAJOR;;08197A;0;0
9;CATALUÑA;8;BARCELONA;199;198;SANT BARTOMEU DEL GRAU;;08198A;0;0
9;CATALUÑA;8;BARCELONA;200;199;SANT BOI DE LLOBREGAT;;08199A;0;0
9;CATALUÑA;8;BARCELONA;201;200;SANT BOI DE LLUÇANES;;08200A;0;0
9;CATALUÑA;8;BARCELONA;202;201;SANT CELONI;;08201A;0;0
9;CATALUÑA;8;BARCELONA;203;202;SANT CEBRIA DE VALLALTA;;08202A;0;0
9;CATALUÑA;8;BARCELONA;204;203;SANT CLIMENT DE LLOBREGAT;;08203A;0;0
9;CATALUÑA;8;BARCELONA;205;204;SANT CUGAT DEL VALLES;;08204A;0;0
9;CATALUÑA;8;BARCELONA;206;205;SANT CUGAT DE SESGARRIGUES;;08205A;0;0
9;CATALUÑA;8;BARCELONA;207;206;SANT ESTEVE DE PALAUTORDERA;;08206A;0;0
9;CATALUÑA;8;BARCELONA;208;207;SANT ESTEVE SESROVIRES;;08207A;0;0
9;CATALUÑA;8;BARCELONA;209;208;SANT FOST DE CAMPSENTELLES;;08208A;0;0
9;CATALUÑA;8;BARCELONA;210;209;SANT FELIU DE CODINES;;08209A;0;0
9;CATALUÑA;8;BARCELONA;211;210;SANT FELIU DE LLOBREGAT;;08210A;0;0
9;CATALUÑA;8;BARCELONA;212;211;SANT FELIU SASSERRA;;08211A;0;0
9;CATALUÑA;8;BARCELONA;213;212;SANT FRUITOS DE BAGES;;08212A;0;0
9;CATALUÑA;8;BARCELONA;214;213;VILASSAR DE DALT;;08213A;0;0
9;CATALUÑA;8;BARCELONA;215;214;SANT HIPOLIT DE VOLTREGA;;08214A;0;0
9;CATALUÑA;8;BARCELONA;216;215;SANT JAUME DE FRONTANYA;;08215A;0;0
9;CATALUÑA;8;BARCELONA;217;216;SANT JOAN DESPI;;08216A;0;0
9;CATALUÑA;8;BARCELONA;218;225;SANT JOAN DE VILATORRADA;;08225A;0;0
9;CATALUÑA;8;BARCELONA;219;217;VILASSAR DE MAR;;08217A;0;0
9;CATALUÑA;8;BARCELONA;220;218;SANT JULIA DE VILATORTA;;08218A;0;0
9;CATALUÑA;8;BARCELONA;221;219;SANT JUST DESVERN;;08219A;0;0
9;CATALUÑA;8;BARCELONA;222;220;SANT LLORENÇ D' HORTONS;;08220A;0;0
9;CATALUÑA;8;BARCELONA;223;221;SANT LLORENÇ SAVALL;;08221A;0;0
9;CATALUÑA;8;BARCELONA;224;222;SANT MARTI DE CENTELLES;;08222A;0;0
9;CATALUÑA;8;BARCELONA;225;223;SANT MARTI D'ALBARS;;08223A;0;0
9;CATALUÑA;8;BARCELONA;226;226;SANT MARTI DE TOUS;;08226A;0;0
9;CATALUÑA;8;BARCELONA;227;227;SANT MARTI SARROCA;;08227A;0;0
9;CATALUÑA;8;BARCELONA;228;228;SANT MARTI DE SESGUEIOLES;;08228A;0;0
9;CATALUÑA;8;BARCELONA;229;229;SANT MATEU DE BAGES;;08229A;0;0
9;CATALUÑA;8;BARCELONA;230;230;PREMIA DE DALT;;08230A;0;0
9;CATALUÑA;8;BARCELONA;231;231;SANT PERE DE RIBES;;08231A;0;0
9;CATALUÑA;8;BARCELONA;232;232;SANT PERE DE RIUDEBITLLES;;08232A;0;0
9;CATALUÑA;8;BARCELONA;233;233;SANT PERE DE TORELLO;;08233A;0;0
9;CATALUÑA;8;BARCELONA;234;234;SANT PERE DE VILAMAJOR;;08234A;0;0
9;CATALUÑA;8;BARCELONA;235;235;SANT POL DE MAR;;08235A;0;0
9;CATALUÑA;8;BARCELONA;236;236;SANT QUINTI DE MEDIONA;;08236A;0;0
9;CATALUÑA;8;BARCELONA;237;237;SANT QUIRZE DE BESORA;;08237A;0;0
9;CATALUÑA;8;BARCELONA;238;238;SANT QUIRZE DEL VALLES;;08238A;0;0
9;CATALUÑA;8;BARCELONA;239;239;SANT QUIRZE DE SAFAJA;;08239A;0;0
9;CATALUÑA;8;BARCELONA;240;240;SANT SADURNI D'ANOIA;;08240A;0;0
9;CATALUÑA;8;BARCELONA;241;241;SANT SADURNI D'OSORMOR;;08241A;0;0
9;CATALUÑA;8;BARCELONA;242;242;MARGANELL;;08242A;0;0
9;CATALUÑA;8;BARCELONA;243;243;SANTA CECILIA DE VOLTREGA;;08243A;0;0
9;CATALUÑA;8;BARCELONA;244;244;SANTA COLOMA DE CERVELLO;;08244A;0;0
9;CATALUÑA;8;BARCELONA;245;245;SANTA COLOMA DE GRAMENET;;08245A;0;0
9;CATALUÑA;8;BARCELONA;246;246;SANTA EUGENIA DE BERGA;;08246A;0;0
9;CATALUÑA;8;BARCELONA;247;247;SANTA EULALIA DE RIUPRIMER;;08247A;0;0
9;CATALUÑA;8;BARCELONA;248;248;SANTA EULALIA DE RONÇANA;;08248A;0;0
9;CATALUÑA;8;BARCELONA;249;249;SANTA FE DEL PENEDES;;08249A;0;0
9;CATALUÑA;8;BARCELONA;250;250;SANTA MARGARIDA DE MONTBUI;;08250A;0;0
9;CATALUÑA;8;BARCELONA;251;251;SANTA MARGARIDA I ELS MONJOS;;08251A;0;0
9;CATALUÑA;8;BARCELONA;252;252;BARBERA DEL VALLES;;08252A;0;0
9;CATALUÑA;8;BARCELONA;253;253;SANTA MARIA DE BESORA;;08253A;0;0
9;CATALUÑA;8;BARCELONA;254;254;ESQUIROL, L';;08254A;0;0
9;CATALUÑA;8;BARCELONA;255;255;SANTA MARIA DE MERLES;;08255A;0;0
9;CATALUÑA;8;BARCELONA;256;256;SANTA MARIA DE MARTORELLES;;08256A;0;0
9;CATALUÑA;8;BARCELONA;257;257;SANTA MARIA DE MIRALLES;;08257A;0;0
9;CATALUÑA;8;BARCELONA;258;258;SANTA MARIA D'OLO;;08258A;0;0
9;CATALUÑA;8;BARCELONA;259;259;SANTA MARIA DE PALAUTORDERA;;08259A;0;0
9;CATALUÑA;8;BARCELONA;260;260;SANTA PERPETUA DE MOGODA;;08260A;0;0
9;CATALUÑA;8;BARCELONA;261;261;SANTA SUSANNA;;08261A;0;0
9;CATALUÑA;8;BARCELONA;262;262;SANT VICENÇ DE CASTELLET;;08262A;0;0
9;CATALUÑA;8;BARCELONA;263;263;SANT VICENÇ DELS HORTS;;08263A;0;0
9;CATALUÑA;8;BARCELONA;264;264;SANT VICENÇ DE MONTALT;;08264A;0;0
9;CATALUÑA;8;BARCELONA;265;265;SANT VICENÇ DE TORELLO;;08265A;0;0
9;CATALUÑA;8;BARCELONA;266;266;CERDANYOLA DEL VALLES;;08266A;0;0
9;CATALUÑA;8;BARCELONA;267;267;SENTMENAT;;08267A;0;0
9;CATALUÑA;8;BARCELONA;268;268;CERCS;;08268A;0;0
9;CATALUÑA;8;BARCELONA;269;269;SEVA;;08269A;0;0
9;CATALUÑA;8;BARCELONA;270;270;SITGES;;08270A;0;0
9;CATALUÑA;8;BARCELONA;271;271;SOBREMUNT;;08271A;0;0
9;CATALUÑA;8;BARCELONA;272;272;SORA;;08272A;0;0
9;CATALUÑA;8;BARCELONA;273;273;SUBIRATS;;08273A;0;0
9;CATALUÑA;8;BARCELONA;274;274;SURIA;;08274A;0;0
9;CATALUÑA;8;BARCELONA;275;275;TAVERNOLES;;08275A;0;0
9;CATALUÑA;8;BARCELONA;276;276;TAGAMANENT;;08276A;0;0
9;CATALUÑA;8;BARCELONA;277;277;TALAMANCA;;08277A;0;0
9;CATALUÑA;8;BARCELONA;278;278;TARADELL;;08278A;0;0
9;CATALUÑA;8;BARCELONA;279;279;TERRASSA;;08279A;0;0
9;CATALUÑA;8;BARCELONA;280;280;TAVERTET;;08280A;0;0
9;CATALUÑA;8;BARCELONA;281;281;TEIA;;08281A;0;0
9;CATALUÑA;8;BARCELONA;282;282;TIANA;;08282A;0;0
9;CATALUÑA;8;BARCELONA;283;283;TONA;;08283A;0;0
9;CATALUÑA;8;BARCELONA;284;284;TORDERA;;08284A;0;0
9;CATALUÑA;8;BARCELONA;285;285;TORELLO;;08285A;0;0
9;CATALUÑA;8;BARCELONA;286;286;LA TORRE DE CLARAMUNT;;08286A;0;0
9;CATALUÑA;8;BARCELONA;287;287;TORRELAVIT;;08287A;0;0
9;CATALUÑA;8;BARCELONA;288;288;TORRELLES DE FOIX;;08288A;0;0
9;CATALUÑA;8;BARCELONA;289;289;TORRELLES DE LLOBREGAT;;08289A;0;0
9;CATALUÑA;8;BARCELONA;290;290;ULLASTRELL;;08290A;0;0
9;CATALUÑA;8;BARCELONA;291;291;VACARISSES;;08291A;0;0
9;CATALUÑA;8;BARCELONA;292;292;VALLBONA D'ANOIA;;08292A;0;0
9;CATALUÑA;8;BARCELONA;293;293;VALLCEBRE;;08293A;0;0
9;CATALUÑA;8;BARCELONA;294;295;VALLGORGUINA;;08295A;0;0
9;CATALUÑA;8;BARCELONA;295;296;VALLIRANA;;08296A;0;0
9;CATALUÑA;8;BARCELONA;296;297;VALLROMANES;;08297A;0;0
9;CATALUÑA;8;BARCELONA;297;298;VECIANA;;08298A;0;0
9;CATALUÑA;8;BARCELONA;298;299;VIC;;08299A;0;0
9;CATALUÑA;8;BARCELONA;299;300;VILADA;;08300A;0;0
9;CATALUÑA;8;BARCELONA;300;301;VILADECAVALLS;;08301A;0;0
9;CATALUÑA;8;BARCELONA;301;302;VILADECANS;;08302A;0;0
9;CATALUÑA;8;BARCELONA;302;303;VILANOVA DEL CAMI;;08303A;0;0
9;CATALUÑA;8;BARCELONA;303;304;VILANOVA DE SAU;;08304A;0;0
9;CATALUÑA;8;BARCELONA;304;305;VILOBI DEL PENEDES;;08305A;0;0
9;CATALUÑA;8;BARCELONA;305;306;VILAFRANCA DEL PENEDES;;08306A;0;0
9;CATALUÑA;8;BARCELONA;306;307;VILALBA SASSERRA;;08307A;0;0
9;CATALUÑA;8;BARCELONA;307;308;VILANOVA I LA GELTRU;;08308A;0;0
9;CATALUÑA;8;BARCELONA;308;309;VIVER I SERRATEIX;;08309A;0;0
9;CATALUÑA;8;BARCELONA;901;185;RUPIT I PRUIT;;08185A;0;0
9;CATALUÑA;8;BARCELONA;902;310;VILANOVA DEL VALLES;;08310A;0;0
9;CATALUÑA;8;BARCELONA;903;311;SANT JULIA DE CERDANYOLA;;08311A;0;0
9;CATALUÑA;8;BARCELONA;904;312;BADIA DEL VALLES;;08312A;0;0
9;CATALUÑA;8;BARCELONA;905;313;LA PALMA DE CERVELLO;;08313A;0;0
9;CATALUÑA;17;GERONA;1;1;AGULLANA;;17001A;0;0
9;CATALUÑA;17;GERONA;2;2;AIGUAVIVA;;17002A;0;0
9;CATALUÑA;17;GERONA;3;3;ALBANYA;;17003A;0;0
9;CATALUÑA;17;GERONA;4;4;ALBONS;;17004A;0;0
9;CATALUÑA;17;GERONA;5;5;EL FAR D'EMPORDA;;17005A;0;0
9;CATALUÑA;17;GERONA;6;6;ALP;;17006A;0;0
9;CATALUÑA;17;GERONA;7;7;AMER;;17007A;0;0
9;CATALUÑA;17;GERONA;8;8;ANGLES;;17008A;0;0
9;CATALUÑA;17;GERONA;9;9;ARBUCIES;;17009A;0;0
9;CATALUÑA;17;GERONA;10;10;ARGELAGUER;;17010A;0;0
9;CATALUÑA;17;GERONA;11;11;L'ARMENTERA;;17011A;0;0
9;CATALUÑA;17;GERONA;12;12;AVINYONET PUIGVENTOS;;17012A;0;0
9;CATALUÑA;17;GERONA;13;14;BEGUR;;17014A;0;0
9;CATALUÑA;17;GERONA;14;15;LA VAJOL;;17015A;0;0
9;CATALUÑA;17;GERONA;15;16;BANYOLES;;17016A;0;0
9;CATALUÑA;17;GERONA;16;18;BASCARA;;17018A;0;0
9;CATALUÑA;17;GERONA;18;21;BELLCAIRE EMPORDA;;17021A;0;0
9;CATALUÑA;17;GERONA;19;22;BESALU;;17022A;0;0
9;CATALUÑA;17;GERONA;20;23;BESCANO;;17023A;0;0
9;CATALUÑA;17;GERONA;21;24;BEUDA;;17024A;0;0
9;CATALUÑA;17;GERONA;22;25;LA BISBAL EMPORDA;;17025A;0;0
9;CATALUÑA;17;GERONA;23;26;BLANES;;17026A;0;0
9;CATALUÑA;17;GERONA;24;27;BOLVIR;;17027A;0;0
9;CATALUÑA;17;GERONA;25;28;BORDILS;;17028A;0;0
9;CATALUÑA;17;GERONA;26;29;BORRASSA;;17029A;0;0
9;CATALUÑA;17;GERONA;27;30;BREDA;;17030A;0;0
9;CATALUÑA;17;GERONA;28;31;BRUNYOLA;;17031A;0;0
9;CATALUÑA;17;GERONA;29;32;BOADELLA I LES ESCAULES;;17032A;0;0
9;CATALUÑA;17;GERONA;30;33;CABANES;;17033A;0;0
9;CATALUÑA;17;GERONA;31;34;CABANELLES;;17034A;0;0
9;CATALUÑA;17;GERONA;32;35;CADAQUES;;17035A;0;0
9;CATALUÑA;17;GERONA;33;37;CALDES MALAVELLA;;17037A;0;0
9;CATALUÑA;17;GERONA;34;38;CALONGE;;17038A;0;0
9;CATALUÑA;17;GERONA;35;39;CAMOS;;17039A;0;0
9;CATALUÑA;17;GERONA;36;40;CAMPDEVANOL;;17040A;0;0
9;CATALUÑA;17;GERONA;37;41;CAMPELLES;;17041A;0;0
9;CATALUÑA;17;GERONA;38;42;CAMPLLONG;;17042A;0;0
9;CATALUÑA;17;GERONA;39;43;CAMPRODON;;17043A;0;0
9;CATALUÑA;17;GERONA;40;44;CANET D'ADRI;;17044A;0;0
9;CATALUÑA;17;GERONA;41;45;CANTALLOPS;;17045A;0;0
9;CATALUÑA;17;GERONA;42;46;CAPMANY;;17046A;0;0
9;CATALUÑA;17;GERONA;43;47;QUERALBS;;17047A;0;0
9;CATALUÑA;17;GERONA;44;49;CASSA SELVA;;17049A;0;0
9;CATALUÑA;17;GERONA;46;51;CASTELLFOLLIT ROCA;;17051A;0;0
9;CATALUÑA;17;GERONA;47;52;CASTELLO D'EMPURIES;;17052A;0;0
9;CATALUÑA;17;GERONA;48;53;CASTELL-PLATJA D'ARO;;17053A;0;0
9;CATALUÑA;17;GERONA;49;54;CELRA;;17054A;0;0
9;CATALUÑA;17;GERONA;50;55;CERVIA TER;;17055A;0;0
9;CATALUÑA;17;GERONA;51;56;CISTELLA;;17056A;0;0
9;CATALUÑA;17;GERONA;52;57;SIURANA EMPORDA;;17057A;0;0
9;CATALUÑA;17;GERONA;54;59;COLERA;;17059A;0;0
9;CATALUÑA;17;GERONA;55;60;COLOMERS;;17060A;0;0
9;CATALUÑA;17;GERONA;56;61;CORNELLA DEL TERRI;;17061A;0;0
9;CATALUÑA;17;GERONA;57;62;CORÇA;;17062A;0;0
9;CATALUÑA;17;GERONA;58;63;CRESPIA;;17063A;0;0
9;CATALUÑA;17;GERONA;60;65;DARNIUS;;17065A;0;0
9;CATALUÑA;17;GERONA;61;66;DAS;;17066A;0;0
9;CATALUÑA;17;GERONA;62;68;L'ESCALA;;17068A;0;0
9;CATALUÑA;17;GERONA;63;69;ESPINELVES;;17069A;0;0
9;CATALUÑA;17;GERONA;64;70;ESPOLLA;;17070A;0;0
9;CATALUÑA;17;GERONA;65;71;ESPONELLA;;17071A;0;0
9;CATALUÑA;17;GERONA;66;72;FIGUERES;;17072A;0;0
9;CATALUÑA;17;GERONA;67;73;FLAÇA;;17073A;0;0
9;CATALUÑA;17;GERONA;68;74;FOIXA;;17074A;0;0
9;CATALUÑA;17;GERONA;69;36;FONTANALS CERDANYA;;17036A;0;0
9;CATALUÑA;17;GERONA;70;75;FONTANILLES;;17075A;0;0
9;CATALUÑA;17;GERONA;71;76;FONTCOBERTA;;17076A;0;0
9;CATALUÑA;17;GERONA;73;78;FORNELLS SELVA;;17078A;0;0
9;CATALUÑA;17;GERONA;74;79;FORTIA;;17079A;0;0
9;CATALUÑA;17;GERONA;75;81;GARRIGAS;;17081A;0;0
9;CATALUÑA;17;GERONA;76;82;GARRIGOLES;;17082A;0;0
9;CATALUÑA;17;GERONA;77;83;GARRIGUELLA;;17083A;0;0
9;CATALUÑA;17;GERONA;78;84;GER;;17084A;0;0
9;CATALUÑA;17;GERONA;79;85;GIRONA;;17085A;0;0
9;CATALUÑA;17;GERONA;80;86;GOMBREN;;17086A;0;0
9;CATALUÑA;17;GERONA;81;87;GUALTA;;17087A;0;0
9;CATALUÑA;17;GERONA;82;88;GUILS CERDANYA;;17088A;0;0
9;CATALUÑA;17;GERONA;83;89;HOSTALRIC;;17089A;0;0
9;CATALUÑA;17;GERONA;84;90;ISOVOL;;17090A;0;0
9;CATALUÑA;17;GERONA;85;91;JAFRE;;17091A;0;0
9;CATALUÑA;17;GERONA;86;93;LA JONQUERA;;17093A;0;0
9;CATALUÑA;17;GERONA;87;94;JUIA;;17094A;0;0
9;CATALUÑA;17;GERONA;88;95;LLADO;;17095A;0;0
9;CATALUÑA;17;GERONA;89;96;LLAGOSTERA;;17096A;0;0
9;CATALUÑA;17;GERONA;90;97;LLAMBILLES;;17097A;0;0
9;CATALUÑA;17;GERONA;91;98;LLANARS;;17098A;0;0
9;CATALUÑA;17;GERONA;92;99;LLANÇA;;17099A;0;0
9;CATALUÑA;17;GERONA;93;100;LLERS;;17100A;0;0
9;CATALUÑA;17;GERONA;94;101;LLIVIA;;17101A;0;0
9;CATALUÑA;17;GERONA;95;102;LLORET DE MAR;;17102A;0;0
9;CATALUÑA;17;GERONA;96;103;LES LLOSSES;;17103A;0;0
9;CATALUÑA;17;GERONA;97;104;MADREMANYA;;17104A;0;0
9;CATALUÑA;17;GERONA;98;110;MAIA MONTCAL;;17110A;0;0
9;CATALUÑA;17;GERONA;99;105;MERANGES;;17105A;0;0
9;CATALUÑA;17;GERONA;100;106;MASARAC;;17106A;0;0
9;CATALUÑA;17;GERONA;101;107;MASSANES;;17107A;0;0
9;CATALUÑA;17;GERONA;102;108;MAÇANET CABRENYS;;17108A;0;0
9;CATALUÑA;17;GERONA;103;109;MAÇANET SELVA;;17109A;0;0
9;CATALUÑA;17;GERONA;105;112;MIERES;;17112A;0;0
9;CATALUÑA;17;GERONA;106;113;MOLLET PERALADA;;17113A;0;0
9;CATALUÑA;17;GERONA;107;114;MOLLO;;17114A;0;0
9;CATALUÑA;17;GERONA;109;116;MONTAGUT I OIX;;17116A;0;0
9;CATALUÑA;17;GERONA;110;117;MONT-RAS;;17117A;0;0
9;CATALUÑA;17;GERONA;111;118;NAVATA;;17118A;0;0
9;CATALUÑA;17;GERONA;112;119;OGASSA;;17119A;0;0
9;CATALUÑA;17;GERONA;114;121;OLOT;;17121A;0;0
9;CATALUÑA;17;GERONA;115;122;ORDIS;;17122A;0;0
9;CATALUÑA;17;GERONA;116;123;OSOR;;17123A;0;0
9;CATALUÑA;17;GERONA;117;124;PALAFRUGELL;;17124A;0;0
9;CATALUÑA;17;GERONA;118;125;PALAMOS;;17125A;0;0
9;CATALUÑA;17;GERONA;119;126;PALAU DE SANTA EULALIA;;17126A;0;0
9;CATALUÑA;17;GERONA;120;127;PALAU SAVERDERA;;17127A;0;0
9;CATALUÑA;17;GERONA;121;129;PALAU SATOR;;17129A;0;0
9;CATALUÑA;17;GERONA;123;131;PALOL REVARDIT;;17131A;0;0
9;CATALUÑA;17;GERONA;124;132;PALS;;17132A;0;0
9;CATALUÑA;17;GERONA;125;133;PARDINES;;17133A;0;0
9;CATALUÑA;17;GERONA;126;134;PARLAVA;;17134A;0;0
9;CATALUÑA;17;GERONA;128;136;PAU;;17136A;0;0
9;CATALUÑA;17;GERONA;129;137;PEDRET MARZA;;17137A;0;0
9;CATALUÑA;17;GERONA;130;138;LA PERA;;17138A;0;0
9;CATALUÑA;17;GERONA;132;140;PERALADA;;17140A;0;0
9;CATALUÑA;17;GERONA;133;142;LES PLANES D'HOSTOLES;;17142A;0;0
9;CATALUÑA;17;GERONA;134;143;PLANOLES;;17143A;0;0
9;CATALUÑA;17;GERONA;135;144;PONT DE MOLINS;;17144A;0;0
9;CATALUÑA;17;GERONA;136;145;PONTOS;;17145A;0;0
9;CATALUÑA;17;GERONA;137;146;PORQUERES;;17146A;0;0
9;CATALUÑA;17;GERONA;138;147;PORTBOU;;17147A;0;0
9;CATALUÑA;17;GERONA;139;148;LES PRESES;;17148A;0;0
9;CATALUÑA;17;GERONA;140;149;EL PORT SELVA;;17149A;0;0
9;CATALUÑA;17;GERONA;141;150;PUIGCERDA;;17150A;0;0
9;CATALUÑA;17;GERONA;142;151;QUART;;17151A;0;0
9;CATALUÑA;17;GERONA;143;152;RABOS;;17152A;0;0
9;CATALUÑA;17;GERONA;144;153;REGENCOS;;17153A;0;0
9;CATALUÑA;17;GERONA;145;154;RIBES FRESER;;17154A;0;0
9;CATALUÑA;17;GERONA;146;155;RIELLS I VIABREA;;17155A;0;0
9;CATALUÑA;17;GERONA;147;156;RIPOLL;;17156A;0;0
9;CATALUÑA;17;GERONA;148;157;RIUDARENES;;17157A;0;0
9;CATALUÑA;17;GERONA;149;158;RIUDAURA;;17158A;0;0
9;CATALUÑA;17;GERONA;150;159;RIUDELLOTS SELVA;;17159A;0;0
9;CATALUÑA;17;GERONA;151;160;RIUMORS;;17160A;0;0
9;CATALUÑA;17;GERONA;152;161;ROSES;;17161A;0;0
9;CATALUÑA;17;GERONA;153;162;RUPIA;;17162A;0;0
9;CATALUÑA;17;GERONA;154;163;SALES DE LLIERCA;;17163A;0;0
9;CATALUÑA;17;GERONA;155;164;SALT;;17164A;0;0
9;CATALUÑA;17;GERONA;157;166;SANT ANDREU SALOU;;17166A;0;0
9;CATALUÑA;17;GERONA;158;167;SANT CLIMENT SESCEBES;;17167A;0;0
9;CATALUÑA;17;GERONA;159;169;SANT FELIU DE BUIXALLEU;;17169A;0;0
9;CATALUÑA;17;GERONA;160;170;SANT FELIU DE GUIXOLS;;17170A;0;0
9;CATALUÑA;17;GERONA;161;171;SANT FELIU DE PALLEROLS;;17171A;0;0
9;CATALUÑA;17;GERONA;162;172;SANT FERRIOL;;17172A;0;0
9;CATALUÑA;17;GERONA;163;173;SANT GREGORI;;17173A;0;0
9;CATALUÑA;17;GERONA;164;174;SANT HILARI SACALM;;17174A;0;0
9;CATALUÑA;17;GERONA;165;175;SANT JAUME DE LLIERCA;;17175A;0;0
9;CATALUÑA;17;GERONA;166;176;SANT JORDI DESVALLS;;17176A;0;0
9;CATALUÑA;17;GERONA;167;177;SANT JOAN DE LES ABADESSES;;17177A;0;0
9;CATALUÑA;17;GERONA;168;178;SANT JOAN DE MOLLET;;17178A;0;0
9;CATALUÑA;17;GERONA;169;179;SANT JULIA DE RAMIS;;17179A;0;0
9;CATALUÑA;17;GERONA;170;222;VALLFOGONA RIPOLLES;;17222A;0;0
9;CATALUÑA;17;GERONA;171;180;SANT LLORENC DE LA MUGA;;17180A;0;0
9;CATALUÑA;17;GERONA;172;181;SANT MARTI DE LLEMENA;;17181A;0;0
9;CATALUÑA;17;GERONA;173;182;SANT MARTI VELL;;17182A;0;0
9;CATALUÑA;17;GERONA;174;183;SANT MIQUEL DE CAMPMAJOR;;17183A;0;0
9;CATALUÑA;17;GERONA;175;184;SANT MIQUEL DE FLUVIA;;17184A;0;0
9;CATALUÑA;17;GERONA;176;185;SANT MORI;;17185A;0;0
9;CATALUÑA;17;GERONA;177;186;SANT PAU DE SEGURIES;;17186A;0;0
9;CATALUÑA;17;GERONA;178;187;SANT PERE PESCADOR;;17187A;0;0
9;CATALUÑA;17;GERONA;180;191;SANTA COLOMA DE FARNERS;;17191A;0;0
9;CATALUÑA;17;GERONA;181;192;SANTA CRISTINA D'ARO;;17192A;0;0
9;CATALUÑA;17;GERONA;182;194;SANTA LLOGAIA D'ALGUEMA;;17194A;0;0
9;CATALUÑA;17;GERONA;183;195;SANT ANIOL DE FINESTRES;;17195A;0;0
9;CATALUÑA;17;GERONA;184;196;SANTA PAU;;17196A;0;0
9;CATALUÑA;17;GERONA;185;197;SANT JOAN LES FONTS;;17197A;0;0
9;CATALUÑA;17;GERONA;186;198;SARRIA DE TER;;17198A;0;0
9;CATALUÑA;17;GERONA;187;199;SAUS, CAMALLERA I LLAMPAIES;;17199A;0;0
9;CATALUÑA;17;GERONA;188;200;LA SELVA DE MAR;;17200A;0;0
9;CATALUÑA;17;GERONA;189;201;LA CELLERA TER;;17201A;0;0
9;CATALUÑA;17;GERONA;190;202;SERINYA;;17202A;0;0
9;CATALUÑA;17;GERONA;191;203;SERRA DARO;;17203A;0;0
9;CATALUÑA;17;GERONA;192;204;SETCASES;;17204A;0;0
9;CATALUÑA;17;GERONA;193;205;SILS;;17205A;0;0
9;CATALUÑA;17;GERONA;194;206;SUSQUEDA;;17206A;0;0
9;CATALUÑA;17;GERONA;195;207;LA TALLADA EMPORDA;;17207A;0;0
9;CATALUÑA;17;GERONA;196;209;TERRADES;;17209A;0;0
9;CATALUÑA;17;GERONA;197;210;TORRENT;;17210A;0;0
9;CATALUÑA;17;GERONA;198;211;TORROELLA FLUVIA;;17211A;0;0
9;CATALUÑA;17;GERONA;199;212;TORROELLA MONTGRI;;17212A;0;0
9;CATALUÑA;17;GERONA;200;213;TORTELLA;;17213A;0;0
9;CATALUÑA;17;GERONA;201;214;TOSES;;17214A;0;0
9;CATALUÑA;17;GERONA;202;215;TOSSA DE MAR;;17215A;0;0
9;CATALUÑA;17;GERONA;203;216;ULTRAMORT;;17216A;0;0
9;CATALUÑA;17;GERONA;204;217;ULLA;;17217A;0;0
9;CATALUÑA;17;GERONA;205;218;ULLASTRET;;17218A;0;0
9;CATALUÑA;17;GERONA;206;220;URUS;;17220A;0;0
9;CATALUÑA;17;GERONA;207;17;LA VALL D'EN BAS;;17017A;0;0
9;CATALUÑA;17;GERONA;208;221;LA VALL BIANYA;;17221A;0;0
9;CATALUÑA;17;GERONA;209;223;VALL-LLOBREGA;;17223A;0;0
9;CATALUÑA;17;GERONA;210;224;VENTALLO;;17224A;0;0
9;CATALUÑA;17;GERONA;211;225;VERGES;;17225A;0;0
9;CATALUÑA;17;GERONA;212;226;VIDRA;;17226A;0;0
9;CATALUÑA;17;GERONA;213;227;VIDRERES;;17227A;0;0
9;CATALUÑA;17;GERONA;214;228;VILABERTRAN;;17228A;0;0
9;CATALUÑA;17;GERONA;215;229;VILABLAREIX;;17229A;0;0
9;CATALUÑA;17;GERONA;216;230;VILADASENS;;17230A;0;0
9;CATALUÑA;17;GERONA;217;231;VILADAMAT;;17231A;0;0
9;CATALUÑA;17;GERONA;218;232;VILADEMULS;;17232A;0;0
9;CATALUÑA;17;GERONA;218;232;VILADEMULS;;17232B;0;6
9;CATALUÑA;17;GERONA;220;234;VILADRAU;;17234A;0;0
9;CATALUÑA;17;GERONA;221;235;VILAFANT;;17235A;0;0
9;CATALUÑA;17;GERONA;222;236;VILAUR;;17236A;0;0
9;CATALUÑA;17;GERONA;223;237;VILAJUÏGA;;17237A;0;0
9;CATALUÑA;17;GERONA;224;238;VILALLONGA TER;;17238A;0;0
9;CATALUÑA;17;GERONA;225;240;VILAMACOLUM;;17240A;0;0
9;CATALUÑA;17;GERONA;226;241;VILAMALLA;;17241A;0;0
9;CATALUÑA;17;GERONA;227;242;VILAMANISCLE;;17242A;0;0
9;CATALUÑA;17;GERONA;228;243;VILANANT;;17243A;0;0
9;CATALUÑA;17;GERONA;230;245;VILA-SACRA;;17245A;0;0
9;CATALUÑA;17;GERONA;232;247;VILOPRIU;;17247A;0;0
9;CATALUÑA;17;GERONA;233;248;VILOBI ONYAR;;17248A;0;0
9;CATALUÑA;17;GERONA;234;249;BIURE;;17249A;0;0
9;CATALUÑA;17;GERONA;901;64;CRUNLLES, MONELLS I SANT SADURNI DE L'HEURA;;17064A;0;0
9;CATALUÑA;17;GERONA;902;77;FORALLAC;;17077A;0;0
9;CATALUÑA;17;GERONA;903;251;SANT JULIA DEL LLOR I BONMATI;;17251A;0;0
9;CATALUÑA;25;LERIDA;1;1;ABELLA DE LA CONCA;;25001A;0;0
9;CATALUÑA;25;LERIDA;2;2;AGER;;25002A;0;0
9;CATALUÑA;25;LERIDA;3;3;AGRAMUNT;;25003A;0;0
9;CATALUÑA;25;LERIDA;4;4;ELS ALAMUS;;25004A;0;0
9;CATALUÑA;25;LERIDA;5;5;ALAS I CERC;;25005A;0;0
9;CATALUÑA;25;LERIDA;6;6;L'ALBAGES;;25006A;0;0
9;CATALUÑA;25;LERIDA;7;7;ALBATARREC;;25007A;0;0
9;CATALUÑA;25;LERIDA;8;8;ALBESA;;25008A;0;0
9;CATALUÑA;25;LERIDA;9;9;L'ALBI;;25009A;0;0
9;CATALUÑA;25;LERIDA;10;10;ALCANO;;25010A;0;0
9;CATALUÑA;25;LERIDA;11;11;ALCARRAS;;25011A;0;0
9;CATALUÑA;25;LERIDA;12;12;ALCOLETGE;;25012A;0;0
9;CATALUÑA;25;LERIDA;13;13;ALFARRAS;;25013A;0;0
9;CATALUÑA;25;LERIDA;14;14;ALFES;;25014A;0;0
9;CATALUÑA;25;LERIDA;15;15;ALGERRI;;25015A;0;0
9;CATALUÑA;25;LERIDA;16;16;ALGUAIRE;;25016A;0;0
9;CATALUÑA;25;LERIDA;17;17;ALINS;;25017A;0;0
9;CATALUÑA;25;LERIDA;19;19;ALMACELLES;;25019A;0;0
9;CATALUÑA;25;LERIDA;20;20;ALMATRET;;25020A;0;0
9;CATALUÑA;25;LERIDA;21;21;ALMENAR;;25021A;0;0
9;CATALUÑA;25;LERIDA;22;22;ALOS DE BALAGUER;;25022A;0;0
9;CATALUÑA;25;LERIDA;23;23;ALPICAT;;25023A;0;0
9;CATALUÑA;25;LERIDA;24;299;ALT ANEU;;25299A;0;0
9;CATALUÑA;25;LERIDA;25;233;NAUT ARAN;;25233A;0;0
9;CATALUÑA;25;LERIDA;27;25;ANGLESOLA;;25025A;0;0
9;CATALUÑA;25;LERIDA;29;32;ARBECA;;25032A;0;0
9;CATALUÑA;25;LERIDA;30;278;EL PONT DE BAR;;25278A;0;0
9;CATALUÑA;25;LERIDA;31;36;ARRES;;25036A;0;0
9;CATALUÑA;25;LERIDA;32;39;ARSEGUEL;;25039A;0;0
9;CATALUÑA;25;LERIDA;33;40;ARTESA DE LLEIDA;;25040A;0;0
9;CATALUÑA;25;LERIDA;34;41;ARTESA DE SEGRE;;25041A;0;0
9;CATALUÑA;25;LERIDA;35;43;LA SENTIU DE SIO;;25043A;0;0
9;CATALUÑA;25;LERIDA;36;44;ASPA;;25044A;0;0
9;CATALUÑA;25;LERIDA;37;45;AVELLANES I SANTA LINYA;;25045A;0;0
9;CATALUÑA;25;LERIDA;38;46;AITONA;;25046A;0;0
9;CATALUÑA;25;LERIDA;39;126;BAIX PALLARS;;25126A;0;0
9;CATALUÑA;25;LERIDA;40;49;BALAGUER;;25049A;0;0
9;CATALUÑA;25;LERIDA;41;50;BARBENS;;25050A;0;0
9;CATALUÑA;25;LERIDA;42;51;LA BARONIA DE RIALB;;25051A;0;0
9;CATALUÑA;25;LERIDA;43;52;VALL DE BOI;;25052A;0;0
9;CATALUÑA;25;LERIDA;44;53;BASSELLA;;25053A;0;0
9;CATALUÑA;25;LERIDA;45;54;BAUSEN;;25054A;0;0
9;CATALUÑA;25;LERIDA;46;55;BELIANES;;25055A;0;0
9;CATALUÑA;25;LERIDA;47;56;BELLCAIRE D'URGELL;;25056A;0;0
9;CATALUÑA;25;LERIDA;48;57;BELL.LLOC D'URGELL;;25057A;0;0
9;CATALUÑA;25;LERIDA;49;58;BELLMUNT;;25058A;0;0
9;CATALUÑA;25;LERIDA;50;59;BELLPUIG;;25059A;0;0
9;CATALUÑA;25;LERIDA;51;60;BELLVER DE CERDANYA;;25060A;0;0
9;CATALUÑA;25;LERIDA;52;61;BELLVIS;;25061A;0;0
9;CATALUÑA;25;LERIDA;53;63;BENAVENT DE SEGRIA;;25063A;0;0
9;CATALUÑA;25;LERIDA;55;67;BIOSCA;;25067A;0;0
9;CATALUÑA;25;LERIDA;56;68;BOVERA;;25068A;0;0
9;CATALUÑA;25;LERIDA;57;69;ES BORDES;;25069A;0;0
9;CATALUÑA;25;LERIDA;58;70;LES BORGES BLANQUES;;25070A;0;0
9;CATALUÑA;25;LERIDA;59;71;BOSSOST;;25071A;0;0
9;CATALUÑA;25;LERIDA;60;72;CABANABONA;;25072A;0;0
9;CATALUÑA;25;LERIDA;61;73;CABO;;25073A;0;0
9;CATALUÑA;25;LERIDA;62;74;CAMARASA;;25074A;0;0
9;CATALUÑA;25;LERIDA;63;75;CANEJAN;;25075A;0;0
9;CATALUÑA;25;LERIDA;64;76;CASTELLAR DE LA RIBERA;;25076A;0;0
9;CATALUÑA;25;LERIDA;67;79;CASTELLDANS;;25079A;0;0
9;CATALUÑA;25;LERIDA;68;80;CASTELLNOU DE SEANA;;25080A;0;0
9;CATALUÑA;25;LERIDA;69;81;CASTELLO DE FARFANYA;;25081A;0;0
9;CATALUÑA;25;LERIDA;70;82;CASTELLSERA;;25082A;0;0
9;CATALUÑA;25;LERIDA;71;83;CAVA;;25083A;0;0
9;CATALUÑA;25;LERIDA;72;84;CERVERA;;25084A;0;0
9;CATALUÑA;25;LERIDA;73;85;CERVIA DE LES GARRIGUES;;25085A;0;0
9;CATALUÑA;25;LERIDA;74;86;CIUTADILLA;;25086A;0;0
9;CATALUÑA;25;LERIDA;75;89;CLARIANA DE CARDENER;;25089A;0;0
9;CATALUÑA;25;LERIDA;76;91;EL COGUL;;25091A;0;0
9;CATALUÑA;25;LERIDA;77;92;COLL DE NARGO;;25092A;0;0
9;CATALUÑA;25;LERIDA;78;94;CORBINS;;25094A;0;0
9;CATALUÑA;25;LERIDA;79;95;CUBELLS;;25095A;0;0
9;CATALUÑA;25;LERIDA;81;102;L'ESPLUGA CALVA;;25102A;0;0
9;CATALUÑA;25;LERIDA;82;104;ESPOT;;25104A;0;0
9;CATALUÑA;25;LERIDA;85;107;ESTARAS;;25107A;0;0
9;CATALUÑA;25;LERIDA;86;108;ESTERRI D'ANEU;;25108A;0;0
9;CATALUÑA;25;LERIDA;87;109;ESTERRI DE CARDOS;;25109A;0;0
9;CATALUÑA;25;LERIDA;88;110;ESTAMARIU;;25110A;0;0
9;CATALUÑA;25;LERIDA;89;111;FARRERA;;25111A;0;0
9;CATALUÑA;25;LERIDA;92;117;LA FLORESTA;;25117A;0;0
9;CATALUÑA;25;LERIDA;93;118;FONDARELLA;;25118A;0;0
9;CATALUÑA;25;LERIDA;94;120;FORADADA;;25120A;0;0
9;CATALUÑA;25;LERIDA;96;122;LA FULIOLA;;25122A;0;0
9;CATALUÑA;25;LERIDA;97;123;FULLEDA;;25123A;0;0
9;CATALUÑA;25;LERIDA;98;241;GAVET DE LA CONCA;;25241A;0;0
9;CATALUÑA;25;LERIDA;99;128;GOLMES;;25128A;0;0
9;CATALUÑA;25;LERIDA;100;129;GOSOL;;25129A;0;0
9;CATALUÑA;25;LERIDA;101;130;LA GRANADELLA;;25130A;0;0
9;CATALUÑA;25;LERIDA;102;131;LA GRANJA D'ESCARP;;25131A;0;0
9;CATALUÑA;25;LERIDA;103;132;GRANYANELLA;;25132A;0;0
9;CATALUÑA;25;LERIDA;104;133;GRANYENA DE SEGARRA;;25133A;0;0
9;CATALUÑA;25;LERIDA;105;134;GRANYENA DE GARRIGUES;;25134A;0;0
9;CATALUÑA;25;LERIDA;109;138;GUIMERA;;25138A;0;0
9;CATALUÑA;25;LERIDA;110;139;GUISSONA;;25139A;0;0
9;CATALUÑA;25;LERIDA;111;140;GUIXERS;;25140A;0;0
9;CATALUÑA;25;LERIDA;112;142;IVARS DE NOGUERA;;25142A;0;0
9;CATALUÑA;25;LERIDA;113;143;IVARS D`URGELL;;25143A;0;0
9;CATALUÑA;25;LERIDA;114;144;IVORRA;;25144A;0;0
9;CATALUÑA;25;LERIDA;115;146;ISONA I CONCA DELLA;;25146A;0;0
9;CATALUÑA;25;LERIDA;118;149;JUNCOSA;;25149A;0;0
9;CATALUÑA;25;LERIDA;119;150;JUNEDA;;25150A;0;0
9;CATALUÑA;25;LERIDA;120;900;LLEIDA;;25900A;0;0
9;CATALUÑA;25;LERIDA;121;152;LES;;25152A;0;0
9;CATALUÑA;25;LERIDA;122;153;LINYOLA;;25153A;0;0
9;CATALUÑA;25;LERIDA;123;154;LLADORRE;;25154A;0;0
9;CATALUÑA;25;LERIDA;124;155;LLADURS;;25155A;0;0
9;CATALUÑA;25;LERIDA;125;157;LLARDECANS;;25157A;0;0
9;CATALUÑA;25;LERIDA;126;158;LLAVORSI;;25158A;0;0
9;CATALUÑA;25;LERIDA;127;159;LLES DE CERDANYA;;25159A;0;0
9;CATALUÑA;25;LERIDA;128;162;LLIMIANA;;25162A;0;0
9;CATALUÑA;25;LERIDA;129;163;LLOBERA;;25163A;0;0
9;CATALUÑA;25;LERIDA;130;164;MALDA;;25164A;0;0
9;CATALUÑA;25;LERIDA;131;166;MASSALCOREIG;;25166A;0;0
9;CATALUÑA;25;LERIDA;132;167;MASSOTERES;;25167A;0;0
9;CATALUÑA;25;LERIDA;133;168;MAIALS;;25168A;0;0
9;CATALUÑA;25;LERIDA;134;169;MENARGUENS;;25169A;0;0
9;CATALUÑA;25;LERIDA;135;170;MIRALCAMP;;25170A;0;0
9;CATALUÑA;25;LERIDA;136;171;LA MOLSOSA;;25171A;0;0
9;CATALUÑA;25;LERIDA;137;172;MOLLERUSSA;;25172A;0;0
9;CATALUÑA;25;LERIDA;138;174;MONTGAI;;25174A;0;0
9;CATALUÑA;25;LERIDA;139;177;MONTELLA I MARTINET;;25177A;0;0
9;CATALUÑA;25;LERIDA;140;28;MONTFERRER I CASTELLBO;;25028A;0;0
9;CATALUÑA;25;LERIDA;141;178;MONTOLIU DE SEGARRA;;25178A;0;0
9;CATALUÑA;25;LERIDA;142;179;MONTOLIU DE LLEIDA;;25179A;0;0
9;CATALUÑA;25;LERIDA;143;180;MONTORNES DE SEGARRA;;25180A;0;0
9;CATALUÑA;25;LERIDA;145;183;NALEC;;25183A;0;0
9;CATALUÑA;25;LERIDA;146;184;NAVES;;25184A;0;0
9;CATALUÑA;25;LERIDA;148;186;ODEN;;25186A;0;0
9;CATALUÑA;25;LERIDA;149;187;OLIANA;;25187A;0;0
9;CATALUÑA;25;LERIDA;150;188;OLIOLA;;25188A;0;0
9;CATALUÑA;25;LERIDA;151;189;OLIUS;;25189A;0;0
9;CATALUÑA;25;LERIDA;152;190;LES OLUGES;;25190A;0;0
9;CATALUÑA;25;LERIDA;153;191;ELS OMELLONS;;25191A;0;0
9;CATALUÑA;25;LERIDA;154;192;ELS OMELLS DE NA GAIA;;25192A;0;0
9;CATALUÑA;25;LERIDA;155;194;ORGANYA;;25194A;0;0
9;CATALUÑA;25;LERIDA;156;196;OS DE BALAGUER;;25196A;0;0
9;CATALUÑA;25;LERIDA;157;197;OSSO DE SIO;;25197A;0;0
9;CATALUÑA;25;LERIDA;158;198;EL PALAU D'ANGLESOLA;;25198A;0;0
9;CATALUÑA;25;LERIDA;161;90;CONCA DE DALT;;25090A;0;0
9;CATALUÑA;25;LERIDA;163;203;LA COMA I LA PEDRA;;25203A;0;0
9;CATALUÑA;25;LERIDA;164;204;PENELLES;;25204A;0;0
9;CATALUÑA;25;LERIDA;165;206;PERAMOLA;;25206A;0;0
9;CATALUÑA;25;LERIDA;166;207;PINELL DE SOLSONES;;25207A;0;0
9;CATALUÑA;25;LERIDA;167;208;PINOS;;25208A;0;0
9;CATALUÑA;25;LERIDA;168;210;EL POAL;;25210A;0;0
9;CATALUÑA;25;LERIDA;169;211;LA POBLA DE CERVOLES;;25211A;0;0
9;CATALUÑA;25;LERIDA;170;212;BELLAGUARDA;;25212A;0;0
9;CATALUÑA;25;LERIDA;171;213;LA POBLA DE SEGUR;;25213A;0;0
9;CATALUÑA;25;LERIDA;172;215;PONTS;;25215A;0;0
9;CATALUÑA;25;LERIDA;173;216;EL PONT DE SUERT;;25216A;0;0
9;CATALUÑA;25;LERIDA;174;217;LA PORTELLA;;25217A;0;0
9;CATALUÑA;25;LERIDA;175;218;PRATS I SANSOR;;25218A;0;0
9;CATALUÑA;25;LERIDA;176;219;PREIXANA;;25219A;0;0
9;CATALUÑA;25;LERIDA;177;220;PREIXENS;;25220A;0;0
9;CATALUÑA;25;LERIDA;179;222;PRULLANS;;25222A;0;0
9;CATALUÑA;25;LERIDA;180;223;PUIGGROS;;25223A;0;0
9;CATALUÑA;25;LERIDA;181;224;PUIGVERD D'AGRAMUNT;;25224A;0;0
9;CATALUÑA;25;LERIDA;182;225;PUIGVERD DE LLEIDA;;25225A;0;0
9;CATALUÑA;25;LERIDA;183;226;RIALP;;25226A;0;0
9;CATALUÑA;25;LERIDA;185;209;RIBERA D'URGELLET;;25209A;0;0
9;CATALUÑA;25;LERIDA;186;228;RINER;;25228A;0;0
9;CATALUÑA;25;LERIDA;189;232;ROSSELLO;;25232A;0;0
9;CATALUÑA;25;LERIDA;190;234;SALAS DE PALLARS;;25234A;0;0
9;CATALUÑA;25;LERIDA;191;235;SANAUJA;;25235A;0;0
9;CATALUÑA;25;LERIDA;192;236;SANT GUIM DE FREIXENET;;25236A;0;0
9;CATALUÑA;25;LERIDA;193;237;SANT LLORENÇ DE MORUNYS;;25237A;0;0
9;CATALUÑA;25;LERIDA;194;238;SANT RAMON;;25238A;0;0
9;CATALUÑA;25;LERIDA;196;242;SANT ESTEVE DE LA SARGA;;25242A;0;0
9;CATALUÑA;25;LERIDA;197;243;SANT GUIM DE LA PLANA;;25243A;0;0
9;CATALUÑA;25;LERIDA;200;249;SARROCA DE LLEIDA;;25249A;0;0
9;CATALUÑA;25;LERIDA;201;250;SARROCA DE BELLERA;;25250A;0;0
9;CATALUÑA;25;LERIDA;202;251;SENTERADA;;25251A;0;0
9;CATALUÑA;25;LERIDA;203;252;LA SEU D'URGELL;;25252A;0;0
9;CATALUÑA;25;LERIDA;204;254;SEROS;;25254A;0;0
9;CATALUÑA;25;LERIDA;205;255;SIDAMON;;25255A;0;0
9;CATALUÑA;25;LERIDA;206;256;EL SOLERAS;;25256A;0;0
9;CATALUÑA;25;LERIDA;207;257;SOLSONA;;25257A;0;0
9;CATALUÑA;25;LERIDA;208;259;SORIGUERA;;25259A;0;0
9;CATALUÑA;25;LERIDA;209;261;SORT;;25261A;0;0
9;CATALUÑA;25;LERIDA;210;262;SOSES;;25262A;0;0
9;CATALUÑA;25;LERIDA;211;263;SUDANELL;;25263A;0;0
9;CATALUÑA;25;LERIDA;212;264;SUNYER;;25264A;0;0
9;CATALUÑA;25;LERIDA;215;268;TALARN;;25268A;0;0
9;CATALUÑA;25;LERIDA;216;269;TALAVERA;;25269A;0;0
9;CATALUÑA;25;LERIDA;217;272;TARREGA;;25272A;0;0
9;CATALUÑA;25;LERIDA;218;273;TARRES;;25273A;0;0
9;CATALUÑA;25;LERIDA;219;274;TARROJA DE SEGARRA;;25274A;0;0
9;CATALUÑA;25;LERIDA;220;275;TERMENS;;25275A;0;0
9;CATALUÑA;25;LERIDA;221;276;TIRVIA;;25276A;0;0
9;CATALUÑA;25;LERIDA;222;277;TIURANA;;25277A;0;0
9;CATALUÑA;25;LERIDA;223;279;TORA;;25279A;0;0
9;CATALUÑA;25;LERIDA;224;281;ELS TORMS;;25281A;0;0
9;CATALUÑA;25;LERIDA;225;282;TORNABOUS;;25282A;0;0
9;CATALUÑA;25;LERIDA;226;283;TORREBESSES;;25283A;0;0
9;CATALUÑA;25;LERIDA;227;284;LA TORRE DE CABDELLA;;25284A;0;0
9;CATALUÑA;25;LERIDA;228;285;TORREFARRERA;;25285A;0;0
9;CATALUÑA;25;LERIDA;230;287;TORREGROSSA;;25287A;0;0
9;CATALUÑA;25;LERIDA;231;288;TORRELAMEU;;25288A;0;0
9;CATALUÑA;25;LERIDA;232;289;TORRES DE SEGRE;;25289A;0;0
9;CATALUÑA;25;LERIDA;233;290;TORRE-SERONA;;25290A;0;0
9;CATALUÑA;25;LERIDA;234;295;TREMP;;25295A;0;0
9;CATALUÑA;25;LERIDA;238;300;VALLBONA DE LES MONGES;;25300A;0;0
9;CATALUÑA;25;LERIDA;239;26;LES VALLS DE VALIRA;;25026A;0;0
9;CATALUÑA;25;LERIDA;240;301;VALLFOGONA DE BALAGUER;;25301A;0;0
9;CATALUÑA;25;LERIDA;242;303;VERDU;;25303A;0;0
9;CATALUÑA;25;LERIDA;243;304;VIELHA E MIJARAN;;25304A;0;0
9;CATALUÑA;25;LERIDA;244;306;VILAGRASSA;;25306A;0;0
9;CATALUÑA;25;LERIDA;245;307;VILALLER;;25307A;0;0
9;CATALUÑA;25;LERIDA;247;309;VILAMOS;;25309A;0;0
9;CATALUÑA;25;LERIDA;248;310;VILANOVA DE BELLPUIG;;25310A;0;0
9;CATALUÑA;25;LERIDA;249;311;VILANOVA DE L'AGUDA;;25311A;0;0
9;CATALUÑA;25;LERIDA;250;312;VILANOVA DE MEIA;;25312A;0;0
9;CATALUÑA;25;LERIDA;251;313;VILANOVA DE SEGRIA;;25313A;0;0
9;CATALUÑA;25;LERIDA;252;314;VILA-SANA;;25314A;0;0
9;CATALUÑA;25;LERIDA;253;316;EL VILOSELL;;25316A;0;0
9;CATALUÑA;25;LERIDA;254;317;VILANOVA DE LA BARCA;;25317A;0;0
9;CATALUÑA;25;LERIDA;255;319;VINAIXA;;25319A;0;0
9;CATALUÑA;25;LERIDA;901;227;VALL DE CARDOS;;25227A;0;0
9;CATALUÑA;25;LERIDA;902;244;SANT MARTI DE RIUCORB;;25244A;0;0
9;CATALUÑA;25;LERIDA;903;148;LA GUINGUETA D'ANEU;;25148A;0;0
9;CATALUÑA;25;LERIDA;904;136;CASTELL DE MUR;;25136A;0;0
9;CATALUÑA;25;LERIDA;905;240;RIBERA D`ONDARA;;25240A;0;0
9;CATALUÑA;25;LERIDA;906;185;LES VALLS D'AGUILAR;;25185A;0;0
9;CATALUÑA;25;LERIDA;907;286;TORREFETA I FLOREJACS;;25286A;0;0
9;CATALUÑA;25;LERIDA;908;112;FIGOLS I ALINYA;;25112A;0;0
9;CATALUÑA;25;LERIDA;909;302;LA VANSA I FORNOLS;;25302A;0;0
9;CATALUÑA;25;LERIDA;910;147;JOSA I TUIXEN;;25147A;0;0
9;CATALUÑA;25;LERIDA;911;31;ELS PLANS DE SIO;;25031A;0;0
9;CATALUÑA;25;LERIDA;912;321;GIMENELLS I PLA DE LA FONT;;25321A;0;0
9;CATALUÑA;25;LERIDA;913;229;RIU DE CERDANYA;;25229A;0;0
9;CATALUÑA;43;TARRAGONA;1;1;AIGUAMURCIA;;43001A;0;0
9;CATALUÑA;43;TARRAGONA;2;2;ALBINYANA;;43002A;0;0
9;CATALUÑA;43;TARRAGONA;3;3;L'ALBIOL;;43003A;0;0
9;CATALUÑA;43;TARRAGONA;4;4;ALCANAR;;43004A;0;0
9;CATALUÑA;43;TARRAGONA;5;5;ALCOVER;;43005A;0;0
9;CATALUÑA;43;TARRAGONA;6;6;ALDOVER;;43006A;0;0
9;CATALUÑA;43;TARRAGONA;7;7;L'ALEIXAR;;43007A;0;0
9;CATALUÑA;43;TARRAGONA;8;8;ALFARA DE CARLES;;43008A;0;0
9;CATALUÑA;43;TARRAGONA;9;9;ALFORJA;;43009A;0;0
9;CATALUÑA;43;TARRAGONA;10;10;ALIO;;43010A;0;0
9;CATALUÑA;43;TARRAGONA;11;11;ALMOSTER;;43011A;0;0
9;CATALUÑA;43;TARRAGONA;12;12;ALTAFULLA;;43012A;0;0
9;CATALUÑA;43;TARRAGONA;13;13;L'AMETLLA DE MAR;;43013A;0;0
9;CATALUÑA;43;TARRAGONA;14;14;AMPOSTA;;43014A;0;0
9;CATALUÑA;43;TARRAGONA;15;15;ARBOLI;;43015A;0;0
9;CATALUÑA;43;TARRAGONA;16;16;L'ARBOÇ;;43016A;0;0
9;CATALUÑA;43;TARRAGONA;17;17;L'ARGENTERA;;43017A;0;0
9;CATALUÑA;43;TARRAGONA;18;18;ARNES;;43018A;0;0
9;CATALUÑA;43;TARRAGONA;19;19;ASCO;;43019A;0;0
9;CATALUÑA;43;TARRAGONA;20;20;BANYERES DEL PENEDES;;43020A;0;0
9;CATALUÑA;43;TARRAGONA;21;21;BARBERA DE LA CONCA;;43021A;0;0
9;CATALUÑA;43;TARRAGONA;22;22;BATEA;;43022A;0;0
9;CATALUÑA;43;TARRAGONA;23;23;BELLMUNT DEL PRIORAT;;43023A;0;0
9;CATALUÑA;43;TARRAGONA;24;24;BELLVEI;;43024A;0;0
9;CATALUÑA;43;TARRAGONA;25;25;BENIFALLET;;43025A;0;0
9;CATALUÑA;43;TARRAGONA;26;26;BENISSANET;;43026A;0;0
9;CATALUÑA;43;TARRAGONA;27;27;LA BISBAL DE FALSET;;43027A;0;0
9;CATALUÑA;43;TARRAGONA;28;28;LA BISBAL DEL PENEDES;;43028A;0;0
9;CATALUÑA;43;TARRAGONA;29;29;BLANCAFORT;;43029A;0;0
9;CATALUÑA;43;TARRAGONA;30;30;BONASTRE;;43030A;0;0
9;CATALUÑA;43;TARRAGONA;31;31;LES BORGES DEL CAMP;;43031A;0;0
9;CATALUÑA;43;TARRAGONA;32;32;BOT;;43032A;0;0
9;CATALUÑA;43;TARRAGONA;33;33;BOTARELL;;43033A;0;0
9;CATALUÑA;43;TARRAGONA;34;34;BRAFIM;;43034A;0;0
9;CATALUÑA;43;TARRAGONA;35;35;CABACES;;43035A;0;0
9;CATALUÑA;43;TARRAGONA;36;36;CABRA DEL CAMP;;43036A;0;0
9;CATALUÑA;43;TARRAGONA;37;37;CALAFELL;;43037A;0;0
9;CATALUÑA;43;TARRAGONA;38;38;CAMBRILS;;43038A;0;0
9;CATALUÑA;43;TARRAGONA;39;40;CAPAFONTS;;43040A;0;0
9;CATALUÑA;43;TARRAGONA;40;41;CAPÇANES;;43041A;0;0
9;CATALUÑA;43;TARRAGONA;41;42;CASERES;;43042A;0;0
9;CATALUÑA;43;TARRAGONA;42;43;CASTELLVELL DEL CAMP;;43043A;0;0
9;CATALUÑA;43;TARRAGONA;43;44;EL CATLLAR;;43044A;0;0
9;CATALUÑA;43;TARRAGONA;44;45;LA SENIA;;43045A;0;0
9;CATALUÑA;43;TARRAGONA;45;46;COLLDEJOU;;43046A;0;0
9;CATALUÑA;43;TARRAGONA;46;47;CONESA;;43047A;0;0
9;CATALUÑA;43;TARRAGONA;47;48;CONSTANTI;;43048A;0;0
9;CATALUÑA;43;TARRAGONA;48;49;CORBERA D'EBRE;;43049A;0;0
9;CATALUÑA;43;TARRAGONA;49;50;CORNUDELLA DE MONTSANT;;43050A;0;0
9;CATALUÑA;43;TARRAGONA;50;51;CREIXELL;;43051A;0;0
9;CATALUÑA;43;TARRAGONA;51;52;CUNIT;;43052A;0;0
9;CATALUÑA;43;TARRAGONA;52;53;XERTA;;43053A;0;0
9;CATALUÑA;43;TARRAGONA;53;54;DUESAIGUES;;43054A;0;0
9;CATALUÑA;43;TARRAGONA;54;55;L'ESPLUGA  DE  FRANCOLI;;43055A;0;0
9;CATALUÑA;43;TARRAGONA;55;56;FALSET;;43056A;0;0
9;CATALUÑA;43;TARRAGONA;56;57;LA FATARELLA;;43057A;0;0
9;CATALUÑA;43;TARRAGONA;57;58;LA FEBRO;;43058A;0;0
9;CATALUÑA;43;TARRAGONA;58;59;LA FIGUERA;;43059A;0;0
9;CATALUÑA;43;TARRAGONA;59;60;FIGUEROLA DEL CAMP;;43060A;0;0
9;CATALUÑA;43;TARRAGONA;60;61;FLIX;;43061A;0;0
9;CATALUÑA;43;TARRAGONA;61;62;FORES;;43062A;0;0
9;CATALUÑA;43;TARRAGONA;62;63;FREGINALS;;43063A;0;0
9;CATALUÑA;43;TARRAGONA;63;64;LA GALERA;;43064A;0;0
9;CATALUÑA;43;TARRAGONA;64;65;GANDESA;;43065A;0;0
9;CATALUÑA;43;TARRAGONA;65;66;GARCIA;;43066A;0;0
9;CATALUÑA;43;TARRAGONA;66;67;ELS GARIDELLS;;43067A;0;0
9;CATALUÑA;43;TARRAGONA;67;68;GINESTAR;;43068A;0;0
9;CATALUÑA;43;TARRAGONA;68;69;GODALL;;43069A;0;0
9;CATALUÑA;43;TARRAGONA;69;70;GRATALLOPS;;43070A;0;0
9;CATALUÑA;43;TARRAGONA;70;71;ELS GUIAMETS;;43071A;0;0
9;CATALUÑA;43;TARRAGONA;71;72;HORTA DE SANT JOAN;;43072A;0;0
9;CATALUÑA;43;TARRAGONA;72;73;EL LLOAR;;43073A;0;0
9;CATALUÑA;43;TARRAGONA;73;74;LLORAC;;43074A;0;0
9;CATALUÑA;43;TARRAGONA;74;75;LLORENÇ DEL PENEDES;;43075A;0;0
9;CATALUÑA;43;TARRAGONA;75;76;MARGALEF;;43076A;0;0
9;CATALUÑA;43;TARRAGONA;76;77;MARÇA;;43077A;0;0
9;CATALUÑA;43;TARRAGONA;77;78;MAS DE BARBERANS;;43078A;0;0
9;CATALUÑA;43;TARRAGONA;78;79;MASDENVERGE;;43079A;0;0
9;CATALUÑA;43;TARRAGONA;79;80;MASLLORENÇ;;43080A;0;0
9;CATALUÑA;43;TARRAGONA;80;81;LA MASO;;43081A;0;0
9;CATALUÑA;43;TARRAGONA;81;82;MASPUJOLS;;43082A;0;0
9;CATALUÑA;43;TARRAGONA;82;83;EL MASROIG;;43083A;0;0
9;CATALUÑA;43;TARRAGONA;83;84;EL MILA;;43084A;0;0
9;CATALUÑA;43;TARRAGONA;84;85;MIRAVET;;43085A;0;0
9;CATALUÑA;43;TARRAGONA;85;86;EL MOLAR;;43086A;0;0
9;CATALUÑA;43;TARRAGONA;86;87;MONTBLANC;;43087A;0;0
9;CATALUÑA;43;TARRAGONA;88;89;MONTBRIO DEL CAMP;;43089A;0;0
9;CATALUÑA;43;TARRAGONA;89;90;MONTFERRI;;43090A;0;0
9;CATALUÑA;43;TARRAGONA;90;91;EL MONTMELL;;43091A;0;0
9;CATALUÑA;43;TARRAGONA;91;92;MONT-RAL;;43092A;0;0
9;CATALUÑA;43;TARRAGONA;92;93;MONT-ROIG DEL CAMP;;43093A;0;0
9;CATALUÑA;43;TARRAGONA;93;94;MORA D'EBRE;;43094A;0;0
9;CATALUÑA;43;TARRAGONA;94;95;MORA LA NOVA;;43095A;0;0
9;CATALUÑA;43;TARRAGONA;95;96;EL MORELL;;43096A;0;0
9;CATALUÑA;43;TARRAGONA;96;97;LA MORERA DE MONTSANT;;43097A;0;0
9;CATALUÑA;43;TARRAGONA;97;99;LA NOU DE GAIA;;43099A;0;0
9;CATALUÑA;43;TARRAGONA;98;100;NULLES;;43100A;0;0
9;CATALUÑA;43;TARRAGONA;99;101;LA PALMA D'EBRE;;43101A;0;0
9;CATALUÑA;43;TARRAGONA;100;102;PALLARESOS ELS;;43102A;0;0
9;CATALUÑA;43;TARRAGONA;101;103;PASSANANT I BELLTALL;;43103A;0;0
9;CATALUÑA;43;TARRAGONA;102;104;PAULS;;43104A;0;0
9;CATALUÑA;43;TARRAGONA;103;105;PERAFORT;;43105A;0;0
9;CATALUÑA;43;TARRAGONA;104;106;EL PERELLO;;43106A;0;0
9;CATALUÑA;43;TARRAGONA;105;107;LES PILES;;43107A;0;0
9;CATALUÑA;43;TARRAGONA;106;108;EL PINELL DE BRAI;;43108A;0;0
9;CATALUÑA;43;TARRAGONA;107;109;PIRA;;43109A;0;0
9;CATALUÑA;43;TARRAGONA;108;110;EL PLA DE SANTA MARIA;;43110A;0;0
9;CATALUÑA;43;TARRAGONA;109;111;LA POBLA DE MAFUMET;;43111A;0;0
9;CATALUÑA;43;TARRAGONA;110;112;LA POBLA DE MASSALUCA;;43112A;0;0
9;CATALUÑA;43;TARRAGONA;111;113;LA POBLA DE MONTORNES;;43113A;0;0
9;CATALUÑA;43;TARRAGONA;112;114;POBOLEDA;;43114A;0;0
9;CATALUÑA;43;TARRAGONA;113;115;EL PONT D'ARMENTERA;;43115A;0;0
9;CATALUÑA;43;TARRAGONA;114;116;PORRERA;;43116A;0;0
9;CATALUÑA;43;TARRAGONA;115;117;PRADELL DE LA TEIXETA;;43117A;0;0
9;CATALUÑA;43;TARRAGONA;116;118;PRADES;;43118A;0;0
9;CATALUÑA;43;TARRAGONA;117;119;PRAT DE COMTE;;43119A;0;0
9;CATALUÑA;43;TARRAGONA;118;120;PRATDIP;;43120A;0;0
9;CATALUÑA;43;TARRAGONA;119;121;PUIGPELAT;;43121A;0;0
9;CATALUÑA;43;TARRAGONA;120;122;QUEROL;;43122A;0;0
9;CATALUÑA;43;TARRAGONA;121;123;RASQUERA;;43123A;0;0
9;CATALUÑA;43;TARRAGONA;122;124;RENAU;;43124A;0;0
9;CATALUÑA;43;TARRAGONA;123;125;REUS;;43125A;0;0
9;CATALUÑA;43;TARRAGONA;124;126;LA RIBA;;43126A;0;0
9;CATALUÑA;43;TARRAGONA;125;127;RIBA-ROJA D'EBRE;;43127A;0;0
9;CATALUÑA;43;TARRAGONA;126;128;LA RIERA DE GAIA;;43128A;0;0
9;CATALUÑA;43;TARRAGONA;127;129;RIUDECANYES;;43129A;0;0
9;CATALUÑA;43;TARRAGONA;128;130;RIUDECOLS;;43130A;0;0
9;CATALUÑA;43;TARRAGONA;129;131;RIUDOMS;;43131A;0;0
9;CATALUÑA;43;TARRAGONA;130;132;ROCAFORT DE QUERALT;;43132A;0;0
9;CATALUÑA;43;TARRAGONA;131;133;RODA DE BERA;;43133A;0;0
9;CATALUÑA;43;TARRAGONA;132;134;RODONYA;;43134A;0;0
9;CATALUÑA;43;TARRAGONA;133;135;ROQUETES;;43135A;0;0
9;CATALUÑA;43;TARRAGONA;134;136;EL ROURELL;;43136A;0;0
9;CATALUÑA;43;TARRAGONA;135;137;SALOMO;;43137A;0;0
9;CATALUÑA;43;TARRAGONA;136;138;SANT CARLES DE LA RAPITA;;43138A;0;0
9;CATALUÑA;43;TARRAGONA;137;139;SANT JAUME DELS DOMENYS;;43139A;0;0
9;CATALUÑA;43;TARRAGONA;138;140;SANTA BARBARA;;43140A;0;0
9;CATALUÑA;43;TARRAGONA;139;141;SANTA COLOMA DE QUERALT;;43141A;0;0
9;CATALUÑA;43;TARRAGONA;140;142;SANTA OLIVA;;43142A;0;0
9;CATALUÑA;43;TARRAGONA;141;143;PONTILS;;43143A;0;0
9;CATALUÑA;43;TARRAGONA;142;144;SARRAL;;43144A;0;0
9;CATALUÑA;43;TARRAGONA;143;145;SAVALLA DEL COMTAT;;43145A;0;0
9;CATALUÑA;43;TARRAGONA;144;146;LA SECUITA;;43146A;0;0
9;CATALUÑA;43;TARRAGONA;145;147;LA SELVA DEL CAMP;;43147A;0;0
9;CATALUÑA;43;TARRAGONA;146;148;SENAN;;43148A;0;0
9;CATALUÑA;43;TARRAGONA;147;149;SOLIVELLA;;43149A;0;0
9;CATALUÑA;43;TARRAGONA;148;900;TARRAGONA;;43900A;0;0
9;CATALUÑA;43;TARRAGONA;149;151;TIVENYS;;43151A;0;0
9;CATALUÑA;43;TARRAGONA;150;152;TIVISSA;;43152A;0;0
9;CATALUÑA;43;TARRAGONA;151;153;LA TORRE DE FONTAUBELLA;;43153A;0;0
9;CATALUÑA;43;TARRAGONA;152;154;LA TORRE DE L'ESPANYOL;;43154A;0;0
9;CATALUÑA;43;TARRAGONA;153;155;TORREDEMBARRA;;43155A;0;0
9;CATALUÑA;43;TARRAGONA;154;156;TORROJA DEL PRIORAT;;43156A;0;0
9;CATALUÑA;43;TARRAGONA;155;157;TORTOSA;;43157A;0;0
9;CATALUÑA;43;TARRAGONA;156;158;ULLDECONA;;43158A;0;0
9;CATALUÑA;43;TARRAGONA;157;159;ULLDEMOLINS;;43159A;0;0
9;CATALUÑA;43;TARRAGONA;158;160;VALLCLARA;;43160A;0;0
9;CATALUÑA;43;TARRAGONA;159;161;VALLFOGONA DE RIUCORB;;43161A;0;0
9;CATALUÑA;43;TARRAGONA;160;162;VALLMOLL;;43162A;0;0
9;CATALUÑA;43;TARRAGONA;161;163;VALLS;;43163A;0;0
9;CATALUÑA;43;TARRAGONA;162;164;VANDELLOS-L'HOSPITALET DE L'IN;;43164A;0;0
9;CATALUÑA;43;TARRAGONA;163;165;EL VENDRELL;;43165A;0;0
9;CATALUÑA;43;TARRAGONA;164;166;VESPELLA DE GAIA;;43166A;0;0
9;CATALUÑA;43;TARRAGONA;165;167;VILABELLA;;43167A;0;0
9;CATALUÑA;43;TARRAGONA;166;168;VILALLONGA DEL CAMP;;43168A;0;0
9;CATALUÑA;43;TARRAGONA;167;169;VILANOVA D'ESCORNALBOU;;43169A;0;0
9;CATALUÑA;43;TARRAGONA;168;170;VILANOVA DE PRADES;;43170A;0;0
9;CATALUÑA;43;TARRAGONA;169;171;VILAPLANA;;43171A;0;0
9;CATALUÑA;43;TARRAGONA;170;172;VILA-RODONA;;43172A;0;0
9;CATALUÑA;43;TARRAGONA;171;173;VILA-SECA;;43173A;0;0
9;CATALUÑA;43;TARRAGONA;172;174;VILAVERD;;43174A;0;0
9;CATALUÑA;43;TARRAGONA;173;175;LA VILELLA ALTA;;43175A;0;0
9;CATALUÑA;43;TARRAGONA;174;176;LA VILELLA BAIXA;;43176A;0;0
9;CATALUÑA;43;TARRAGONA;175;177;VILALBA DELS ARCS;;43177A;0;0
9;CATALUÑA;43;TARRAGONA;176;178;VIMBODI I POBLET;;43178A;0;0
9;CATALUÑA;43;TARRAGONA;177;179;VINEBRE;;43179A;0;0
9;CATALUÑA;43;TARRAGONA;178;180;VINYOLS I ELS ARCS;;43180A;0;0
9;CATALUÑA;43;TARRAGONA;901;181;DELTEBRE;;43181A;0;0
9;CATALUÑA;43;TARRAGONA;902;182;SANT JAUME D'ENVEJA;;43182A;0;0
9;CATALUÑA;43;TARRAGONA;903;183;CAMARLES;;43183A;0;0
9;CATALUÑA;43;TARRAGONA;904;184;L'ALDEA;;43184A;0;0
9;CATALUÑA;43;TARRAGONA;905;185;SALOU;;43185A;0;0
9;CATALUÑA;43;TARRAGONA;906;186;L'AMPOLLA;;43186A;0;0
9;CATALUÑA;43;TARRAGONA;907;39;LA CANONJA;;43039A;0;0
10;EXTREMADURA;6;BADAJOZ;1;1;ACEDERA;;06001A;0;0
10;EXTREMADURA;6;BADAJOZ;2;2;ACEUCHAL;;06002A;0;0
10;EXTREMADURA;6;BADAJOZ;3;3;AHILLONES;;06003A;0;0
10;EXTREMADURA;6;BADAJOZ;4;4;ALANGE;;06004A;0;0
10;EXTREMADURA;6;BADAJOZ;5;5;LA ALBUERA;;06005A;0;0
10;EXTREMADURA;6;BADAJOZ;6;6;ALBURQUERQUE;;06006A;0;0
10;EXTREMADURA;6;BADAJOZ;7;7;ALCONCHEL;;06007A;0;0
10;EXTREMADURA;6;BADAJOZ;8;8;ALCONERA;;06008A;0;0
10;EXTREMADURA;6;BADAJOZ;9;9;ALJUCEN;;06009A;0;0
10;EXTREMADURA;6;BADAJOZ;10;10;ALMENDRAL;;06010A;0;0
10;EXTREMADURA;6;BADAJOZ;11;11;ALMENDRALEJO;;06011A;0;0
10;EXTREMADURA;6;BADAJOZ;12;12;ARROYO DE SAN SERVAN;;06012A;0;0
10;EXTREMADURA;6;BADAJOZ;13;13;ATALAYA;;06013A;0;0
10;EXTREMADURA;6;BADAJOZ;14;14;AZUAGA;;06014A;0;0
10;EXTREMADURA;6;BADAJOZ;15;900;BADAJOZ;;06900A;0;0
10;EXTREMADURA;6;BADAJOZ;16;16;BARCARROTA;;06016A;0;0
10;EXTREMADURA;6;BADAJOZ;17;17;BATERNO;;06017A;0;0
10;EXTREMADURA;6;BADAJOZ;18;18;BENQUERENCIA DE LA SERENA;;06018A;0;0
10;EXTREMADURA;6;BADAJOZ;18;18;BENQUERENCIA DE LA SERENA;;06018B;0;1
10;EXTREMADURA;6;BADAJOZ;19;19;BERLANGA;;06019A;0;0
10;EXTREMADURA;6;BADAJOZ;20;20;BIENVENIDA;;06020A;0;0
10;EXTREMADURA;6;BADAJOZ;21;21;BODONAL DE LA SIERRA;;06021A;0;0
10;EXTREMADURA;6;BADAJOZ;22;22;BURGUILLOS DEL CERRO;;06022A;0;0
10;EXTREMADURA;6;BADAJOZ;23;23;CABEZA DEL BUEY;;06023A;0;0
10;EXTREMADURA;6;BADAJOZ;24;24;CABEZA LA VACA;;06024A;0;0
10;EXTREMADURA;6;BADAJOZ;25;25;CALAMONTE;;06025A;0;0
10;EXTREMADURA;6;BADAJOZ;26;26;CALERA DE LEON;;06026A;0;0
10;EXTREMADURA;6;BADAJOZ;27;27;CALZADILLA DE LOS BARROS;;06027A;0;0
10;EXTREMADURA;6;BADAJOZ;28;28;CAMPANARIO;;06028A;0;0
10;EXTREMADURA;6;BADAJOZ;29;29;CAMPILLO DE LLERENA;;06029A;0;0
10;EXTREMADURA;6;BADAJOZ;30;30;CAPILLA;;06030A;0;0
10;EXTREMADURA;6;BADAJOZ;31;31;CARMONITA;;06031A;0;0
10;EXTREMADURA;6;BADAJOZ;32;32;EL CARRASCALEJO;;06032A;0;0
10;EXTREMADURA;6;BADAJOZ;32;32;EL CARRASCALEJO;;06032B;0;1
10;EXTREMADURA;6;BADAJOZ;33;33;CASAS DE DON PEDRO;;06033A;0;0
10;EXTREMADURA;6;BADAJOZ;34;34;CASAS DE REINA;;06034A;0;0
10;EXTREMADURA;6;BADAJOZ;35;35;CASTILBLANCO;;06035A;0;0
10;EXTREMADURA;6;BADAJOZ;36;36;CASTUERA;;06036A;0;0
10;EXTREMADURA;6;BADAJOZ;37;37;LA CODOSERA;;06037A;0;0
10;EXTREMADURA;6;BADAJOZ;38;38;CORDOBILLA DE LACARA;;06038A;0;0
10;EXTREMADURA;6;BADAJOZ;39;39;LA CORONADA;;06039A;0;0
10;EXTREMADURA;6;BADAJOZ;40;40;CORTE DE PELEAS;;06040A;0;0
10;EXTREMADURA;6;BADAJOZ;41;41;CRISTINA;;06041A;0;0
10;EXTREMADURA;6;BADAJOZ;42;42;CHELES;;06042A;0;0
10;EXTREMADURA;6;BADAJOZ;43;43;DON ALVARO;;06043A;0;0
10;EXTREMADURA;6;BADAJOZ;44;44;DON BENITO;;06044A;0;0
10;EXTREMADURA;6;BADAJOZ;45;45;ENTRIN BAJO;;06045A;0;0
10;EXTREMADURA;6;BADAJOZ;46;46;ESPARRAGALEJO;;06046A;0;0
10;EXTREMADURA;6;BADAJOZ;47;47;ESPARRAGOSA DE LA SERENA;;06047A;0;0
10;EXTREMADURA;6;BADAJOZ;48;48;ESPARRAGOSA DE LARES;;06048A;0;0
10;EXTREMADURA;6;BADAJOZ;49;49;FERIA;;06049A;0;0
10;EXTREMADURA;6;BADAJOZ;50;50;FREGENAL DE LA SIERRA;;06050A;0;0
10;EXTREMADURA;6;BADAJOZ;51;51;FUENLABRADA DE LOS MONTES;;06051A;0;0
10;EXTREMADURA;6;BADAJOZ;52;52;FUENTE DE CANTOS;;06052A;0;0
10;EXTREMADURA;6;BADAJOZ;53;53;FUENTE DEL ARCO;;06053A;0;0
10;EXTREMADURA;6;BADAJOZ;54;54;FUENTE DEL MAESTRE;;06054A;0;0
10;EXTREMADURA;6;BADAJOZ;55;55;FUENTES DE LEON;;06055A;0;0
10;EXTREMADURA;6;BADAJOZ;56;56;GARBAYUELA;;06056A;0;0
10;EXTREMADURA;6;BADAJOZ;57;57;GARLITOS;;06057A;0;0
10;EXTREMADURA;6;BADAJOZ;58;58;LA GARROVILLA;;06058A;0;0
10;EXTREMADURA;6;BADAJOZ;59;59;GRANJA DE TORREHERMOSA;;06059A;0;0
10;EXTREMADURA;6;BADAJOZ;60;60;GUAREÑA;;06060A;0;0
10;EXTREMADURA;6;BADAJOZ;61;61;LA HABA;;06061A;0;0
10;EXTREMADURA;6;BADAJOZ;62;62;HELECHOSA;;06062A;0;0
10;EXTREMADURA;6;BADAJOZ;63;63;HERRERA DEL DUQUE;;06063A;0;0
10;EXTREMADURA;6;BADAJOZ;64;64;HIGUERA DE LA SERENA;;06064A;0;0
10;EXTREMADURA;6;BADAJOZ;65;65;HIGUERA DE LLERENA;;06065A;0;0
10;EXTREMADURA;6;BADAJOZ;66;66;HIGUERA DE VARGAS;;06066A;0;0
10;EXTREMADURA;6;BADAJOZ;67;67;HIGUERA LA REAL;;06067A;0;0
10;EXTREMADURA;6;BADAJOZ;68;68;HINOJOSA DEL VALLE;;06068A;0;0
10;EXTREMADURA;6;BADAJOZ;69;69;HORNACHOS;;06069A;0;0
10;EXTREMADURA;6;BADAJOZ;70;70;JEREZ DE LOS CABALLEROS;;06070A;0;0
10;EXTREMADURA;6;BADAJOZ;71;71;LA LAPA;;06071A;0;0
10;EXTREMADURA;6;BADAJOZ;72;72;LOBON;;06072A;0;0
10;EXTREMADURA;6;BADAJOZ;73;73;LLERA;;06073A;0;0
10;EXTREMADURA;6;BADAJOZ;74;74;LLERENA;;06074A;0;0
10;EXTREMADURA;6;BADAJOZ;75;75;MAGACELA;;06075A;0;0
10;EXTREMADURA;6;BADAJOZ;76;76;MAGUILLA;;06076A;0;0
10;EXTREMADURA;6;BADAJOZ;77;77;MALCOCINADO;;06077A;0;0
10;EXTREMADURA;6;BADAJOZ;78;78;MALPARTIDA DE LA SERENA;;06078A;0;0
10;EXTREMADURA;6;BADAJOZ;79;79;MANCHITA;;06079A;0;0
10;EXTREMADURA;6;BADAJOZ;80;80;MEDELLIN;;06080A;0;0
10;EXTREMADURA;6;BADAJOZ;81;81;MEDINA DE LAS TORRES;;06081A;0;0
10;EXTREMADURA;6;BADAJOZ;82;82;MENGABRIL;;06082A;0;0
10;EXTREMADURA;6;BADAJOZ;83;83;MERIDA;;06083A;0;0
10;EXTREMADURA;6;BADAJOZ;84;84;MIRANDILLA;;06084A;0;0
10;EXTREMADURA;6;BADAJOZ;85;85;MONESTERIO;;06085A;0;0
10;EXTREMADURA;6;BADAJOZ;86;86;MONTEMOLIN;;06086A;0;0
10;EXTREMADURA;6;BADAJOZ;87;87;MONTERRUBIO DE LA SERENA;;06087A;0;0
10;EXTREMADURA;6;BADAJOZ;87;87;MONTERRUBIO DE LA SERENA;;06087B;0;1
10;EXTREMADURA;6;BADAJOZ;88;88;MONTIJO;;06088A;0;0
10;EXTREMADURA;6;BADAJOZ;89;89;LA MORERA;;06089A;0;0
10;EXTREMADURA;6;BADAJOZ;90;90;LA NAVA DE SANTIAGO;;06090A;0;0
10;EXTREMADURA;6;BADAJOZ;91;91;NAVALVILLAR DE PELA;;06091A;0;0
10;EXTREMADURA;6;BADAJOZ;92;92;NOGALES;;06092A;0;0
10;EXTREMADURA;6;BADAJOZ;93;93;OLIVA DE LA FRONTERA;;06093A;0;0
10;EXTREMADURA;6;BADAJOZ;94;94;OLIVA DE MERIDA;;06094A;0;0
10;EXTREMADURA;6;BADAJOZ;95;95;OLIVENZA;;06095A;0;0
10;EXTREMADURA;6;BADAJOZ;96;96;ORELLANA DE LA SIERRA;;06096A;0;0
10;EXTREMADURA;6;BADAJOZ;97;97;ORELLANA LA VIEJA;;06097A;0;0
10;EXTREMADURA;6;BADAJOZ;98;98;PALOMAS;;06098A;0;0
10;EXTREMADURA;6;BADAJOZ;99;99;LA PARRA;;06099A;0;0
10;EXTREMADURA;6;BADAJOZ;100;100;PEÑALSORDO;;06100A;0;0
10;EXTREMADURA;6;BADAJOZ;101;101;PERALEDA DEL ZAUCEJO;;06101A;0;0
10;EXTREMADURA;6;BADAJOZ;102;102;PUEBLA DE ALCOCER;;06102A;0;0
10;EXTREMADURA;6;BADAJOZ;103;103;PUEBLA DE LA CALZADA;;06103A;0;0
10;EXTREMADURA;6;BADAJOZ;104;104;PUEBLA DE LA REINA;;06104A;0;0
10;EXTREMADURA;6;BADAJOZ;105;105;PUEBLA DEL MAESTRE;;06105A;0;0
10;EXTREMADURA;6;BADAJOZ;106;106;PUEBLA DEL PRIOR;;06106A;0;0
10;EXTREMADURA;6;BADAJOZ;107;107;PUEBLA DE OBANDO;;06107A;0;0
10;EXTREMADURA;6;BADAJOZ;108;108;PUEBLA DE SANCHO PEREZ;;06108A;0;0
10;EXTREMADURA;6;BADAJOZ;109;109;QUINTANA DE LA SERENA;;06109A;0;0
10;EXTREMADURA;6;BADAJOZ;110;110;REINA;;06110A;0;0
10;EXTREMADURA;6;BADAJOZ;111;111;RENA;;06111A;0;0
10;EXTREMADURA;6;BADAJOZ;112;112;RETAMAL;;06112A;0;0
10;EXTREMADURA;6;BADAJOZ;113;113;RIBERA DEL FRESNO;;06113A;0;0
10;EXTREMADURA;6;BADAJOZ;114;114;RISCO;;06114A;0;0
10;EXTREMADURA;6;BADAJOZ;115;115;LA ROCA DE LA SIERRA;;06115A;0;0
10;EXTREMADURA;6;BADAJOZ;116;116;SALVALEON;;06116A;0;0
10;EXTREMADURA;6;BADAJOZ;117;117;SALVATIERRA DE LOS BARROS;;06117A;0;0
10;EXTREMADURA;6;BADAJOZ;118;118;SANCTI-SPIRITUS;;06118A;0;0
10;EXTREMADURA;6;BADAJOZ;119;119;SAN PEDRO DE MERIDA;;06119A;0;0
10;EXTREMADURA;6;BADAJOZ;120;120;SANTA AMALIA;;06120A;0;0
10;EXTREMADURA;6;BADAJOZ;121;121;SANTA MARTA;;06121A;0;0
10;EXTREMADURA;6;BADAJOZ;122;122;LOS SANTOS DE MAIMONA;;06122A;0;0
10;EXTREMADURA;6;BADAJOZ;123;123;SAN VICENTE DE ALCANTARA;;06123A;0;0
10;EXTREMADURA;6;BADAJOZ;124;124;SEGURA DE LEON;;06124A;0;0
10;EXTREMADURA;6;BADAJOZ;125;125;SIRUELA;;06125A;0;0
10;EXTREMADURA;6;BADAJOZ;126;126;SOLANA DE LOS BARROS;;06126A;0;0
10;EXTREMADURA;6;BADAJOZ;127;127;TALARRUBIAS;;06127A;0;0
10;EXTREMADURA;6;BADAJOZ;128;128;TALAVERA LA REAL;;06128A;0;0
10;EXTREMADURA;6;BADAJOZ;129;129;TALIGA;;06129A;0;0
10;EXTREMADURA;6;BADAJOZ;130;130;TAMUREJO;;06130A;0;0
10;EXTREMADURA;6;BADAJOZ;131;131;TORRE DE MIGUEL SESMERO;;06131A;0;0
10;EXTREMADURA;6;BADAJOZ;132;132;TORREMAYOR;;06132A;0;0
10;EXTREMADURA;6;BADAJOZ;133;133;TORREMEGIA;;06133A;0;0
10;EXTREMADURA;6;BADAJOZ;134;134;TRASIERRA;;06134A;0;0
10;EXTREMADURA;6;BADAJOZ;135;135;TRUJILLANOS;;06135A;0;0
10;EXTREMADURA;6;BADAJOZ;136;136;USAGRE;;06136A;0;0
10;EXTREMADURA;6;BADAJOZ;137;137;VALDECABALLEROS;;06137A;0;0
10;EXTREMADURA;6;BADAJOZ;138;138;VALDETORRES;;06138A;0;0
10;EXTREMADURA;6;BADAJOZ;138;138;VALDETORRES;;06138B;0;1
10;EXTREMADURA;6;BADAJOZ;139;139;VALENCIA DE LAS TORRES;;06139A;0;0
10;EXTREMADURA;6;BADAJOZ;140;140;VALENCIA DE MOMBUEY;;06140A;0;0
10;EXTREMADURA;6;BADAJOZ;141;141;VALENCIA DEL VENTOSO;;06141A;0;0
10;EXTREMADURA;6;BADAJOZ;142;142;VALVERDE DE BURGUILLOS;;06142A;0;0
10;EXTREMADURA;6;BADAJOZ;143;143;VALVERDE DE LEGANES;;06143A;0;0
10;EXTREMADURA;6;BADAJOZ;144;144;VALVERDE DE LLERENA;;06144A;0;0
10;EXTREMADURA;6;BADAJOZ;145;145;VALVERDE DE MERIDA;;06145A;0;0
10;EXTREMADURA;6;BADAJOZ;146;146;VALLE DE LA SERENA;;06146A;0;0
10;EXTREMADURA;6;BADAJOZ;147;147;VALLE DE MATAMOROS;;06147A;0;0
10;EXTREMADURA;6;BADAJOZ;148;148;VALLE DE SANTA ANA;;06148A;0;0
10;EXTREMADURA;6;BADAJOZ;149;149;VILLAFRANCA DE LOS BARROS;;06149A;0;0
10;EXTREMADURA;6;BADAJOZ;150;150;VILLAGARCIA DE LA TORRE;;06150A;0;0
10;EXTREMADURA;6;BADAJOZ;151;151;VILLAGONZALO;;06151A;0;0
10;EXTREMADURA;6;BADAJOZ;152;152;VILLALBA DE LOS BARROS;;06152A;0;0
10;EXTREMADURA;6;BADAJOZ;153;153;VILLANUEVA DE LA SERENA;;06153A;0;0
10;EXTREMADURA;6;BADAJOZ;153;153;VILLANUEVA DE LA SERENA;;06153B;0;1
10;EXTREMADURA;6;BADAJOZ;154;154;VILLANUEVA DEL FRESNO;;06154A;0;0
10;EXTREMADURA;6;BADAJOZ;155;155;VILLAR DEL REY;;06155A;0;0
10;EXTREMADURA;6;BADAJOZ;156;156;VILLAR DE RENA;;06156A;0;0
10;EXTREMADURA;6;BADAJOZ;157;157;VILLARTA DE LOS MONTES;;06157A;0;0
10;EXTREMADURA;6;BADAJOZ;158;158;ZAFRA;;06158A;0;0
10;EXTREMADURA;6;BADAJOZ;159;159;ZAHINOS;;06159A;0;0
10;EXTREMADURA;6;BADAJOZ;160;160;ZALAMEA DE LA SERENA;;06160A;0;0
10;EXTREMADURA;6;BADAJOZ;161;161;ZARZA-CAPILLA;;06161A;0;0
10;EXTREMADURA;6;BADAJOZ;162;162;LA ZARZA;;06162A;0;0
10;EXTREMADURA;6;BADAJOZ;901;169;VALDELACALZADA;;06169A;0;0
10;EXTREMADURA;6;BADAJOZ;902;167;PUEBLONUEVO;;06167A;0;0
10;EXTREMADURA;6;BADAJOZ;903;165;GUADIANA DEL CAUDILLO;;06165A;0;0
10;EXTREMADURA;10;CÁCERES;1;1;ABADIA;;10001A;0;0
10;EXTREMADURA;10;CÁCERES;2;2;ABERTURA;;10002A;0;0
10;EXTREMADURA;10;CÁCERES;3;3;ACEBO;;10003A;0;0
10;EXTREMADURA;10;CÁCERES;4;4;ACEHUCHE;;10004A;0;0
10;EXTREMADURA;10;CÁCERES;5;5;ACEITUNA;;10005A;0;0
10;EXTREMADURA;10;CÁCERES;6;6;AHIGAL;;10006A;0;0
10;EXTREMADURA;10;CÁCERES;7;7;ALBALA;;10007A;0;0
10;EXTREMADURA;10;CÁCERES;8;8;ALCANTARA;;10008A;0;0
10;EXTREMADURA;10;CÁCERES;9;9;ALCOLLARIN;;10009A;0;0
10;EXTREMADURA;10;CÁCERES;10;10;ALCUESCAR;;10010A;0;0
10;EXTREMADURA;10;CÁCERES;11;11;ALDEACENTENERA;;10011A;0;0
10;EXTREMADURA;10;CÁCERES;12;12;ALDEA CANO;;10012A;0;0
10;EXTREMADURA;10;CÁCERES;13;13;LA ALDEA DEL OBISPO;;10013A;0;0
10;EXTREMADURA;10;CÁCERES;14;14;ALDEANUEVA DE LA VERA;;10014A;0;0
10;EXTREMADURA;10;CÁCERES;15;15;ALDEANUEVA DEL CAMINO;;10015A;0;0
10;EXTREMADURA;10;CÁCERES;16;16;ALDEHUELA DEL JERTE;;10016A;0;0
10;EXTREMADURA;10;CÁCERES;17;17;ALIA;;10017A;0;0
10;EXTREMADURA;10;CÁCERES;18;18;ALISEDA;;10018A;0;0
10;EXTREMADURA;10;CÁCERES;19;19;ALMARAZ;;10019A;0;0
10;EXTREMADURA;10;CÁCERES;20;20;ALMOHARIN;;10020A;0;0
10;EXTREMADURA;10;CÁCERES;21;22;ARROYO DE LA LUZ;;10022A;0;0
10;EXTREMADURA;10;CÁCERES;22;23;ARROYOMOLINOS DE LA VERA;;10023A;0;0
10;EXTREMADURA;10;CÁCERES;23;24;ARROYOMOLINOS;;10024A;0;0
10;EXTREMADURA;10;CÁCERES;24;25;BAÑOS DE MONTEMAYOR;;10025A;0;0
10;EXTREMADURA;10;CÁCERES;25;26;BARRADO;;10026A;0;0
10;EXTREMADURA;10;CÁCERES;26;27;BELVIS DE MONROY;;10027A;0;0
10;EXTREMADURA;10;CÁCERES;27;28;BENQUERENCIA;;10028A;0;0
10;EXTREMADURA;10;CÁCERES;28;29;BERROCALEJO;;10029A;0;0
10;EXTREMADURA;10;CÁCERES;29;30;BERZOCANA;;10030A;0;0
10;EXTREMADURA;10;CÁCERES;30;31;BOHONAL DE IBOR;;10031A;0;0
10;EXTREMADURA;10;CÁCERES;31;32;BOTIJA;;10032A;0;0
10;EXTREMADURA;10;CÁCERES;32;33;BROZAS;;10033A;0;0
10;EXTREMADURA;10;CÁCERES;33;34;CABAÑAS DEL CASTILLO;;10034A;0;0
10;EXTREMADURA;10;CÁCERES;34;35;CABEZABELLOSA;;10035A;0;0
10;EXTREMADURA;10;CÁCERES;35;36;CABEZUELA DEL VALLE;;10036A;0;0
10;EXTREMADURA;10;CÁCERES;36;37;CABRERO;;10037A;0;0
10;EXTREMADURA;10;CÁCERES;37;900;CACERES;;10900A;0;0
10;EXTREMADURA;10;CÁCERES;38;39;CACHORRILLA;;10039A;0;0
10;EXTREMADURA;10;CÁCERES;39;40;CADALSO;;10040A;0;0
10;EXTREMADURA;10;CÁCERES;40;41;CALZADILLA;;10041A;0;0
10;EXTREMADURA;10;CÁCERES;41;42;CAMINOMORISCO;;10042A;0;0
10;EXTREMADURA;10;CÁCERES;42;43;CAMPILLO DE DELEITOSA;;10043A;0;0
10;EXTREMADURA;10;CÁCERES;43;44;CAMPO LUGAR;;10044A;0;0
10;EXTREMADURA;10;CÁCERES;44;45;CAÑAMERO;;10045A;0;0
10;EXTREMADURA;10;CÁCERES;45;46;CAÑAVERAL;;10046A;0;0
10;EXTREMADURA;10;CÁCERES;46;47;CARBAJO;;10047A;0;0
10;EXTREMADURA;10;CÁCERES;47;48;CARCABOSO;;10048A;0;0
10;EXTREMADURA;10;CÁCERES;48;49;CARRASCALEJO;;10049A;0;0
10;EXTREMADURA;10;CÁCERES;49;50;CASAR DE CACERES;;10050A;0;0
10;EXTREMADURA;10;CÁCERES;50;51;CASAR DE PALOMERO;;10051A;0;0
10;EXTREMADURA;10;CÁCERES;51;52;CASARES DE LAS HURDES;;10052A;0;0
10;EXTREMADURA;10;CÁCERES;52;53;CASAS DE DON ANTONIO;;10053A;0;0
10;EXTREMADURA;10;CÁCERES;53;54;CASAS DE DON GOMEZ;;10054A;0;0
10;EXTREMADURA;10;CÁCERES;54;55;CASAS DEL CASTAÑAR;;10055A;0;0
10;EXTREMADURA;10;CÁCERES;55;56;CASAS DEL MONTE;;10056A;0;0
10;EXTREMADURA;10;CÁCERES;55;56;CASAS DEL MONTE;;10056B;0;1
10;EXTREMADURA;10;CÁCERES;56;57;CASAS DE MILLAN;;10057A;0;0
10;EXTREMADURA;10;CÁCERES;57;58;CASAS DE MIRAVETE;;10058A;0;0
10;EXTREMADURA;10;CÁCERES;58;59;CASATEJADA;;10059A;0;0
10;EXTREMADURA;10;CÁCERES;59;60;CASILLAS DE CORIA;;10060A;0;0
10;EXTREMADURA;10;CÁCERES;60;61;CASTAÑAR DE IBOR;;10061A;0;0
10;EXTREMADURA;10;CÁCERES;61;62;CECLAVIN;;10062A;0;0
10;EXTREMADURA;10;CÁCERES;62;63;CEDILLO;;10063A;0;0
10;EXTREMADURA;10;CÁCERES;63;64;CEREZO;;10064A;0;0
10;EXTREMADURA;10;CÁCERES;64;65;CILLEROS;;10065A;0;0
10;EXTREMADURA;10;CÁCERES;65;66;COLLADO DE LA VERA;;10066A;0;0
10;EXTREMADURA;10;CÁCERES;66;67;CONQUISTA DE LA SIERRA;;10067A;0;0
10;EXTREMADURA;10;CÁCERES;67;68;CORIA;;10068A;0;0
10;EXTREMADURA;10;CÁCERES;68;69;CUACOS DE YUSTE;;10069A;0;0
10;EXTREMADURA;10;CÁCERES;69;70;LA CUMBRE;;10070A;0;0
10;EXTREMADURA;10;CÁCERES;70;71;DELEITOSA;;10071A;0;0
10;EXTREMADURA;10;CÁCERES;71;72;DESCARGAMARIA;;10072A;0;0
10;EXTREMADURA;10;CÁCERES;72;73;ELJAS;;10073A;0;0
10;EXTREMADURA;10;CÁCERES;73;74;ESCURIAL;;10074A;0;0
10;EXTREMADURA;10;CÁCERES;75;76;FRESNEDOSO DE IBOR;;10076A;0;0
10;EXTREMADURA;10;CÁCERES;76;77;GALISTEO;;10077A;0;0
10;EXTREMADURA;10;CÁCERES;77;78;GARCIAZ;;10078A;0;0
10;EXTREMADURA;10;CÁCERES;78;79;LA GARGANTA;;10079A;0;0
10;EXTREMADURA;10;CÁCERES;79;80;GARGANTA LA OLLA;;10080A;0;0
10;EXTREMADURA;10;CÁCERES;80;81;GARGANTILLA;;10081A;0;0
10;EXTREMADURA;10;CÁCERES;81;82;GARGUERA;;10082A;0;0
10;EXTREMADURA;10;CÁCERES;82;83;GARROVILLAS DE ALCONETAR;;10083A;0;0
10;EXTREMADURA;10;CÁCERES;83;84;GARVIN;;10084A;0;0
10;EXTREMADURA;10;CÁCERES;84;85;GATA;;10085A;0;0
10;EXTREMADURA;10;CÁCERES;85;86;EL GORDO;;10086A;0;0
10;EXTREMADURA;10;CÁCERES;86;88;LA GRANJA;;10088A;0;0
10;EXTREMADURA;10;CÁCERES;87;90;GUADALUPE;;10090A;0;0
10;EXTREMADURA;10;CÁCERES;88;91;GUIJO DE CORIA;;10091A;0;0
10;EXTREMADURA;10;CÁCERES;89;92;GUIJO DE GALISTEO;;10092A;0;0
10;EXTREMADURA;10;CÁCERES;90;93;GUIJO DE GRANADILLA;;10093A;0;0
10;EXTREMADURA;10;CÁCERES;91;94;GUIJO DE SANTA BARBARA;;10094A;0;0
10;EXTREMADURA;10;CÁCERES;92;95;HERGUIJUELA;;10095A;0;0
10;EXTREMADURA;10;CÁCERES;93;96;HERNAN-PEREZ;;10096A;0;0
10;EXTREMADURA;10;CÁCERES;94;97;HERRERA DE ALCANTARA;;10097A;0;0
10;EXTREMADURA;10;CÁCERES;95;98;HERRERUELA;;10098A;0;0
10;EXTREMADURA;10;CÁCERES;96;99;HERVAS;;10099A;0;0
10;EXTREMADURA;10;CÁCERES;97;100;HIGUERA;;10100A;0;0
10;EXTREMADURA;10;CÁCERES;98;101;HINOJAL;;10101A;0;0
10;EXTREMADURA;10;CÁCERES;99;102;HOLGUERA;;10102A;0;0
10;EXTREMADURA;10;CÁCERES;100;103;HOYOS;;10103A;0;0
10;EXTREMADURA;10;CÁCERES;101;104;HUELAGA;;10104A;0;0
10;EXTREMADURA;10;CÁCERES;102;105;IBAHERNANDO;;10105A;0;0
10;EXTREMADURA;10;CÁCERES;103;106;JARAICEJO;;10106A;0;0
10;EXTREMADURA;10;CÁCERES;104;107;JARAIZ DE LA VERA;;10107A;0;0
10;EXTREMADURA;10;CÁCERES;105;108;JARANDILLA DE LA VERA;;10108A;0;0
10;EXTREMADURA;10;CÁCERES;106;109;JARILLA;;10109A;0;0
10;EXTREMADURA;10;CÁCERES;106;109;JARILLA;;10109B;0;1
10;EXTREMADURA;10;CÁCERES;107;110;JERTE;;10110A;0;0
10;EXTREMADURA;10;CÁCERES;108;111;LADRILLAR;;10111A;0;0
10;EXTREMADURA;10;CÁCERES;109;112;LOGROSAN;;10112A;0;0
10;EXTREMADURA;10;CÁCERES;110;113;LOSAR DE LA VERA;;10113A;0;0
10;EXTREMADURA;10;CÁCERES;111;114;MADRIGAL DE LA VERA;;10114A;0;0
10;EXTREMADURA;10;CÁCERES;112;115;MADRIGALEJO;;10115A;0;0
10;EXTREMADURA;10;CÁCERES;113;116;MADROÑERA;;10116A;0;0
10;EXTREMADURA;10;CÁCERES;114;117;MAJADAS;;10117A;0;0
10;EXTREMADURA;10;CÁCERES;115;118;MALPARTIDA DE CACERES;;10118A;0;0
10;EXTREMADURA;10;CÁCERES;116;119;MALPARTIDA DE PLASENCIA;;10119A;0;0
10;EXTREMADURA;10;CÁCERES;117;120;MARCHAGAZ;;10120A;0;0
10;EXTREMADURA;10;CÁCERES;118;121;MATA DE ALCANTARA;;10121A;0;0
10;EXTREMADURA;10;CÁCERES;119;122;MEMBRIO;;10122A;0;0
10;EXTREMADURA;10;CÁCERES;120;123;MESAS DE IBOR;;10123A;0;0
10;EXTREMADURA;10;CÁCERES;121;124;MIAJADAS;;10124A;0;0
10;EXTREMADURA;10;CÁCERES;122;125;MILLANES;;10125A;0;0
10;EXTREMADURA;10;CÁCERES;123;126;MIRABEL;;10126A;0;0
10;EXTREMADURA;10;CÁCERES;124;127;MOHEDAS DE GRANADILLA;;10127A;0;0
10;EXTREMADURA;10;CÁCERES;125;128;MONROY;;10128A;0;0
10;EXTREMADURA;10;CÁCERES;126;129;MONTANCHEZ;;10129A;0;0
10;EXTREMADURA;10;CÁCERES;127;130;MONTEHERMOSO;;10130A;0;0
10;EXTREMADURA;10;CÁCERES;128;131;MORALEJA;;10131A;0;0
10;EXTREMADURA;10;CÁCERES;129;132;MORCILLO;;10132A;0;0
10;EXTREMADURA;10;CÁCERES;130;133;NAVACONCEJO;;10133A;0;0
10;EXTREMADURA;10;CÁCERES;131;134;NAVALMORAL DE LA MATA;;10134A;0;0
10;EXTREMADURA;10;CÁCERES;132;135;NAVALVILLAR DE IBOR;;10135A;0;0
10;EXTREMADURA;10;CÁCERES;133;136;NAVAS DEL MADROÑO;;10136A;0;0
10;EXTREMADURA;10;CÁCERES;134;137;NAVEZUELAS;;10137A;0;0
10;EXTREMADURA;10;CÁCERES;135;138;NUÑOMORAL;;10138A;0;0
10;EXTREMADURA;10;CÁCERES;136;139;OLIVA DE PLASENCIA;;10139A;0;0
10;EXTREMADURA;10;CÁCERES;137;140;PALOMERO;;10140A;0;0
10;EXTREMADURA;10;CÁCERES;138;141;PASARON DE LA VERA;;10141A;0;0
10;EXTREMADURA;10;CÁCERES;139;142;PEDROSO DE ACIM;;10142A;0;0
10;EXTREMADURA;10;CÁCERES;140;143;PERALEDA DE LA MATA;;10143A;0;0
10;EXTREMADURA;10;CÁCERES;141;144;PERALEDA DE SAN ROMAN;;10144A;0;0
10;EXTREMADURA;10;CÁCERES;142;145;PERALES DEL PUERTO;;10145A;0;0
10;EXTREMADURA;10;CÁCERES;143;146;PESCUEZA;;10146A;0;0
10;EXTREMADURA;10;CÁCERES;144;147;LA PESGA;;10147A;0;0
10;EXTREMADURA;10;CÁCERES;145;148;PIEDRAS ALBAS;;10148A;0;0
10;EXTREMADURA;10;CÁCERES;146;149;PINOFRANQUEADO;;10149A;0;0
10;EXTREMADURA;10;CÁCERES;147;150;PIORNAL;;10150A;0;0
10;EXTREMADURA;10;CÁCERES;148;151;PLASENCIA;;10151A;0;0
10;EXTREMADURA;10;CÁCERES;149;152;PLASENZUELA;;10152A;0;0
10;EXTREMADURA;10;CÁCERES;150;153;PORTAJE;;10153A;0;0
10;EXTREMADURA;10;CÁCERES;151;154;PORTEZUELO;;10154A;0;0
10;EXTREMADURA;10;CÁCERES;152;155;POZUELO DE ZARZON;;10155A;0;0
10;EXTREMADURA;10;CÁCERES;153;156;PUERTO DE SANTA CRUZ;;10156A;0;0
10;EXTREMADURA;10;CÁCERES;154;157;REBOLLAR;;10157A;0;0
10;EXTREMADURA;10;CÁCERES;155;158;RIOLOBOS;;10158A;0;0
10;EXTREMADURA;10;CÁCERES;156;159;ROBLEDILLO DE GATA;;10159A;0;0
10;EXTREMADURA;10;CÁCERES;157;160;ROBLEDILLO DE LA VERA;;10160A;0;0
10;EXTREMADURA;10;CÁCERES;158;161;ROBLEDILLO DE TRUJILLO;;10161A;0;0
10;EXTREMADURA;10;CÁCERES;159;162;ROBLEDOLLANO;;10162A;0;0
10;EXTREMADURA;10;CÁCERES;160;163;ROMANGORDO;;10163A;0;0
10;EXTREMADURA;10;CÁCERES;161;164;RUANES;;10164A;0;0
10;EXTREMADURA;10;CÁCERES;162;165;SALORINO;;10165A;0;0
10;EXTREMADURA;10;CÁCERES;163;166;SALVATIERRA DE SANTIAGO;;10166A;0;0
10;EXTREMADURA;10;CÁCERES;164;167;SAN MARTIN DE TREVEJO;;10167A;0;0
10;EXTREMADURA;10;CÁCERES;165;168;SANTA ANA;;10168A;0;0
10;EXTREMADURA;10;CÁCERES;166;169;SANTA CRUZ DE LA SIERRA;;10169A;0;0
10;EXTREMADURA;10;CÁCERES;167;170;SANTA CRUZ DE PANIAGUA;;10170A;0;0
10;EXTREMADURA;10;CÁCERES;168;171;SANTA MARTA DE MAGASCA;;10171A;0;0
10;EXTREMADURA;10;CÁCERES;169;172;SANTIAGO DE ALCANTARA;;10172A;0;0
10;EXTREMADURA;10;CÁCERES;170;173;SANTIAGO DEL CAMPO;;10173A;0;0
10;EXTREMADURA;10;CÁCERES;171;174;SANTIBAÑEZ EL ALTO;;10174A;0;0
10;EXTREMADURA;10;CÁCERES;172;175;SANTIBAÑEZ EL BAJO;;10175A;0;0
10;EXTREMADURA;10;CÁCERES;173;176;SAUCEDILLA;;10176A;0;0
10;EXTREMADURA;10;CÁCERES;174;177;SEGURA DE TORO;;10177A;0;0
10;EXTREMADURA;10;CÁCERES;175;178;SERRADILLA;;10178A;0;0
10;EXTREMADURA;10;CÁCERES;176;179;SERREJON;;10179A;0;0
10;EXTREMADURA;10;CÁCERES;177;180;SIERRA DE FUENTES;;10180A;0;0
10;EXTREMADURA;10;CÁCERES;178;181;TALAVAN;;10181A;0;0
10;EXTREMADURA;10;CÁCERES;179;183;TALAVERUELA DE LA VERA;;10183A;0;0
10;EXTREMADURA;10;CÁCERES;180;184;TALAYUELA;;10184A;0;0
10;EXTREMADURA;10;CÁCERES;181;185;TEJEDA DE TIETAR;;10185A;0;0
10;EXTREMADURA;10;CÁCERES;182;186;TORIL;;10186A;0;0
10;EXTREMADURA;10;CÁCERES;183;187;TORNAVACAS;;10187A;0;0
10;EXTREMADURA;10;CÁCERES;184;188;EL TORNO;;10188A;0;0
10;EXTREMADURA;10;CÁCERES;185;189;TORRECILLA DE LOS ANGELES;;10189A;0;0
10;EXTREMADURA;10;CÁCERES;186;190;TORRECILLAS DE LA TIESA;;10190A;0;0
10;EXTREMADURA;10;CÁCERES;187;191;TORRE DE DON MIGUEL;;10191A;0;0
10;EXTREMADURA;10;CÁCERES;188;192;TORRE DE SANTA MARIA;;10192A;0;0
10;EXTREMADURA;10;CÁCERES;189;193;TORREJONCILLO;;10193A;0;0
10;EXTREMADURA;10;CÁCERES;190;194;TORREJON EL RUBIO;;10194A;0;0
10;EXTREMADURA;10;CÁCERES;191;195;TORREMENGA;;10195A;0;0
10;EXTREMADURA;10;CÁCERES;192;196;TORREMOCHA;;10196A;0;0
10;EXTREMADURA;10;CÁCERES;193;197;TORREORGAZ;;10197A;0;0
10;EXTREMADURA;10;CÁCERES;194;198;TORREQUEMADA;;10198A;0;0
10;EXTREMADURA;10;CÁCERES;195;199;TRUJILLO;;10199A;0;0
10;EXTREMADURA;10;CÁCERES;196;200;VALDASTILLAS;;10200A;0;0
10;EXTREMADURA;10;CÁCERES;197;201;VALDECAÑAS DE TAJO;;10201A;0;0
10;EXTREMADURA;10;CÁCERES;198;202;VALDEFUENTES;;10202A;0;0
10;EXTREMADURA;10;CÁCERES;199;203;VALDEHUNCAR;;10203A;0;0
10;EXTREMADURA;10;CÁCERES;200;204;VALDELACASA DE TAJO;;10204A;0;0
10;EXTREMADURA;10;CÁCERES;201;205;VALDEMORALES;;10205A;0;0
10;EXTREMADURA;10;CÁCERES;202;206;VALDEOBISPO;;10206A;0;0
10;EXTREMADURA;10;CÁCERES;203;207;VALENCIA DE ALCANTARA;;10207A;0;0
10;EXTREMADURA;10;CÁCERES;204;208;VALVERDE DE LA VERA;;10208A;0;0
10;EXTREMADURA;10;CÁCERES;205;209;VALVERDE DEL FRESNO;;10209A;0;0
10;EXTREMADURA;10;CÁCERES;206;210;VIANDAR DE LA VERA;;10210A;0;0
10;EXTREMADURA;10;CÁCERES;207;211;VILLA DEL CAMPO;;10211A;0;0
10;EXTREMADURA;10;CÁCERES;208;212;VILLA DEL REY;;10212A;0;0
10;EXTREMADURA;10;CÁCERES;209;213;VILLAMESIAS;;10213A;0;0
10;EXTREMADURA;10;CÁCERES;210;214;VILLAMIEL;;10214A;0;0
10;EXTREMADURA;10;CÁCERES;211;215;VILLANUEVA DE LA SIERRA;;10215A;0;0
10;EXTREMADURA;10;CÁCERES;212;216;VILLANUEVA DE LA VERA;;10216A;0;0
10;EXTREMADURA;10;CÁCERES;213;217;VILLAR DEL PEDROSO;;10217A;0;0
10;EXTREMADURA;10;CÁCERES;214;218;VILLAR DE PLASENCIA;;10218A;0;0
10;EXTREMADURA;10;CÁCERES;215;219;VILLASBUENAS DE GATA;;10219A;0;0
10;EXTREMADURA;10;CÁCERES;216;220;ZARZA DE GRANADILLA;;10220A;0;0
10;EXTREMADURA;10;CÁCERES;217;221;ZARZA DE MONTANCHEZ;;10221A;0;0
10;EXTREMADURA;10;CÁCERES;218;222;ZARZA LA MAYOR;;10222A;0;0
10;EXTREMADURA;10;CÁCERES;219;223;ZORITA;;10223A;0;0
10;EXTREMADURA;10;CÁCERES;224;224;ALAGON DEL RIO;;10224A;0;0
10;EXTREMADURA;10;CÁCERES;225;225;VEGAVIANA;;10225A;0;0
10;EXTREMADURA;10;CÁCERES;901;901;ROSALEJO;;10901A;0;0
10;EXTREMADURA;10;CÁCERES;904;226;TIETAR;;10226A;0;0
10;EXTREMADURA;10;CÁCERES;905;227;PUEBLONUEVO DE MIRAMONTES;;10184A;0;0
11;GALICIA;15;LA CORUÑA;1;1;ABEGONDO;;15001A;0;0
11;GALICIA;15;LA CORUÑA;1;1;ABEGONDO;;15001B;0;1
11;GALICIA;15;LA CORUÑA;1;1;ABEGONDO;;15001C;0;2
11;GALICIA;15;LA CORUÑA;1;1;ABEGONDO;;15001D;0;3
11;GALICIA;15;LA CORUÑA;1;1;ABEGONDO;;15001E;0;4
11;GALICIA;15;LA CORUÑA;1;1;ABEGONDO;;15001F;0;5
11;GALICIA;15;LA CORUÑA;1;1;ABEGONDO;;15001G;0;6
11;GALICIA;15;LA CORUÑA;2;2;AMES;;15002A;0;0
11;GALICIA;15;LA CORUÑA;3;3;ARANGA;;15003A;0;0
11;GALICIA;15;LA CORUÑA;4;4;ARES;;15004A;0;0
11;GALICIA;15;LA CORUÑA;5;5;ARTEIXO;;15005A;0;0
11;GALICIA;15;LA CORUÑA;6;6;ARZUA;;15006A;0;0
11;GALICIA;15;LA CORUÑA;6;6;ARZUA;;15006B;0;1
11;GALICIA;15;LA CORUÑA;6;6;ARZUA;;15006C;0;2
11;GALICIA;15;LA CORUÑA;6;6;ARZUA;;15006D;0;3
11;GALICIA;15;LA CORUÑA;6;6;ARZUA;;15006E;0;4
11;GALICIA;15;LA CORUÑA;6;6;ARZUA;;15006F;0;5
11;GALICIA;15;LA CORUÑA;6;6;ARZUA;;15006G;0;6
11;GALICIA;15;LA CORUÑA;7;7;A BAÑA;;15007A;0;0
11;GALICIA;15;LA CORUÑA;8;8;BERGONDO;;15008A;0;0
11;GALICIA;15;LA CORUÑA;9;9;BETANZOS;;15009A;0;0
11;GALICIA;15;LA CORUÑA;10;10;BOIMORTO;;15010A;0;0
11;GALICIA;15;LA CORUÑA;11;11;BOIRO;;15011A;0;0
11;GALICIA;15;LA CORUÑA;11;11;BOIRO;;15011B;0;1
11;GALICIA;15;LA CORUÑA;11;11;BOIRO;;15011C;0;2
11;GALICIA;15;LA CORUÑA;12;12;BOQUEIXON;;15012A;0;0
11;GALICIA;15;LA CORUÑA;12;12;BOQUEIXON;;15012B;0;1
11;GALICIA;15;LA CORUÑA;12;12;BOQUEIXON;;15012C;0;2
11;GALICIA;15;LA CORUÑA;12;12;BOQUEIXON;;15012D;0;3
11;GALICIA;15;LA CORUÑA;12;12;BOQUEIXON;;15012E;0;4
11;GALICIA;15;LA CORUÑA;12;12;BOQUEIXON;;15012F;0;5
11;GALICIA;15;LA CORUÑA;12;12;BOQUEIXON;;15012G;0;6
11;GALICIA;15;LA CORUÑA;13;13;BRION;;15013A;0;0
11;GALICIA;15;LA CORUÑA;13;13;BRION;;15013B;0;1
11;GALICIA;15;LA CORUÑA;13;13;BRION;;15013C;0;2
11;GALICIA;15;LA CORUÑA;13;13;BRION;;15013D;0;3
11;GALICIA;15;LA CORUÑA;13;13;BRION;;15013E;0;4
11;GALICIA;15;LA CORUÑA;13;13;BRION;;15013F;0;5
11;GALICIA;15;LA CORUÑA;13;13;BRION;;15013G;0;6
11;GALICIA;15;LA CORUÑA;13;13;BRION;;15013H;0;7
11;GALICIA;15;LA CORUÑA;13;13;BRION;;15013J;0;8
11;GALICIA;15;LA CORUÑA;13;13;BRION;;15013K;0;9
11;GALICIA;15;LA CORUÑA;14;14;CABANA DE BERGANTIÑOS;;15014A;0;0
11;GALICIA;15;LA CORUÑA;14;14;CABANA DE BERGANTIÑOS;;15014B;0;1
11;GALICIA;15;LA CORUÑA;14;14;CABANA DE BERGANTIÑOS;;15014C;0;2
11;GALICIA;15;LA CORUÑA;14;14;CABANA DE BERGANTIÑOS;;15014D;0;3
11;GALICIA;15;LA CORUÑA;15;15;CABANAS;;15015A;0;0
11;GALICIA;15;LA CORUÑA;16;16;CAMARIÑAS;;15016A;0;0
11;GALICIA;15;LA CORUÑA;17;17;CAMBRE;;15017A;0;0
11;GALICIA;15;LA CORUÑA;17;17;CAMBRE;;15017B;0;1
11;GALICIA;15;LA CORUÑA;17;17;CAMBRE;;15017C;0;2
11;GALICIA;15;LA CORUÑA;18;18;A CAPELA;;15018A;0;0
11;GALICIA;15;LA CORUÑA;19;19;CARBALLO;;15019A;0;0
11;GALICIA;15;LA CORUÑA;20;20;CARNOTA;;15020A;0;0
11;GALICIA;15;LA CORUÑA;21;21;CARRAL;;15021A;0;0
11;GALICIA;15;LA CORUÑA;22;22;CEDEIRA;;15022A;0;0
11;GALICIA;15;LA CORUÑA;23;23;CEE;;15023A;0;0
11;GALICIA;15;LA CORUÑA;23;23;CEE;;15023B;0;1
11;GALICIA;15;LA CORUÑA;23;23;CEE;;15023C;0;2
11;GALICIA;15;LA CORUÑA;23;23;CEE;;15023D;0;3
11;GALICIA;15;LA CORUÑA;23;23;CEE;;15023E;0;4
11;GALICIA;15;LA CORUÑA;24;24;CERCEDA;;15024A;0;0
11;GALICIA;15;LA CORUÑA;25;25;CERDIDO;;15025A;0;0
11;GALICIA;15;LA CORUÑA;26;26;CESURAS;;15026A;0;0
11;GALICIA;15;LA CORUÑA;26;26;CESURAS;;15026B;0;1
11;GALICIA;15;LA CORUÑA;26;26;CESURAS;;15026C;0;2
11;GALICIA;15;LA CORUÑA;26;26;CESURAS;;15026D;0;3
11;GALICIA;15;LA CORUÑA;27;27;COIROS;;15027A;0;0
11;GALICIA;15;LA CORUÑA;28;28;CORCUBION;;15028A;0;0
11;GALICIA;15;LA CORUÑA;29;29;CORISTANCO;;15029A;0;0
11;GALICIA;15;LA CORUÑA;29;29;CORISTANCO;;15029B;0;1
11;GALICIA;15;LA CORUÑA;29;29;CORISTANCO;;15029C;0;2
11;GALICIA;15;LA CORUÑA;30;900;A CORUÑA;;15900A;0;0
11;GALICIA;15;LA CORUÑA;31;31;CULLEREDO;;15031A;0;0
11;GALICIA;15;LA CORUÑA;32;32;CURTIS;;15032A;0;0
11;GALICIA;15;LA CORUÑA;33;33;DODRO;;15033A;0;0
11;GALICIA;15;LA CORUÑA;33;33;DODRO;;15033B;0;1
11;GALICIA;15;LA CORUÑA;33;33;DODRO;;15033C;0;2
11;GALICIA;15;LA CORUÑA;33;33;DODRO;;15033D;0;3
11;GALICIA;15;LA CORUÑA;33;33;DODRO;;15033E;0;4
11;GALICIA;15;LA CORUÑA;33;33;DODRO;;15033F;0;5
11;GALICIA;15;LA CORUÑA;33;33;DODRO;;15033G;0;6
11;GALICIA;15;LA CORUÑA;33;33;DODRO;;15033H;0;7
11;GALICIA;15;LA CORUÑA;33;33;DODRO;;15033J;0;8
11;GALICIA;15;LA CORUÑA;33;33;DODRO;;15033K;0;9
11;GALICIA;15;LA CORUÑA;33;33;DODRO;;15033L;0;10
11;GALICIA;15;LA CORUÑA;34;34;DUMBRIA;;15034A;0;0
11;GALICIA;15;LA CORUÑA;34;34;DUMBRIA;;15034B;0;1
11;GALICIA;15;LA CORUÑA;34;34;DUMBRIA;;15034C;0;2
11;GALICIA;15;LA CORUÑA;34;34;DUMBRIA;;15034D;0;3
11;GALICIA;15;LA CORUÑA;35;36;FENE;;15036A;0;0
11;GALICIA;15;LA CORUÑA;36;37;FERROL;;15037A;0;0
11;GALICIA;15;LA CORUÑA;37;38;FISTERRA;;15038A;0;0
11;GALICIA;15;LA CORUÑA;37;38;FISTERRA;;15038B;0;1
11;GALICIA;15;LA CORUÑA;37;38;FISTERRA;;15038C;0;2
11;GALICIA;15;LA CORUÑA;38;39;FRADES;;15039A;0;0
11;GALICIA;15;LA CORUÑA;38;39;FRADES;;15039B;0;1
11;GALICIA;15;LA CORUÑA;38;39;FRADES;;15039C;0;2
11;GALICIA;15;LA CORUÑA;38;39;FRADES;;15039D;0;3
11;GALICIA;15;LA CORUÑA;38;39;FRADES;;15039E;0;4
11;GALICIA;15;LA CORUÑA;38;39;FRADES;;15039F;0;5
11;GALICIA;15;LA CORUÑA;39;40;IRIXOA;;15040A;0;0
11;GALICIA;15;LA CORUÑA;39;40;IRIXOA;;15040B;0;1
11;GALICIA;15;LA CORUÑA;39;40;IRIXOA;;15040C;0;2
11;GALICIA;15;LA CORUÑA;39;40;IRIXOA;;15040D;0;3
11;GALICIA;15;LA CORUÑA;39;40;IRIXOA;;15040E;0;4
11;GALICIA;15;LA CORUÑA;39;40;IRIXOA;;15040F;0;5
11;GALICIA;15;LA CORUÑA;39;40;IRIXOA;;15040G;0;6
11;GALICIA;15;LA CORUÑA;39;40;IRIXOA;;15040H;0;7
11;GALICIA;15;LA CORUÑA;39;40;IRIXOA;;15040J;0;8
11;GALICIA;15;LA CORUÑA;40;41;LAXE;;15041A;0;0
11;GALICIA;15;LA CORUÑA;41;42;A LARACHA;;15042A;0;0
11;GALICIA;15;LA CORUÑA;41;42;A LARACHA;;15042B;0;1
11;GALICIA;15;LA CORUÑA;41;42;A LARACHA;;15042C;0;2
11;GALICIA;15;LA CORUÑA;42;43;LOUSAME;;15043A;0;0
11;GALICIA;15;LA CORUÑA;42;43;LOUSAME;;15043B;0;1
11;GALICIA;15;LA CORUÑA;42;43;LOUSAME;;15043C;0;2
11;GALICIA;15;LA CORUÑA;42;43;LOUSAME;;15043D;0;3
11;GALICIA;15;LA CORUÑA;42;43;LOUSAME;;15043E;0;4
11;GALICIA;15;LA CORUÑA;42;43;LOUSAME;;15043F;0;5
11;GALICIA;15;LA CORUÑA;42;43;LOUSAME;;15043G;0;6
11;GALICIA;15;LA CORUÑA;42;43;LOUSAME;;15043H;0;7
11;GALICIA;15;LA CORUÑA;42;43;LOUSAME;;15043J;0;8
11;GALICIA;15;LA CORUÑA;43;44;MALPICA DE BERGANTIÑOS;;15044A;0;0
11;GALICIA;15;LA CORUÑA;44;45;MAÑON;;15045A;0;0
11;GALICIA;15;LA CORUÑA;45;46;MAZARICOS;;15046A;0;0
11;GALICIA;15;LA CORUÑA;45;46;MAZARICOS;;15046B;0;1
11;GALICIA;15;LA CORUÑA;45;46;MAZARICOS;;15046C;0;2
11;GALICIA;15;LA CORUÑA;45;46;MAZARICOS;;15046D;0;3
11;GALICIA;15;LA CORUÑA;45;46;MAZARICOS;;15046E;0;4
11;GALICIA;15;LA CORUÑA;45;46;MAZARICOS;;15046F;0;5
11;GALICIA;15;LA CORUÑA;46;47;MELIDE;;15047A;0;0
11;GALICIA;15;LA CORUÑA;47;48;MESIA;;15048A;0;0
11;GALICIA;15;LA CORUÑA;47;48;MESIA;;15048B;0;1
11;GALICIA;15;LA CORUÑA;47;48;MESIA;;15048C;0;2
11;GALICIA;15;LA CORUÑA;47;48;MESIA;;15048D;0;3
11;GALICIA;15;LA CORUÑA;48;49;MIÑO;;15049A;0;0
11;GALICIA;15;LA CORUÑA;49;50;MOECHE;;15050A;0;0
11;GALICIA;15;LA CORUÑA;49;50;MOECHE;;15050B;0;1
11;GALICIA;15;LA CORUÑA;49;50;MOECHE;;15050C;0;2
11;GALICIA;15;LA CORUÑA;49;50;MOECHE;;15050D;0;3
11;GALICIA;15;LA CORUÑA;49;50;MOECHE;;15050E;0;4
11;GALICIA;15;LA CORUÑA;50;51;MONFERO;;15051A;0;0
11;GALICIA;15;LA CORUÑA;51;52;MUGARDOS;;15052A;0;0
11;GALICIA;15;LA CORUÑA;52;53;MUXIA;;15053A;0;0
11;GALICIA;15;LA CORUÑA;52;53;MUXIA;;15053B;0;1
11;GALICIA;15;LA CORUÑA;52;53;MUXIA;;15053C;0;2
11;GALICIA;15;LA CORUÑA;52;53;MUXIA;;15053D;0;3
11;GALICIA;15;LA CORUÑA;52;53;MUXIA;;15053E;0;4
11;GALICIA;15;LA CORUÑA;53;54;MUROS;;15054A;0;0
11;GALICIA;15;LA CORUÑA;54;55;NARON;;15055A;0;0
11;GALICIA;15;LA CORUÑA;54;55;NARON;;15055B;0;1
11;GALICIA;15;LA CORUÑA;54;55;NARON;;15055C;0;2
11;GALICIA;15;LA CORUÑA;54;55;NARON;;15055D;0;3
11;GALICIA;15;LA CORUÑA;55;56;NEDA;;15056A;0;0
11;GALICIA;15;LA CORUÑA;56;57;NEGREIRA;;15057A;0;0
11;GALICIA;15;LA CORUÑA;56;57;NEGREIRA;;15057B;0;1
11;GALICIA;15;LA CORUÑA;56;57;NEGREIRA;;15057C;0;2
11;GALICIA;15;LA CORUÑA;56;57;NEGREIRA;;15057D;0;3
11;GALICIA;15;LA CORUÑA;56;57;NEGREIRA;;15057E;0;4
11;GALICIA;15;LA CORUÑA;56;57;NEGREIRA;;15057F;0;5
11;GALICIA;15;LA CORUÑA;56;57;NEGREIRA;;15057G;0;6
11;GALICIA;15;LA CORUÑA;56;57;NEGREIRA;;15057H;0;7
11;GALICIA;15;LA CORUÑA;56;57;NEGREIRA;;15057J;0;8
11;GALICIA;15;LA CORUÑA;56;57;NEGREIRA;;15057K;0;9
11;GALICIA;15;LA CORUÑA;56;57;NEGREIRA;;15057L;0;20
11;GALICIA;15;LA CORUÑA;56;57;NEGREIRA;;15057M;0;30
11;GALICIA;15;LA CORUÑA;57;58;NOIA;;15058A;0;0
11;GALICIA;15;LA CORUÑA;58;59;OLEIROS;;15059A;0;0
11;GALICIA;15;LA CORUÑA;59;60;ORDES;;15060A;0;0
11;GALICIA;15;LA CORUÑA;60;61;OROSO;;15061A;0;0
11;GALICIA;15;LA CORUÑA;61;62;ORTIGUEIRA;;15062A;0;0
11;GALICIA;15;LA CORUÑA;62;63;OUTES;;15063A;0;0
11;GALICIA;15;LA CORUÑA;62;63;OUTES;;15063B;0;1
11;GALICIA;15;LA CORUÑA;62;63;OUTES;;15063C;0;2
11;GALICIA;15;LA CORUÑA;62;63;OUTES;;15063D;0;3
11;GALICIA;15;LA CORUÑA;62;63;OUTES;;15063E;0;4
11;GALICIA;15;LA CORUÑA;63;64;OZA DOS RIOS;;15064A;0;0
11;GALICIA;15;LA CORUÑA;63;64;OZA DOS RIOS;;15064B;0;1
11;GALICIA;15;LA CORUÑA;63;64;OZA DOS RIOS;;15064C;0;2
11;GALICIA;15;LA CORUÑA;63;64;OZA DOS RIOS;;15064D;0;3
11;GALICIA;15;LA CORUÑA;63;64;OZA DOS RIOS;;15064E;0;4
11;GALICIA;15;LA CORUÑA;64;65;PADERNE;;15065A;0;0
11;GALICIA;15;LA CORUÑA;64;65;PADERNE;;15065B;0;1
11;GALICIA;15;LA CORUÑA;64;65;PADERNE;;15065C;0;2
11;GALICIA;15;LA CORUÑA;65;66;PADRON;;15066A;0;0
11;GALICIA;15;LA CORUÑA;65;66;PADRON;;15066B;0;1
11;GALICIA;15;LA CORUÑA;65;66;PADRON;;15066C;0;2
11;GALICIA;15;LA CORUÑA;65;66;PADRON;;15066D;0;3
11;GALICIA;15;LA CORUÑA;65;66;PADRON;;15066E;0;4
11;GALICIA;15;LA CORUÑA;65;66;PADRON;;15066F;0;5
11;GALICIA;15;LA CORUÑA;65;66;PADRON;;15066G;0;6
11;GALICIA;15;LA CORUÑA;66;67;O PINO;;15067A;0;0
11;GALICIA;15;LA CORUÑA;66;67;O PINO;;15067B;0;1
11;GALICIA;15;LA CORUÑA;66;67;O PINO;;15067C;0;2
11;GALICIA;15;LA CORUÑA;67;68;A POBRA DO CARAMIÑAL;;15068A;0;0
11;GALICIA;15;LA CORUÑA;68;69;PONTECESO;;15069A;0;0
11;GALICIA;15;LA CORUÑA;68;69;PONTECESO;;15069B;0;1
11;GALICIA;15;LA CORUÑA;68;69;PONTECESO;;15069C;0;2
11;GALICIA;15;LA CORUÑA;69;70;PONTEDEUME;;15070A;0;0
11;GALICIA;15;LA CORUÑA;70;71;PONTES GARCIA RODRIGUEZ AS;;15071A;0;0
11;GALICIA;15;LA CORUÑA;71;72;PORTO DO SON;;15072A;0;0
11;GALICIA;15;LA CORUÑA;72;73;RIANXO;;15073A;0;0
11;GALICIA;15;LA CORUÑA;73;74;RIBEIRA;;15074A;0;0
11;GALICIA;15;LA CORUÑA;74;75;ROIS;;15075A;0;0
11;GALICIA;15;LA CORUÑA;74;75;ROIS;;15075B;0;1
11;GALICIA;15;LA CORUÑA;74;75;ROIS;;15075C;0;2
11;GALICIA;15;LA CORUÑA;74;75;ROIS;;15075D;0;3
11;GALICIA;15;LA CORUÑA;74;75;ROIS;;15075E;0;4
11;GALICIA;15;LA CORUÑA;74;75;ROIS;;15075F;0;5
11;GALICIA;15;LA CORUÑA;74;75;ROIS;;15075G;0;6
11;GALICIA;15;LA CORUÑA;74;75;ROIS;;15075H;0;7
11;GALICIA;15;LA CORUÑA;74;75;ROIS;;15075J;0;8
11;GALICIA;15;LA CORUÑA;74;75;ROIS;;15075K;0;9
11;GALICIA;15;LA CORUÑA;74;75;ROIS;;15075L;0;10
11;GALICIA;15;LA CORUÑA;74;75;ROIS;;15075M;0;11
11;GALICIA;15;LA CORUÑA;74;75;ROIS;;15075N;0;12
11;GALICIA;15;LA CORUÑA;74;75;ROIS;;15075P;0;13
11;GALICIA;15;LA CORUÑA;74;75;ROIS;;15075Q;0;14
11;GALICIA;15;LA CORUÑA;74;75;ROIS;;15075R;0;15
11;GALICIA;15;LA CORUÑA;74;75;ROIS;;15075S;0;16
11;GALICIA;15;LA CORUÑA;74;75;ROIS;;15075T;0;17
11;GALICIA;15;LA CORUÑA;74;75;ROIS;;15075V;0;18
11;GALICIA;15;LA CORUÑA;75;76;SADA;;15076A;0;0
11;GALICIA;15;LA CORUÑA;76;77;SAN SADURNIÑO;;15077A;0;0
11;GALICIA;15;LA CORUÑA;77;78;SANTA COMBA;;15078A;0;0
11;GALICIA;15;LA CORUÑA;77;78;SANTA COMBA;;15078B;0;1
11;GALICIA;15;LA CORUÑA;77;78;SANTA COMBA;;15078C;0;2
11;GALICIA;15;LA CORUÑA;77;78;SANTA COMBA;;15078D;0;3
11;GALICIA;15;LA CORUÑA;77;78;SANTA COMBA;;15078E;0;4
11;GALICIA;15;LA CORUÑA;77;78;SANTA COMBA;;15078F;0;5
11;GALICIA;15;LA CORUÑA;78;79;SANTIAGO DE COMPOSTELA;;15079A;0;0
11;GALICIA;15;LA CORUÑA;78;79;SANTIAGO DE COMPOSTELA;;15079B;0;1
11;GALICIA;15;LA CORUÑA;78;79;SANTIAGO DE COMPOSTELA;;15079C;0;2
11;GALICIA;15;LA CORUÑA;78;79;SANTIAGO DE COMPOSTELA;;15079D;0;3
11;GALICIA;15;LA CORUÑA;78;79;SANTIAGO DE COMPOSTELA;;15079E;0;4
11;GALICIA;15;LA CORUÑA;78;79;SANTIAGO DE COMPOSTELA;;15079F;0;5
11;GALICIA;15;LA CORUÑA;78;79;SANTIAGO DE COMPOSTELA;;15079G;0;6
11;GALICIA;15;LA CORUÑA;78;79;SANTIAGO DE COMPOSTELA;;15079H;0;7
11;GALICIA;15;LA CORUÑA;78;79;SANTIAGO DE COMPOSTELA;;15079J;0;8
11;GALICIA;15;LA CORUÑA;79;80;SANTISO;;15080A;0;0
11;GALICIA;15;LA CORUÑA;80;81;SOBRADO;;15081A;0;0
11;GALICIA;15;LA CORUÑA;81;82;AS SOMOZAS;;15082A;0;0
11;GALICIA;15;LA CORUÑA;82;83;TEO;;15083A;0;0
11;GALICIA;15;LA CORUÑA;82;83;TEO;;15083B;0;1
11;GALICIA;15;LA CORUÑA;82;83;TEO;;15083C;0;2
11;GALICIA;15;LA CORUÑA;82;83;TEO;;15083D;0;3
11;GALICIA;15;LA CORUÑA;82;83;TEO;;15083E;0;4
11;GALICIA;15;LA CORUÑA;82;83;TEO;;15083F;0;5
11;GALICIA;15;LA CORUÑA;82;83;TEO;;15083G;0;6
11;GALICIA;15;LA CORUÑA;82;83;TEO;;15083H;0;7
11;GALICIA;15;LA CORUÑA;82;83;TEO;;15083J;0;8
11;GALICIA;15;LA CORUÑA;82;83;TEO;;15083K;0;9
11;GALICIA;15;LA CORUÑA;82;83;TEO;;15083L;0;10
11;GALICIA;15;LA CORUÑA;82;83;TEO;;15083M;0;11
11;GALICIA;15;LA CORUÑA;82;83;TEO;;15083N;0;12
11;GALICIA;15;LA CORUÑA;82;83;TEO;;15083P;0;13
11;GALICIA;15;LA CORUÑA;82;83;TEO;;15083T;0;17
11;GALICIA;15;LA CORUÑA;83;84;TOQUES;;15084A;0;0
11;GALICIA;15;LA CORUÑA;84;85;TORDOIA;;15085A;0;0
11;GALICIA;15;LA CORUÑA;85;86;TOURO;;15086A;0;0
11;GALICIA;15;LA CORUÑA;85;86;TOURO;;15086B;0;1
11;GALICIA;15;LA CORUÑA;85;86;TOURO;;15086C;0;2
11;GALICIA;15;LA CORUÑA;85;86;TOURO;;15086D;0;3
11;GALICIA;15;LA CORUÑA;85;86;TOURO;;15086E;0;4
11;GALICIA;15;LA CORUÑA;85;86;TOURO;;15086F;0;5
11;GALICIA;15;LA CORUÑA;86;87;TRAZO;;15087A;0;0
11;GALICIA;15;LA CORUÑA;86;87;TRAZO;;15087B;0;1
11;GALICIA;15;LA CORUÑA;86;87;TRAZO;;15087C;0;2
11;GALICIA;15;LA CORUÑA;87;88;VALDOVIÑO;;15088A;0;0
11;GALICIA;15;LA CORUÑA;88;89;VAL DO DUBRA;;15089A;0;0
11;GALICIA;15;LA CORUÑA;88;89;VAL DO DUBRA;;15089B;0;1
11;GALICIA;15;LA CORUÑA;88;89;VAL DO DUBRA;;15089C;0;2
11;GALICIA;15;LA CORUÑA;88;89;VAL DO DUBRA;;15089D;0;3
11;GALICIA;15;LA CORUÑA;88;89;VAL DO DUBRA;;15089E;0;4
11;GALICIA;15;LA CORUÑA;88;89;VAL DO DUBRA;;15089F;0;5
11;GALICIA;15;LA CORUÑA;88;89;VAL DO DUBRA;;15089G;0;6
11;GALICIA;15;LA CORUÑA;88;89;VAL DO DUBRA;;15089H;0;7
11;GALICIA;15;LA CORUÑA;89;90;VEDRA;;15090A;0;0
11;GALICIA;15;LA CORUÑA;89;90;VEDRA;;15090B;0;1
11;GALICIA;15;LA CORUÑA;89;90;VEDRA;;15090C;0;2
11;GALICIA;15;LA CORUÑA;89;90;VEDRA;;15090D;0;3
11;GALICIA;15;LA CORUÑA;89;90;VEDRA;;15090E;0;4
11;GALICIA;15;LA CORUÑA;89;90;VEDRA;;15090F;0;5
11;GALICIA;15;LA CORUÑA;89;90;VEDRA;;15090G;0;6
11;GALICIA;15;LA CORUÑA;90;91;VILASANTAR;;15091A;0;0
11;GALICIA;15;LA CORUÑA;90;91;VILASANTAR;;15091B;0;1
11;GALICIA;15;LA CORUÑA;91;92;VILARMAIOR;;15092A;0;0
11;GALICIA;15;LA CORUÑA;92;93;VIMIANZO;;15093A;0;0
11;GALICIA;15;LA CORUÑA;92;93;VIMIANZO;;15093B;0;1
11;GALICIA;15;LA CORUÑA;92;93;VIMIANZO;;15093C;0;2
11;GALICIA;15;LA CORUÑA;92;93;VIMIANZO;;15093D;0;3
11;GALICIA;15;LA CORUÑA;92;93;VIMIANZO;;15093E;0;4
11;GALICIA;15;LA CORUÑA;93;94;ZAS;;15094A;0;0
11;GALICIA;15;LA CORUÑA;93;94;ZAS;;15094B;0;1
11;GALICIA;15;LA CORUÑA;93;94;ZAS;;15094C;0;2
11;GALICIA;15;LA CORUÑA;93;94;ZAS;;15094D;0;3
11;GALICIA;15;LA CORUÑA;93;94;ZAS;;15094E;0;4
11;GALICIA;15;LA CORUÑA;93;94;ZAS;;15094F;0;5
11;GALICIA;15;LA CORUÑA;901;95;CARIÑO;;15095A;0;0
11;GALICIA;27;LUGO;1;1;ABADIN;;27001A;0;0
11;GALICIA;27;LUGO;1;1;ABADIN;;27001B;0;1
11;GALICIA;27;LUGO;1;1;ABADIN;;27001C;0;2
11;GALICIA;27;LUGO;1;1;ABADIN;;27001D;0;3
11;GALICIA;27;LUGO;1;1;ABADIN;;27001E;0;4
11;GALICIA;27;LUGO;1;1;ABADIN;;27001F;0;5
11;GALICIA;27;LUGO;1;1;ABADIN;;27001G;0;6
11;GALICIA;27;LUGO;2;2;ALFOZ;;27002A;0;0
11;GALICIA;27;LUGO;3;3;ANTAS DE ULLA;;27003A;0;0
11;GALICIA;27;LUGO;3;3;ANTAS DE ULLA;;27003B;0;1
11;GALICIA;27;LUGO;3;3;ANTAS DE ULLA;;27003C;0;2
11;GALICIA;27;LUGO;4;4;BALEIRA;;27004A;0;0
11;GALICIA;27;LUGO;4;4;BALEIRA;;27004B;0;1
11;GALICIA;27;LUGO;4;4;BALEIRA;;27004C;0;2
11;GALICIA;27;LUGO;5;5;BARREIROS;;27005A;0;0
11;GALICIA;27;LUGO;5;5;BARREIROS;;27005B;0;1
11;GALICIA;27;LUGO;5;5;BARREIROS;;27005C;0;2
11;GALICIA;27;LUGO;5;5;BARREIROS;;27005D;0;3
11;GALICIA;27;LUGO;5;5;BARREIROS;;27005E;0;4
11;GALICIA;27;LUGO;5;5;BARREIROS;;27005F;0;5
11;GALICIA;27;LUGO;5;5;BARREIROS;;27005G;0;6
11;GALICIA;27;LUGO;5;5;BARREIROS;;27005H;0;7
11;GALICIA;27;LUGO;6;6;BECERREA;;27006A;0;0
11;GALICIA;27;LUGO;7;7;BEGONTE;;27007A;0;0
11;GALICIA;27;LUGO;8;8;BOVEDA;;27008A;0;0
11;GALICIA;27;LUGO;8;8;BOVEDA;;27008B;0;1
11;GALICIA;27;LUGO;8;8;BOVEDA;;27008C;0;2
11;GALICIA;27;LUGO;9;9;CARBALLEDO;;27009A;0;0
11;GALICIA;27;LUGO;10;10;CASTRO DE REI;;27010A;0;0
11;GALICIA;27;LUGO;10;10;CASTRO DE REI;;27010B;0;1
11;GALICIA;27;LUGO;10;10;CASTRO DE REI;;27010C;0;2
11;GALICIA;27;LUGO;10;10;CASTRO DE REI;;27010D;0;3
11;GALICIA;27;LUGO;10;10;CASTRO DE REI;;27010E;0;4
11;GALICIA;27;LUGO;10;10;CASTRO DE REI;;27010F;0;5
11;GALICIA;27;LUGO;10;10;CASTRO DE REI;;27010G;0;6
11;GALICIA;27;LUGO;10;10;CASTRO DE REI;;27010H;0;7
11;GALICIA;27;LUGO;10;10;CASTRO DE REI;;27010J;0;8
11;GALICIA;27;LUGO;10;10;CASTRO DE REI;;27010K;0;9
11;GALICIA;27;LUGO;11;11;CASTROVERDE;;27011A;0;0
11;GALICIA;27;LUGO;11;11;CASTROVERDE;;27011B;0;1
11;GALICIA;27;LUGO;12;12;CERVANTES;;27012A;0;0
11;GALICIA;27;LUGO;13;13;CERVO;;27013A;0;0
11;GALICIA;27;LUGO;14;14;O CORGO;;27014A;0;0
11;GALICIA;27;LUGO;14;14;O CORGO;;27014B;0;1
11;GALICIA;27;LUGO;15;15;COSPEITO;;27015A;0;0
11;GALICIA;27;LUGO;15;15;COSPEITO;;27015B;0;1
11;GALICIA;27;LUGO;16;16;CHANTADA;;27016A;0;0
11;GALICIA;27;LUGO;16;16;CHANTADA;;27016B;0;1
11;GALICIA;27;LUGO;17;17;FOLGOSO DO COUREL;;27017A;0;0
11;GALICIA;27;LUGO;18;18;A FONSAGRADA;;27018A;0;0
11;GALICIA;27;LUGO;18;18;A FONSAGRADA;;27018B;0;1
11;GALICIA;27;LUGO;19;19;FOZ;;27019A;0;0
11;GALICIA;27;LUGO;19;19;FOZ;;27019B;0;1
11;GALICIA;27;LUGO;19;19;FOZ;;27019C;0;2
11;GALICIA;27;LUGO;20;20;FRIOL;;27020A;0;0
11;GALICIA;27;LUGO;20;20;FRIOL;;27020B;0;1
11;GALICIA;27;LUGO;20;20;FRIOL;;27020C;0;2
11;GALICIA;27;LUGO;20;20;FRIOL;;27020D;0;3
11;GALICIA;27;LUGO;21;21;XERMADE;;27021A;0;0
11;GALICIA;27;LUGO;21;21;XERMADE;;27021B;0;1
11;GALICIA;27;LUGO;21;21;XERMADE;;27021C;0;2
11;GALICIA;27;LUGO;21;21;XERMADE;;27021D;0;3
11;GALICIA;27;LUGO;21;21;XERMADE;;27021E;0;4
11;GALICIA;27;LUGO;21;21;XERMADE;;27021F;0;5
11;GALICIA;27;LUGO;22;22;GUITIRIZ;;27022A;0;0
11;GALICIA;27;LUGO;23;23;GUNTIN;;27023A;0;0
11;GALICIA;27;LUGO;23;23;GUNTIN;;27023B;0;1
11;GALICIA;27;LUGO;23;23;GUNTIN;;27023C;0;2
11;GALICIA;27;LUGO;23;23;GUNTIN;;27023D;0;3
11;GALICIA;27;LUGO;24;24;O INCIO;;27024A;0;0
11;GALICIA;27;LUGO;24;24;O INCIO;;27024B;0;1
11;GALICIA;27;LUGO;25;25;XOVE;;27025A;0;0
11;GALICIA;27;LUGO;26;26;LANCARA;;27026A;0;0
11;GALICIA;27;LUGO;27;27;LOURENZA;;27027A;0;0
11;GALICIA;27;LUGO;27;27;LOURENZA;;27027B;0;1
11;GALICIA;27;LUGO;27;27;LOURENZA;;27027C;0;2
11;GALICIA;27;LUGO;28;900;LUGO;;27900A;0;0
11;GALICIA;27;LUGO;28;900;LUGO;;27900B;0;1
11;GALICIA;27;LUGO;28;900;LUGO;;27900C;0;2
11;GALICIA;27;LUGO;28;900;LUGO;;27900D;0;3
11;GALICIA;27;LUGO;28;900;LUGO;;27900E;0;4
11;GALICIA;27;LUGO;28;900;LUGO;;27900F;0;5
11;GALICIA;27;LUGO;28;900;LUGO;;27900G;0;6
11;GALICIA;27;LUGO;29;29;MEIRA;;27029A;0;0
11;GALICIA;27;LUGO;29;29;MEIRA;;27029B;0;1
11;GALICIA;27;LUGO;30;30;MONDOÑEDO;;27030A;0;0
11;GALICIA;27;LUGO;30;30;MONDOÑEDO;;27030B;0;1
11;GALICIA;27;LUGO;30;30;MONDOÑEDO;;27030C;0;2
11;GALICIA;27;LUGO;30;30;MONDOÑEDO;;27030D;0;3
11;GALICIA;27;LUGO;30;30;MONDOÑEDO;;27030E;0;4
11;GALICIA;27;LUGO;30;30;MONDOÑEDO;;27030F;0;5
11;GALICIA;27;LUGO;30;30;MONDOÑEDO;;27030G;0;6
11;GALICIA;27;LUGO;30;30;MONDOÑEDO;;27030H;0;7
11;GALICIA;27;LUGO;31;31;MONFORTE DE LEMOS;;27031A;0;0
11;GALICIA;27;LUGO;31;31;MONFORTE DE LEMOS;;27031B;0;1
11;GALICIA;27;LUGO;31;31;MONFORTE DE LEMOS;;27031C;0;2
11;GALICIA;27;LUGO;31;31;MONFORTE DE LEMOS;;27031D;0;3
11;GALICIA;27;LUGO;32;32;MONTERROSO;;27032A;0;0
11;GALICIA;27;LUGO;33;33;MURAS;;27033A;0;0
11;GALICIA;27;LUGO;34;34;NAVIA DE SUARNA;;27034A;0;0
11;GALICIA;27;LUGO;35;35;NEGUEIRA DE MUÑIZ;;27035A;0;0
11;GALICIA;27;LUGO;37;37;AS NOGAIS;;27037A;0;0
11;GALICIA;27;LUGO;38;38;OUROL;;27038A;0;0
11;GALICIA;27;LUGO;38;38;OUROL;;27038B;0;1
11;GALICIA;27;LUGO;39;39;OUTEIRO DE REI;;27039A;0;0
11;GALICIA;27;LUGO;39;39;OUTEIRO DE REI;;27039B;0;1
11;GALICIA;27;LUGO;39;39;OUTEIRO DE REI;;27039C;0;2
11;GALICIA;27;LUGO;40;40;PALAS DE REI;;27040A;0;0
11;GALICIA;27;LUGO;40;40;PALAS DE REI;;27040B;0;1
11;GALICIA;27;LUGO;41;41;PANTON;;27041A;0;0
11;GALICIA;27;LUGO;42;42;PARADELA;;27042A;0;0
11;GALICIA;27;LUGO;43;43;O PARAMO;;27043A;0;0
11;GALICIA;27;LUGO;44;44;A PASTORIZA;;27044A;0;0
11;GALICIA;27;LUGO;44;44;A PASTORIZA;;27044B;0;1
11;GALICIA;27;LUGO;44;44;A PASTORIZA;;27044C;0;2
11;GALICIA;27;LUGO;44;44;A PASTORIZA;;27044D;0;3
11;GALICIA;27;LUGO;44;44;A PASTORIZA;;27044E;0;4
11;GALICIA;27;LUGO;44;44;A PASTORIZA;;27044F;0;5
11;GALICIA;27;LUGO;44;44;A PASTORIZA;;27044G;0;6
11;GALICIA;27;LUGO;44;44;A PASTORIZA;;27044H;0;7
11;GALICIA;27;LUGO;44;44;A PASTORIZA;;27044J;0;8
11;GALICIA;27;LUGO;44;44;A PASTORIZA;;27044K;0;9
11;GALICIA;27;LUGO;44;44;A PASTORIZA;;27044L;0;10
11;GALICIA;27;LUGO;44;44;A PASTORIZA;;27044M;0;11
11;GALICIA;27;LUGO;44;44;A PASTORIZA;;27044N;0;12
11;GALICIA;27;LUGO;44;44;A PASTORIZA;;27044P;0;13
11;GALICIA;27;LUGO;44;44;A PASTORIZA;;27044Q;0;14
11;GALICIA;27;LUGO;44;44;A PASTORIZA;;27044R;0;15
11;GALICIA;27;LUGO;44;44;A PASTORIZA;;27044S;0;16
11;GALICIA;27;LUGO;44;44;A PASTORIZA;;27044T;0;17
11;GALICIA;27;LUGO;44;44;A PASTORIZA;;27044V;0;18
11;GALICIA;27;LUGO;44;44;A PASTORIZA;;27044W;0;19
11;GALICIA;27;LUGO;44;44;A PASTORIZA;;27044X;0;20
11;GALICIA;27;LUGO;44;44;A PASTORIZA;;27044Y;0;21
11;GALICIA;27;LUGO;45;45;PEDRAFITA DO CEBREIRO;;27045A;0;0
11;GALICIA;27;LUGO;46;46;POL;;27046A;0;0
11;GALICIA;27;LUGO;46;46;POL;;27046B;0;1
11;GALICIA;27;LUGO;46;46;POL;;27046C;0;2
11;GALICIA;27;LUGO;46;46;POL;;27046D;0;3
11;GALICIA;27;LUGO;46;46;POL;;27046E;0;4
11;GALICIA;27;LUGO;46;46;POL;;27046F;0;5
11;GALICIA;27;LUGO;46;46;POL;;27046G;0;6
11;GALICIA;27;LUGO;47;47;A POBRA DO BROLLON;;27047A;0;0
11;GALICIA;27;LUGO;47;47;A POBRA DO BROLLON;;27047B;0;1
11;GALICIA;27;LUGO;48;48;A PONTENOVA;;27048A;0;0
11;GALICIA;27;LUGO;48;48;A PONTENOVA;;27048B;0;1
11;GALICIA;27;LUGO;48;48;A PONTENOVA;;27048C;0;2
11;GALICIA;27;LUGO;48;48;A PONTENOVA;;27048D;0;3
11;GALICIA;27;LUGO;48;48;A PONTENOVA;;27048E;0;4
11;GALICIA;27;LUGO;48;48;A PONTENOVA;;27048F;0;6
11;GALICIA;27;LUGO;48;48;A PONTENOVA;;27048G;0;7
11;GALICIA;27;LUGO;48;48;A PONTENOVA;;27048H;0;5
11;GALICIA;27;LUGO;48;48;A PONTENOVA;;27048J;0;8
11;GALICIA;27;LUGO;48;48;A PONTENOVA;;27048K;0;9
11;GALICIA;27;LUGO;48;48;A PONTENOVA;;27048L;0;10
11;GALICIA;27;LUGO;48;48;A PONTENOVA;;27048M;0;11
11;GALICIA;27;LUGO;49;49;PORTOMARIN;;27049A;0;0
11;GALICIA;27;LUGO;50;50;QUIROGA;;27050A;0;0
11;GALICIA;27;LUGO;51;51;RIBADEO;;27051A;0;0
11;GALICIA;27;LUGO;51;51;RIBADEO;;27051B;0;1
11;GALICIA;27;LUGO;51;51;RIBADEO;;27051C;0;2
11;GALICIA;27;LUGO;51;51;RIBADEO;;27051D;0;3
11;GALICIA;27;LUGO;51;51;RIBADEO;;27051E;0;4
11;GALICIA;27;LUGO;51;51;RIBADEO;;27051F;0;5
11;GALICIA;27;LUGO;51;51;RIBADEO;;27051G;0;6
11;GALICIA;27;LUGO;51;51;RIBADEO;;27051H;0;7
11;GALICIA;27;LUGO;51;51;RIBADEO;;27051J;0;8
11;GALICIA;27;LUGO;51;51;RIBADEO;;27051K;0;9
11;GALICIA;27;LUGO;51;51;RIBADEO;;27051L;0;10
11;GALICIA;27;LUGO;51;51;RIBADEO;;27051M;0;11
11;GALICIA;27;LUGO;51;51;RIBADEO;;27051N;0;12
11;GALICIA;27;LUGO;51;51;RIBADEO;;27051P;0;13
11;GALICIA;27;LUGO;51;51;RIBADEO;;27051Q;0;14
11;GALICIA;27;LUGO;51;51;RIBADEO;;27051R;0;15
11;GALICIA;27;LUGO;52;52;RIBAS DE SIL;;27052A;0;0
11;GALICIA;27;LUGO;53;53;RIBEIRA DE PIQUIN;;27053A;0;0
11;GALICIA;27;LUGO;54;54;RIOTORTO;;27054A;0;0
11;GALICIA;27;LUGO;54;54;RIOTORTO;;27054B;0;1
11;GALICIA;27;LUGO;54;54;RIOTORTO;;27054C;0;2
11;GALICIA;27;LUGO;54;54;RIOTORTO;;27054D;0;3
11;GALICIA;27;LUGO;54;54;RIOTORTO;;27054E;0;4
11;GALICIA;27;LUGO;54;54;RIOTORTO;;27054F;0;5
11;GALICIA;27;LUGO;55;55;SAMOS;;27055A;0;0
11;GALICIA;27;LUGO;55;55;SAMOS;;27055B;0;1
11;GALICIA;27;LUGO;55;55;SAMOS;;27055C;0;2
11;GALICIA;27;LUGO;55;55;SAMOS;;27055D;0;3
11;GALICIA;27;LUGO;55;55;SAMOS;;27055E;0;4
11;GALICIA;27;LUGO;56;56;RABADE;;27056A;0;0
11;GALICIA;27;LUGO;57;57;SARRIA;;27057A;0;0
11;GALICIA;27;LUGO;57;57;SARRIA;;27057B;0;1
11;GALICIA;27;LUGO;57;57;SARRIA;;27057C;0;2
11;GALICIA;27;LUGO;57;57;SARRIA;;27057D;0;3
11;GALICIA;27;LUGO;57;57;SARRIA;;27057E;0;4
11;GALICIA;27;LUGO;58;58;O SAVIÑAO;;27058A;0;0
11;GALICIA;27;LUGO;58;58;O SAVIÑAO;;27058B;0;1
11;GALICIA;27;LUGO;59;59;SOBER;;27059A;0;0
11;GALICIA;27;LUGO;60;60;TABOADA;;27060A;0;0
11;GALICIA;27;LUGO;60;60;TABOADA;;27060B;0;1
11;GALICIA;27;LUGO;61;61;TRABADA;;27061A;0;0
11;GALICIA;27;LUGO;61;61;TRABADA;;27061B;0;1
11;GALICIA;27;LUGO;61;61;TRABADA;;27061C;0;2
11;GALICIA;27;LUGO;61;61;TRABADA;;27061D;0;3
11;GALICIA;27;LUGO;61;61;TRABADA;;27061E;0;4
11;GALICIA;27;LUGO;61;61;TRABADA;;27061F;0;5
11;GALICIA;27;LUGO;61;61;TRABADA;;27061G;0;6
11;GALICIA;27;LUGO;61;61;TRABADA;;27061H;0;7
11;GALICIA;27;LUGO;61;61;TRABADA;;27061J;0;8
11;GALICIA;27;LUGO;61;61;TRABADA;;27061K;0;9
11;GALICIA;27;LUGO;61;61;TRABADA;;27061L;0;10
11;GALICIA;27;LUGO;61;61;TRABADA;;27061M;0;11
11;GALICIA;27;LUGO;61;61;TRABADA;;27061N;0;12
11;GALICIA;27;LUGO;61;61;TRABADA;;27061P;0;14
11;GALICIA;27;LUGO;61;61;TRABADA;;27061Q;0;15
11;GALICIA;27;LUGO;61;61;TRABADA;;27061R;0;16
11;GALICIA;27;LUGO;61;61;TRABADA;;27061T;0;17
11;GALICIA;27;LUGO;61;61;TRABADA;;27061V;0;18
11;GALICIA;27;LUGO;62;62;TRIACASTELA;;27062A;0;0
11;GALICIA;27;LUGO;63;63;O VALADOURO;;27063A;0;0
11;GALICIA;27;LUGO;63;63;O VALADOURO;;27063B;0;1
11;GALICIA;27;LUGO;64;64;O VICEDO;;27064A;0;0
11;GALICIA;27;LUGO;65;65;VILALBA;;27065A;0;0
11;GALICIA;27;LUGO;65;65;VILALBA;;27065B;0;1
11;GALICIA;27;LUGO;65;65;VILALBA;;27065C;0;2
11;GALICIA;27;LUGO;65;65;VILALBA;;27065D;0;3
11;GALICIA;27;LUGO;66;67;VIVEIRO;;27067A;0;0
11;GALICIA;27;LUGO;901;36;BARALLA;;27036A;0;0
11;GALICIA;27;LUGO;901;36;BARALLA;;27036B;0;1
11;GALICIA;27;LUGO;902;68;BURELA;;27068A;0;0
11;GALICIA;32;OURENSE;1;2;ALLARIZ;;32002A;0;0
11;GALICIA;32;OURENSE;1;2;ALLARIZ;;32002B;0;1
11;GALICIA;32;OURENSE;1;2;ALLARIZ;;32002C;0;2
11;GALICIA;32;OURENSE;1;2;ALLARIZ;;32002D;0;3
11;GALICIA;32;OURENSE;2;3;AMOEIRO;;32003A;0;0
11;GALICIA;32;OURENSE;3;4;A ARNOIA;;32004A;0;0
11;GALICIA;32;OURENSE;4;5;AVION;;32005A;0;0
11;GALICIA;32;OURENSE;5;6;BALTAR;;32006A;0;0
11;GALICIA;32;OURENSE;6;7;BANDE;;32007A;0;0
11;GALICIA;32;OURENSE;6;7;BANDE;;32007B;0;1
11;GALICIA;32;OURENSE;6;7;BANDE;;32007C;0;2
11;GALICIA;32;OURENSE;6;7;BANDE;;32007D;0;3
11;GALICIA;32;OURENSE;6;7;BANDE;;32007E;0;4
11;GALICIA;32;OURENSE;6;7;BANDE;;32007F;0;5
11;GALICIA;32;OURENSE;7;8;BAÑOS DE MOLGAS;;32008A;0;0
11;GALICIA;32;OURENSE;8;9;BARBADAS;;32009A;0;0
11;GALICIA;32;OURENSE;9;10;O BARCO DE VALDEORRAS;;32010A;0;0
11;GALICIA;32;OURENSE;10;11;BEADE;;32011A;0;0
11;GALICIA;32;OURENSE;11;12;BEARIZ;;32012A;0;0
11;GALICIA;32;OURENSE;12;13;OS BLANCOS;;32013A;0;0
11;GALICIA;32;OURENSE;13;14;BOBORAS;;32014A;0;0
11;GALICIA;32;OURENSE;13;14;BOBORAS;;32014B;0;1
11;GALICIA;32;OURENSE;13;14;BOBORAS;;32014C;0;2
11;GALICIA;32;OURENSE;13;14;BOBORAS;;32014D;0;3
11;GALICIA;32;OURENSE;14;15;A BOLA;;32015A;0;0
11;GALICIA;32;OURENSE;15;16;O BOLO;;32016A;0;0
11;GALICIA;32;OURENSE;16;17;CALVOS DE RANDIN;;32017A;0;0
11;GALICIA;32;OURENSE;17;18;CARBALLEDA;;32018A;0;0
11;GALICIA;32;OURENSE;18;19;CARBALLEDA DE AVIA;;32019A;0;0
11;GALICIA;32;OURENSE;19;20;O CARBALLIÑO;;32020A;0;0
11;GALICIA;32;OURENSE;20;21;CARTELLE;;32021A;0;0
11;GALICIA;32;OURENSE;20;21;CARTELLE;;32021B;0;1
11;GALICIA;32;OURENSE;20;21;CARTELLE;;32021C;0;2
11;GALICIA;32;OURENSE;20;21;CARTELLE;;32021D;0;3
11;GALICIA;32;OURENSE;20;21;CARTELLE;;32021E;0;4
11;GALICIA;32;OURENSE;21;22;CASTRELO DO VAL;;32022A;0;0
11;GALICIA;32;OURENSE;22;23;CASTRELO DE MIÑO;;32023A;0;0
11;GALICIA;32;OURENSE;23;24;CASTRO CALDELAS;;32024A;0;0
11;GALICIA;32;OURENSE;24;25;CELANOVA;;32025A;0;0
11;GALICIA;32;OURENSE;25;26;CENLLE;;32026A;0;0
11;GALICIA;32;OURENSE;26;27;COLES;;32027A;0;0
11;GALICIA;32;OURENSE;27;28;CORTEGADA;;32028A;0;0
11;GALICIA;32;OURENSE;28;29;CUALEDRO;;32029A;0;0
11;GALICIA;32;OURENSE;29;30;CHANDREXA DE QUEIXA;;32030A;0;0
11;GALICIA;32;OURENSE;30;31;ENTRIMO;;32031A;0;0
11;GALICIA;32;OURENSE;31;32;ESGOS;;32032A;0;0
11;GALICIA;32;OURENSE;32;33;XINZO DE LIMIA;;32033A;0;0
11;GALICIA;32;OURENSE;33;34;GOMESENDE;;32034A;0;0
11;GALICIA;32;OURENSE;34;35;A GUDIÑA;;32035A;0;0
11;GALICIA;32;OURENSE;35;36;O IRIXO;;32036A;0;0
11;GALICIA;32;OURENSE;36;37;XUNQUEIRA DE AMBIA;;32037A;0;0
11;GALICIA;32;OURENSE;37;38;XUNQUEIRA DE ESPADANEDO;;32038A;0;0
11;GALICIA;32;OURENSE;37;38;XUNQUEIRA DE ESPADANEDO;;32038B;0;1
11;GALICIA;32;OURENSE;37;38;XUNQUEIRA DE ESPADANEDO;;32038C;0;2
11;GALICIA;32;OURENSE;38;39;LAROUCO;;32039A;0;0
11;GALICIA;32;OURENSE;39;40;LAZA;;32040A;0;0
11;GALICIA;32;OURENSE;39;40;LAZA;;32040B;0;2
11;GALICIA;32;OURENSE;40;41;LEIRO;;32041A;0;0
11;GALICIA;32;OURENSE;41;42;LOBEIRA;;32042A;0;0
11;GALICIA;32;OURENSE;42;43;LOBIOS;;32043A;0;0
11;GALICIA;32;OURENSE;43;44;MACEDA;;32044A;0;0
11;GALICIA;32;OURENSE;44;45;MANZANEDA;;32045A;0;0
11;GALICIA;32;OURENSE;45;46;MASIDE;;32046A;0;0
11;GALICIA;32;OURENSE;46;47;MELON;;32047A;0;0
11;GALICIA;32;OURENSE;46;47;MELON;;32047B;0;1
11;GALICIA;32;OURENSE;46;47;MELON;;32047C;0;2
11;GALICIA;32;OURENSE;47;48;A MERCA;;32048A;0;0
11;GALICIA;32;OURENSE;47;48;A MERCA;;32048B;0;1
11;GALICIA;32;OURENSE;47;48;A MERCA;;32048C;0;2
11;GALICIA;32;OURENSE;48;49;A MEZQUITA;;32049A;0;0
11;GALICIA;32;OURENSE;49;50;MONTEDERRAMO;;32050A;0;0
11;GALICIA;32;OURENSE;50;51;MONTERREI;;32051A;0;0
11;GALICIA;32;OURENSE;50;51;MONTERREI;;32051B;0;1
11;GALICIA;32;OURENSE;51;52;MUIÑOS;;32052A;0;0
11;GALICIA;32;OURENSE;51;52;MUIÑOS;;32052B;0;1
11;GALICIA;32;OURENSE;52;53;NOGUEIRA DE RAMUIN;;32053A;0;0
11;GALICIA;32;OURENSE;53;54;OIMBRA;;32054A;0;0
11;GALICIA;32;OURENSE;53;54;OIMBRA;;32054B;0;1
11;GALICIA;32;OURENSE;54;900;OURENSE;;32900A;0;0
11;GALICIA;32;OURENSE;55;56;PADERNE DE ALLARIZ;;32056A;0;0
11;GALICIA;32;OURENSE;56;57;PADRENDA;;32057A;0;0
11;GALICIA;32;OURENSE;57;58;PARADA DE SIL;;32058A;0;0
11;GALICIA;32;OURENSE;58;59;O PEREIRO DE AGUIAR;;32059A;0;0
11;GALICIA;32;OURENSE;59;60;A PEROXA;;32060A;0;0
11;GALICIA;32;OURENSE;60;61;PETIN;;32061A;0;0
11;GALICIA;32;OURENSE;61;62;PIÑOR;;32062A;0;0
11;GALICIA;32;OURENSE;62;63;PORQUEIRA;;32063A;0;0
11;GALICIA;32;OURENSE;62;63;PORQUEIRA;;32063B;0;1
11;GALICIA;32;OURENSE;62;63;PORQUEIRA;;32063C;0;2
11;GALICIA;32;OURENSE;62;63;PORQUEIRA;;32063D;0;3
11;GALICIA;32;OURENSE;63;64;A POBRA DE TRIVES;;32064A;0;0
11;GALICIA;32;OURENSE;64;65;PONTEDEVA;;32065A;0;0
11;GALICIA;32;OURENSE;65;66;PUNXIN;;32066A;0;0
11;GALICIA;32;OURENSE;66;67;QUINTELA DE LEIRADO;;32067A;0;0
11;GALICIA;32;OURENSE;67;68;RAIRIZ DE VEIGA;;32068A;0;0
11;GALICIA;32;OURENSE;68;69;RAMIRAS;;32069A;0;0
11;GALICIA;32;OURENSE;69;70;RIBADAVIA;;32070A;0;0
11;GALICIA;32;OURENSE;70;71;SAN XOAN DE RIO;;32071A;0;0
11;GALICIA;32;OURENSE;71;72;RIOS;;32072A;0;0
11;GALICIA;32;OURENSE;72;73;A RUA;;32073A;0;0
11;GALICIA;32;OURENSE;73;74;RUBIA;;32074A;0;0
11;GALICIA;32;OURENSE;74;75;SAN AMARO;;32075A;0;0
11;GALICIA;32;OURENSE;75;76;SAN CIBRAO DAS VIÑAS;;32076A;0;0
11;GALICIA;32;OURENSE;76;77;SAN CRISTOVO DE CEA;;32077A;0;0
11;GALICIA;32;OURENSE;77;78;SANDIAS;;32078A;0;0
11;GALICIA;32;OURENSE;78;79;SARREAUS;;32079A;0;0
11;GALICIA;32;OURENSE;79;80;TABOADELA;;32080A;0;0
11;GALICIA;32;OURENSE;80;81;A TEIXEIRA;;32081A;0;0
11;GALICIA;32;OURENSE;81;82;TOEN;;32082A;0;0
11;GALICIA;32;OURENSE;82;83;TRASMIRAS;;32083A;0;0
11;GALICIA;32;OURENSE;83;84;A VEIGA;;32084A;0;0
11;GALICIA;32;OURENSE;84;85;VEREA;;32085A;0;0
11;GALICIA;32;OURENSE;85;86;VERIN;;32086A;0;0
11;GALICIA;32;OURENSE;86;87;VIANA DO BOLO;;32087A;0;0
11;GALICIA;32;OURENSE;87;88;VILAMARIN;;32088A;0;0
11;GALICIA;32;OURENSE;88;89;VILAMARTIN DE VALDEORRAS;;32089A;0;0
11;GALICIA;32;OURENSE;89;90;VILAR DE BARRIO;;32090A;0;0
11;GALICIA;32;OURENSE;90;91;VILAR DE SANTOS;;32091A;0;0
11;GALICIA;32;OURENSE;91;92;VILARDEVOS;;32092A;0;0
11;GALICIA;32;OURENSE;92;93;VILARIÑO DE CONSO;;32093A;0;0
11;GALICIA;36;PONTEVEDRA;1;1;ARBO;;36001A;0;0
11;GALICIA;36;PONTEVEDRA;2;2;BARRO;;36002A;0;0
11;GALICIA;36;PONTEVEDRA;2;2;BARRO;;36002B;0;1
11;GALICIA;36;PONTEVEDRA;3;3;BAIONA;;54003A;0;0
11;GALICIA;36;PONTEVEDRA;4;4;BUEU;;36004A;0;0
11;GALICIA;36;PONTEVEDRA;5;5;CALDAS DE REIS;;36005A;0;0
11;GALICIA;36;PONTEVEDRA;5;5;CALDAS DE REIS;;36005B;0;1
11;GALICIA;36;PONTEVEDRA;6;6;CAMBADOS;;36006A;0;0
11;GALICIA;36;PONTEVEDRA;6;6;CAMBADOS;;36006B;0;1
11;GALICIA;36;PONTEVEDRA;6;6;CAMBADOS;;36006C;0;2
11;GALICIA;36;PONTEVEDRA;6;6;CAMBADOS;;36006D;0;3
11;GALICIA;36;PONTEVEDRA;7;7;CAMPO LAMEIRO;;36007A;0;0
11;GALICIA;36;PONTEVEDRA;8;8;CANGAS;;36008A;0;0
11;GALICIA;36;PONTEVEDRA;9;9;A CAÑIZA;;36009A;0;0
11;GALICIA;36;PONTEVEDRA;9;9;A CAÑIZA;;36009B;0;1
11;GALICIA;36;PONTEVEDRA;10;10;CATOIRA;;36010A;0;0
11;GALICIA;36;PONTEVEDRA;11;11;CERDEDO;;36011A;0;0
11;GALICIA;36;PONTEVEDRA;11;11;CERDEDO;;36011B;0;6
11;GALICIA;36;PONTEVEDRA;11;11;CERDEDO;;36011C;0;4
11;GALICIA;36;PONTEVEDRA;11;11;CERDEDO;;36011D;0;1
11;GALICIA;36;PONTEVEDRA;11;11;CERDEDO;;36011E;0;3
11;GALICIA;36;PONTEVEDRA;11;11;CERDEDO;;36011F;0;2
11;GALICIA;36;PONTEVEDRA;12;12;COTOBADE;;36012A;0;0
11;GALICIA;36;PONTEVEDRA;12;12;COTOBADE;;36012B;0;2
11;GALICIA;36;PONTEVEDRA;12;12;COTOBADE;;36012C;0;1
11;GALICIA;36;PONTEVEDRA;13;13;O COVELO;;36013A;0;0
11;GALICIA;36;PONTEVEDRA;14;14;CRECENTE;;36014A;0;0
11;GALICIA;36;PONTEVEDRA;15;15;CUNTIS;;36015A;0;0
11;GALICIA;36;PONTEVEDRA;15;15;CUNTIS;;36015B;0;1
11;GALICIA;36;PONTEVEDRA;15;15;CUNTIS;;36015C;0;2
11;GALICIA;36;PONTEVEDRA;15;15;CUNTIS;;36015D;0;3
11;GALICIA;36;PONTEVEDRA;15;15;CUNTIS;;36015E;0;4
11;GALICIA;36;PONTEVEDRA;15;15;CUNTIS;;36015F;0;5
11;GALICIA;36;PONTEVEDRA;15;15;CUNTIS;;36015G;0;6
11;GALICIA;36;PONTEVEDRA;15;15;CUNTIS;;36015H;0;7
11;GALICIA;36;PONTEVEDRA;15;15;CUNTIS;;36015I;0;8
11;GALICIA;36;PONTEVEDRA;16;16;DOZON;;36016A;0;0
11;GALICIA;36;PONTEVEDRA;17;17;A ESTRADA;;36017A;0;0
11;GALICIA;36;PONTEVEDRA;17;17;A ESTRADA;;36017B;0;1
11;GALICIA;36;PONTEVEDRA;17;17;A ESTRADA;;36017C;0;2
11;GALICIA;36;PONTEVEDRA;17;17;A ESTRADA;;36017D;0;3
11;GALICIA;36;PONTEVEDRA;17;17;A ESTRADA;;36017E;0;4
11;GALICIA;36;PONTEVEDRA;17;17;A ESTRADA;;36017F;0;5
11;GALICIA;36;PONTEVEDRA;17;17;A ESTRADA;;36017G;0;6
11;GALICIA;36;PONTEVEDRA;17;17;A ESTRADA;;36017H;0;7
11;GALICIA;36;PONTEVEDRA;17;17;A ESTRADA;;36017J;0;8
11;GALICIA;36;PONTEVEDRA;17;17;A ESTRADA;;36017K;0;9
11;GALICIA;36;PONTEVEDRA;17;17;A ESTRADA;;36017L;0;10
11;GALICIA;36;PONTEVEDRA;17;17;A ESTRADA;;36017M;0;11
11;GALICIA;36;PONTEVEDRA;17;17;A ESTRADA;;36017N;0;12
11;GALICIA;36;PONTEVEDRA;17;17;A ESTRADA;;36017P;0;13
11;GALICIA;36;PONTEVEDRA;17;17;A ESTRADA;;36017Q;0;14
11;GALICIA;36;PONTEVEDRA;17;17;A ESTRADA;;36017R;0;15
11;GALICIA;36;PONTEVEDRA;17;17;A ESTRADA;;36017S;0;16
11;GALICIA;36;PONTEVEDRA;17;17;A ESTRADA;;36017T;0;17
11;GALICIA;36;PONTEVEDRA;17;17;A ESTRADA;;36017V;0;18
11;GALICIA;36;PONTEVEDRA;17;17;A ESTRADA;;36017W;0;19
11;GALICIA;36;PONTEVEDRA;17;17;A ESTRADA;;36017X;0;20
11;GALICIA;36;PONTEVEDRA;17;17;A ESTRADA;;36017Y;0;21
11;GALICIA;36;PONTEVEDRA;18;18;FORCAREI;;36018A;0;0
11;GALICIA;36;PONTEVEDRA;18;18;FORCAREI;;36018B;0;1
11;GALICIA;36;PONTEVEDRA;18;18;FORCAREI;;36018C;0;2
11;GALICIA;36;PONTEVEDRA;18;18;FORCAREI;;36018E;0;4
11;GALICIA;36;PONTEVEDRA;19;19;FORNELOS DE MONTES;;36019A;0;0
11;GALICIA;36;PONTEVEDRA;20;20;AGOLADA;;36020A;0;0
11;GALICIA;36;PONTEVEDRA;20;20;AGOLADA;;36020B;0;6
11;GALICIA;36;PONTEVEDRA;20;20;AGOLADA;;36020C;0;12
11;GALICIA;36;PONTEVEDRA;20;20;AGOLADA;;36020D;0;9
11;GALICIA;36;PONTEVEDRA;20;20;AGOLADA;;36020E;0;1
11;GALICIA;36;PONTEVEDRA;20;20;AGOLADA;;36020F;0;3
11;GALICIA;36;PONTEVEDRA;20;20;AGOLADA;;36020G;0;5
11;GALICIA;36;PONTEVEDRA;20;20;AGOLADA;;36020H;0;2
11;GALICIA;36;PONTEVEDRA;20;20;AGOLADA;;36020J;0;10
11;GALICIA;36;PONTEVEDRA;20;20;AGOLADA;;36020K;0;4
11;GALICIA;36;PONTEVEDRA;20;20;AGOLADA;;36020L;0;7
11;GALICIA;36;PONTEVEDRA;20;20;AGOLADA;;36020M;0;8
11;GALICIA;36;PONTEVEDRA;20;20;AGOLADA;;36020N;0;11
11;GALICIA;36;PONTEVEDRA;20;20;AGOLADA;;36020P;0;13
11;GALICIA;36;PONTEVEDRA;21;21;GONDOMAR;;54021A;0;0
11;GALICIA;36;PONTEVEDRA;22;22;O GROVE;;36022A;0;0
11;GALICIA;36;PONTEVEDRA;23;23;A GUARDA;;36023A;0;0
11;GALICIA;36;PONTEVEDRA;24;24;LALIN;;36024A;0;0
11;GALICIA;36;PONTEVEDRA;24;24;LALIN;;36024B;0;1
11;GALICIA;36;PONTEVEDRA;24;24;LALIN;;36024C;0;2
11;GALICIA;36;PONTEVEDRA;24;24;LALIN;;36024D;0;3
11;GALICIA;36;PONTEVEDRA;24;24;LALIN;;36024E;0;4
11;GALICIA;36;PONTEVEDRA;24;24;LALIN;;36024F;0;5
11;GALICIA;36;PONTEVEDRA;24;24;LALIN;;36024G;0;6
11;GALICIA;36;PONTEVEDRA;24;24;LALIN;;36024H;0;7
11;GALICIA;36;PONTEVEDRA;24;24;LALIN;;36024J;0;8
11;GALICIA;36;PONTEVEDRA;24;24;LALIN;;36024K;0;9
11;GALICIA;36;PONTEVEDRA;24;24;LALIN;;36024L;0;10
11;GALICIA;36;PONTEVEDRA;24;24;LALIN;;36024M;0;11
11;GALICIA;36;PONTEVEDRA;24;24;LALIN;;36024N;0;12
11;GALICIA;36;PONTEVEDRA;24;24;LALIN;;36024P;0;13
11;GALICIA;36;PONTEVEDRA;24;24;LALIN;;36024Q;0;14
11;GALICIA;36;PONTEVEDRA;25;25;A LAMA;;36025A;0;0
11;GALICIA;36;PONTEVEDRA;26;26;MARIN;;36026A;0;0
11;GALICIA;36;PONTEVEDRA;27;27;MEAÑO;;36027A;0;0
11;GALICIA;36;PONTEVEDRA;27;27;MEAÑO;;36027B;0;1
11;GALICIA;36;PONTEVEDRA;28;28;MEIS;;36028A;0;0
11;GALICIA;36;PONTEVEDRA;28;28;MEIS;;36028B;0;1
11;GALICIA;36;PONTEVEDRA;28;28;MEIS;;36028C;0;2
11;GALICIA;36;PONTEVEDRA;29;29;MOAÑA;;36029A;0;0
11;GALICIA;36;PONTEVEDRA;30;30;MONDARIZ;;36030A;0;0
11;GALICIA;36;PONTEVEDRA;31;31;MONDARIZ-BALNEARIO;;36031A;0;0
11;GALICIA;36;PONTEVEDRA;32;32;MORAÑA;;36032A;0;0
11;GALICIA;36;PONTEVEDRA;33;33;MOS;;36033A;0;0
11;GALICIA;36;PONTEVEDRA;34;34;AS NEVES;;36034A;0;0
11;GALICIA;36;PONTEVEDRA;35;35;NIGRAN;;54035A;0;0
11;GALICIA;36;PONTEVEDRA;36;36;OIA;;36036A;0;0
11;GALICIA;36;PONTEVEDRA;37;37;PAZOS DE BORBEN;;36037A;0;0
11;GALICIA;36;PONTEVEDRA;38;900;PONTEVEDRA;;36900A;0;0
11;GALICIA;36;PONTEVEDRA;39;39;O PORRIÑO;;36039A;0;0
11;GALICIA;36;PONTEVEDRA;40;40;PORTAS;;36040A;0;0
11;GALICIA;36;PONTEVEDRA;41;41;POIO;;36041A;0;0
11;GALICIA;36;PONTEVEDRA;42;42;PONTEAREAS;;36042A;0;0
11;GALICIA;36;PONTEVEDRA;43;43;PONTE-CALDELAS;;36043A;0;0
11;GALICIA;36;PONTEVEDRA;44;44;PONTECESURES;;36044A;0;0
11;GALICIA;36;PONTEVEDRA;45;45;REDONDELA;;36045A;0;0
11;GALICIA;36;PONTEVEDRA;46;46;RIBADUMIA;;36046A;0;0
11;GALICIA;36;PONTEVEDRA;46;46;RIBADUMIA;;36046B;0;1
11;GALICIA;36;PONTEVEDRA;46;46;RIBADUMIA;;36046C;0;2
11;GALICIA;36;PONTEVEDRA;46;46;RIBADUMIA;;36046D;0;3
11;GALICIA;36;PONTEVEDRA;46;46;RIBADUMIA;;36046E;0;4
11;GALICIA;36;PONTEVEDRA;46;46;RIBADUMIA;;36046F;0;5
11;GALICIA;36;PONTEVEDRA;46;46;RIBADUMIA;;36046G;0;6
11;GALICIA;36;PONTEVEDRA;47;47;RODEIRO;;36047A;0;0
11;GALICIA;36;PONTEVEDRA;48;48;O ROSAL;;36048A;0;0
11;GALICIA;36;PONTEVEDRA;48;48;O ROSAL;;36048B;0;1
11;GALICIA;36;PONTEVEDRA;48;48;O ROSAL;;36048C;0;2
11;GALICIA;36;PONTEVEDRA;49;49;SALCEDA DE CASELAS;;36049A;0;0
11;GALICIA;36;PONTEVEDRA;50;50;SALVATERRA DE MIÑO;;36050A;0;0
11;GALICIA;36;PONTEVEDRA;51;51;SANXENXO;;36051A;0;0
11;GALICIA;36;PONTEVEDRA;52;52;SILLEDA;;36052A;0;0
11;GALICIA;36;PONTEVEDRA;52;52;SILLEDA;;36052B;0;3
11;GALICIA;36;PONTEVEDRA;52;52;SILLEDA;;36052C;0;12
11;GALICIA;36;PONTEVEDRA;52;52;SILLEDA;;36052D;0;7
11;GALICIA;36;PONTEVEDRA;52;52;SILLEDA;;36052E;0;6
11;GALICIA;36;PONTEVEDRA;52;52;SILLEDA;;36052F;0;8
11;GALICIA;36;PONTEVEDRA;52;52;SILLEDA;;36052G;0;19
11;GALICIA;36;PONTEVEDRA;52;52;SILLEDA;;36052H;0;11
11;GALICIA;36;PONTEVEDRA;52;52;SILLEDA;;36052I;0;21
11;GALICIA;36;PONTEVEDRA;52;52;SILLEDA;;36052J;0;9
11;GALICIA;36;PONTEVEDRA;52;52;SILLEDA;;36052K;0;5
11;GALICIA;36;PONTEVEDRA;52;52;SILLEDA;;36052L;0;20
11;GALICIA;36;PONTEVEDRA;52;52;SILLEDA;;36052M;0;10
11;GALICIA;36;PONTEVEDRA;52;52;SILLEDA;;36052N;0;1
11;GALICIA;36;PONTEVEDRA;52;52;SILLEDA;;36052P;0;18
11;GALICIA;36;PONTEVEDRA;52;52;SILLEDA;;36052Q;0;14
11;GALICIA;36;PONTEVEDRA;52;52;SILLEDA;;36052R;0;2
11;GALICIA;36;PONTEVEDRA;52;52;SILLEDA;;36052S;0;16
11;GALICIA;36;PONTEVEDRA;52;52;SILLEDA;;36052T;0;17
11;GALICIA;36;PONTEVEDRA;52;52;SILLEDA;;36052V;0;13
11;GALICIA;36;PONTEVEDRA;52;52;SILLEDA;;36052W;0;15
11;GALICIA;36;PONTEVEDRA;52;52;SILLEDA;;36052X;0;4
11;GALICIA;36;PONTEVEDRA;53;53;SOUTOMAIOR;;36053A;0;0
11;GALICIA;36;PONTEVEDRA;54;54;TOMIÑO;;36054A;0;0
11;GALICIA;36;PONTEVEDRA;54;54;TOMIÑO;;36054B;0;1
11;GALICIA;36;PONTEVEDRA;54;54;TOMIÑO;;36054C;0;2
11;GALICIA;36;PONTEVEDRA;55;55;TUI;;36055A;0;0
11;GALICIA;36;PONTEVEDRA;56;56;VALGA;;36056A;0;0
11;GALICIA;36;PONTEVEDRA;57;57;VIGO;;54057A;0;0
11;GALICIA;36;PONTEVEDRA;58;58;VILABOA;;36058A;0;0
11;GALICIA;36;PONTEVEDRA;59;59;VILA DE CRUCES;;36059A;0;0
11;GALICIA;36;PONTEVEDRA;59;59;VILA DE CRUCES;;36059B;0;1
11;GALICIA;36;PONTEVEDRA;59;59;VILA DE CRUCES;;36059C;0;2
11;GALICIA;36;PONTEVEDRA;59;59;VILA DE CRUCES;;36059D;0;3
11;GALICIA;36;PONTEVEDRA;59;59;VILA DE CRUCES;;36059E;0;4
11;GALICIA;36;PONTEVEDRA;59;59;VILA DE CRUCES;;36059F;0;5
11;GALICIA;36;PONTEVEDRA;59;59;VILA DE CRUCES;;36059G;0;6
11;GALICIA;36;PONTEVEDRA;59;59;VILA DE CRUCES;;36059H;0;7
11;GALICIA;36;PONTEVEDRA;59;59;VILA DE CRUCES;;36059J;0;8
11;GALICIA;36;PONTEVEDRA;59;59;VILA DE CRUCES;;36059K;0;9
11;GALICIA;36;PONTEVEDRA;60;60;VILAGARCIA DE AROUSA;;36060A;0;0
11;GALICIA;36;PONTEVEDRA;61;61;VILANOVA DE AROUSA;;36061A;0;0
11;GALICIA;36;PONTEVEDRA;61;61;VILANOVA DE AROUSA;;36061B;0;1
11;GALICIA;36;PONTEVEDRA;901;62;ILLA DE AROUSA;;36062A;0;0
12;COMUNIDAD DE MADRID;28;MADRID;1;1;LA ACEBEDA;;28001A;0;0
12;COMUNIDAD DE MADRID;28;MADRID;2;2;AJALVIR;;28002A;0;0
12;COMUNIDAD DE MADRID;28;MADRID;3;3;ALAMEDA DEL VALLE;;28003A;0;0
12;COMUNIDAD DE MADRID;28;MADRID;4;4;EL ALAMO;;28004A;0;0
12;COMUNIDAD DE MADRID;28;MADRID;5;5;ALCALA DE HENARES;;28005A;0;0
12;COMUNIDAD DE MADRID;28;MADRID;6;6;ALCOBENDAS;;28006A;0;0
12;COMUNIDAD DE MADRID;28;MADRID;7;7;ALCORCON;;28007A;0;0
12;COMUNIDAD DE MADRID;28;MADRID;8;8;ALDEA DEL FRESNO;;28008A;0;0
12;COMUNIDAD DE MADRID;28;MADRID;9;9;ALGETE;;28009A;0;0
12;COMUNIDAD DE MADRID;28;MADRID;10;10;ALPEDRETE;;28010A;0;0
12;COMUNIDAD DE MADRID;28;MADRID;11;11;AMBITE;;28011A;0;0
12;COMUNIDAD DE MADRID;28;MADRID;12;12;ANCHUELO;;28012B;0;1
12;COMUNIDAD DE MADRID;28;MADRID;13;13;ARANJUEZ;;28013A;0;0
12;COMUNIDAD DE MADRID;28;MADRID;14;14;ARGANDA DEL REY;;28014A;0;0
12;COMUNIDAD DE MADRID;28;MADRID;15;15;ARROYOMOLINOS;;28015A;0;0
12;COMUNIDAD DE MADRID;28;MADRID;16;16;EL ATAZAR;;28016A;0;0
12;COMUNIDAD DE MADRID;28;MADRID;17;17;BATRES;;28017A;0;0
12;COMUNIDAD DE MADRID;28;MADRID;18;18;BECERRIL DE LA SIERRA;;28018A;0;0
12;COMUNIDAD DE MADRID;28;MADRID;19;19;BELMONTE DE TAJO;;28019A;0;0
12;COMUNIDAD DE MADRID;28;MADRID;20;21;BERZOSA DE LOZOYA;;28021A;0;0
12;COMUNIDAD DE MADRID;28;MADRID;21;20;EL BERRUECO;;28020A;0;0
12;COMUNIDAD DE MADRID;28;MADRID;22;22;BOADILLA DEL MONTE;;28022A;0;0
12;COMUNIDAD DE MADRID;28;MADRID;23;23;EL BOALO;;28023A;0;0
12;COMUNIDAD DE MADRID;28;MADRID;24;24;BRAOJOS;;28024A;0;0
12;COMUNIDAD DE MADRID;28;MADRID;25;25;BREA DE TAJO;;28025A;0;0
12;COMUNIDAD DE MADRID;28;MADRID;26;26;BRUNETE;;28026A;0;0
12;COMUNIDAD DE MADRID;28;MADRID;27;27;BUITRAGO DEL LOZOYA;;28027A;0;0
12;COMUNIDAD DE MADRID;28;MADRID;28;28;BUSTARVIEJO;;28028A;0;0
12;COMUNIDAD DE MADRID;28;MADRID;29;29;CABANILLAS DE LA SIERRA;;28029A;0;0
12;COMUNIDAD DE MADRID;28;MADRID;30;30;LA CABRERA;;28030A;0;0
12;COMUNIDAD DE MADRID;28;MADRID;31;31;CADALSO DE LOS VIDRIOS;;28031A;0;0
12;COMUNIDAD DE MADRID;28;MADRID;32;32;CAMARMA DE ESTERUELAS;;28032A;0;0
12;COMUNIDAD DE MADRID;28;MADRID;33;33;CAMPO REAL;;28033A;0;0
12;COMUNIDAD DE MADRID;28;MADRID;34;34;CANENCIA;;28034A;0;0
12;COMUNIDAD DE MADRID;28;MADRID;35;35;CARABAÑA;;28035A;0;0
12;COMUNIDAD DE MADRID;28;MADRID;36;36;CASARRUBUELOS;;28036A;0;0
12;COMUNIDAD DE MADRID;28;MADRID;37;37;CENICIENTOS;;28037A;0;0
12;COMUNIDAD DE MADRID;28;MADRID;38;38;CERCEDILLA;;28038A;0;0
12;COMUNIDAD DE MADRID;28;MADRID;39;39;CERVERA DE BUITRAGO;;28039A;0;0
12;COMUNIDAD DE MADRID;28;MADRID;40;40;CIEMPOZUELOS;;28040A;0;0
12;COMUNIDAD DE MADRID;28;MADRID;41;41;COBEÑA;;28041A;0;0
12;COMUNIDAD DE MADRID;28;MADRID;42;42;COLMENAR DEL ARROYO;;28042A;0;0
12;COMUNIDAD DE MADRID;28;MADRID;43;43;COLMENAR DE OREJA;;28043A;0;0
12;COMUNIDAD DE MADRID;28;MADRID;44;44;COLMENAREJO;;28044A;0;0
12;COMUNIDAD DE MADRID;28;MADRID;45;45;COLMENAR VIEJO;;28045A;0;0
12;COMUNIDAD DE MADRID;28;MADRID;46;46;COLLADO-MEDIANO;;28046A;0;0
12;COMUNIDAD DE MADRID;28;MADRID;47;47;COLLADO VILLALBA;;28047A;0;0
12;COMUNIDAD DE MADRID;28;MADRID;48;48;CORPA;;28048A;0;0
12;COMUNIDAD DE MADRID;28;MADRID;49;49;COSLADA;;28049A;0;0
12;COMUNIDAD DE MADRID;28;MADRID;50;50;CUBAS DE LA SAGRA;;28050A;0;0
12;COMUNIDAD DE MADRID;28;MADRID;51;51;CHAPINERIA;;28051A;0;0
12;COMUNIDAD DE MADRID;28;MADRID;52;52;CHINCHON;;28052A;0;0
12;COMUNIDAD DE MADRID;28;MADRID;53;53;DAGANZO DE ARRIBA;;28053A;0;0
12;COMUNIDAD DE MADRID;28;MADRID;54;54;EL ESCORIAL;;28054A;0;0
12;COMUNIDAD DE MADRID;28;MADRID;55;55;ESTREMERA;;28055A;0;0
12;COMUNIDAD DE MADRID;28;MADRID;56;56;FRESNEDILLAS;;28056A;0;0
12;COMUNIDAD DE MADRID;28;MADRID;57;57;FRESNO DE TOROTE;;28057A;0;0
12;COMUNIDAD DE MADRID;28;MADRID;58;58;FUENLABRADA;;28058A;0;0
12;COMUNIDAD DE MADRID;28;MADRID;59;59;FUENTE EL SAZ DE JARAMA;;28059A;0;0
12;COMUNIDAD DE MADRID;28;MADRID;60;60;FUENTIDUEÑA DE TAJO;;28060A;0;0
12;COMUNIDAD DE MADRID;28;MADRID;61;61;GALAPAGAR;;28061A;0;0
12;COMUNIDAD DE MADRID;28;MADRID;62;62;GARGANTA DE LOS MONTES;;28062A;0;0
12;COMUNIDAD DE MADRID;28;MADRID;63;63;GARGANTILLA DE LOZOYA;;28063A;0;0
12;COMUNIDAD DE MADRID;28;MADRID;64;64;GASCONES;;28064A;0;0
12;COMUNIDAD DE MADRID;28;MADRID;65;65;GETAFE;;28065A;0;0
12;COMUNIDAD DE MADRID;28;MADRID;66;66;GRIÑON;;28066A;0;0
12;COMUNIDAD DE MADRID;28;MADRID;67;67;GUADALIX DE LA SIERRA;;28067A;0;0
12;COMUNIDAD DE MADRID;28;MADRID;68;68;GUADARRAMA;;28068A;0;0
12;COMUNIDAD DE MADRID;28;MADRID;69;69;LA HIRUELA;;28069A;0;0
12;COMUNIDAD DE MADRID;28;MADRID;70;70;HORCAJO DE LA SIERRA-AOSLOS;;28070A;0;0
12;COMUNIDAD DE MADRID;28;MADRID;71;71;HORCAJUELO DE LA SIERRA;;28071A;0;0
12;COMUNIDAD DE MADRID;28;MADRID;72;72;HOYO DE MANZANARES;;28072A;0;0
12;COMUNIDAD DE MADRID;28;MADRID;73;73;HUMANES DE MADRID;;28073A;0;0
12;COMUNIDAD DE MADRID;28;MADRID;74;74;LEGANES;;28074A;0;0
12;COMUNIDAD DE MADRID;28;MADRID;75;75;LOECHES;;28075A;0;0
12;COMUNIDAD DE MADRID;28;MADRID;76;76;LOZOYA;;28076A;0;0
12;COMUNIDAD DE MADRID;28;MADRID;78;78;MADARCOS;;28078A;0;0
12;COMUNIDAD DE MADRID;28;MADRID;79;900;MADRID;FUENCARRAL;28900A;908;0
12;COMUNIDAD DE MADRID;28;MADRID;79;900;MADRID;MONCLOA;28900B;909;0
12;COMUNIDAD DE MADRID;28;MADRID;79;900;MADRID;LATINA;28900C;910;0
12;COMUNIDAD DE MADRID;28;MADRID;79;900;MADRID;HORTALEZA;28900G;916;0
12;COMUNIDAD DE MADRID;28;MADRID;79;900;MADRID;VILLAVERDE;28900H;917;0
12;COMUNIDAD DE MADRID;28;MADRID;79;900;MADRID;VILLA-VALLECAS;28900J;918;0
12;COMUNIDAD DE MADRID;28;MADRID;79;900;MADRID;VICALVARO;28900K;919;0
12;COMUNIDAD DE MADRID;28;MADRID;79;900;MADRID;CANILLEJAS;28900L;920;0
12;COMUNIDAD DE MADRID;28;MADRID;79;900;MADRID;BARAJAS;28900M;921;0
12;COMUNIDAD DE MADRID;28;MADRID;80;80;MAJADAHONDA;;28080A;0;0
12;COMUNIDAD DE MADRID;28;MADRID;82;82;MANZANARES EL REAL;;28082A;0;0
12;COMUNIDAD DE MADRID;28;MADRID;83;83;MECO;;28083A;0;0
12;COMUNIDAD DE MADRID;28;MADRID;84;84;MEJORADA DEL CAMPO;;28084A;0;0
12;COMUNIDAD DE MADRID;28;MADRID;85;85;MIRAFLORES DE LA SIERRA;;28085A;0;0
12;COMUNIDAD DE MADRID;28;MADRID;86;86;EL MOLAR;;28086A;0;0
12;COMUNIDAD DE MADRID;28;MADRID;87;87;LOS MOLINOS;;28087A;0;0
12;COMUNIDAD DE MADRID;28;MADRID;88;88;MONTEJO DE LA SIERRA;;28088A;0;0
12;COMUNIDAD DE MADRID;28;MADRID;89;89;MORALEJA DE ENMEDIO;;28089A;0;0
12;COMUNIDAD DE MADRID;28;MADRID;90;90;MORALZARZAL;;28090A;0;0
12;COMUNIDAD DE MADRID;28;MADRID;91;91;MORATA DE TAJUÑA;;28091A;0;0
12;COMUNIDAD DE MADRID;28;MADRID;92;92;MOSTOLES;;28092A;0;0
12;COMUNIDAD DE MADRID;28;MADRID;93;93;NAVACERRADA;;28093A;0;0
12;COMUNIDAD DE MADRID;28;MADRID;94;94;NAVALAFUENTE;;28094A;0;0
12;COMUNIDAD DE MADRID;28;MADRID;95;95;NAVALAGAMELLA;;28095A;0;0
12;COMUNIDAD DE MADRID;28;MADRID;96;96;NAVALCARNERO;;28096A;0;0
12;COMUNIDAD DE MADRID;28;MADRID;97;97;NAVARREDONDA Y SAN MAMES;;28097A;0;0
12;COMUNIDAD DE MADRID;28;MADRID;99;99;NAVAS DEL REY;;28099A;0;0
12;COMUNIDAD DE MADRID;28;MADRID;100;100;NUEVO BAZTAN;;28100A;0;0
12;COMUNIDAD DE MADRID;28;MADRID;101;101;OLMEDA DE LAS FUENTES;;28101A;0;0
12;COMUNIDAD DE MADRID;28;MADRID;102;102;ORUSCO;;28102A;0;0
12;COMUNIDAD DE MADRID;28;MADRID;104;104;PARACUELLOS DE JARAMA;;28104A;0;0
12;COMUNIDAD DE MADRID;28;MADRID;106;106;PARLA;;28106A;0;0
12;COMUNIDAD DE MADRID;28;MADRID;107;107;PATONES;;28107A;0;0
12;COMUNIDAD DE MADRID;28;MADRID;108;108;PEDREZUELA;;28108A;0;0
12;COMUNIDAD DE MADRID;28;MADRID;109;109;PELAYOS DE LA PRESA;;28109A;0;0
12;COMUNIDAD DE MADRID;28;MADRID;110;110;PERALES DE TAJUÑA;;28110A;0;0
12;COMUNIDAD DE MADRID;28;MADRID;111;111;PEZUELA DE LAS TORRES;;28111A;0;0
12;COMUNIDAD DE MADRID;28;MADRID;112;112;PINILLA DEL VALLE;;28112A;0;0
12;COMUNIDAD DE MADRID;28;MADRID;113;113;PINTO;;28113A;0;0
12;COMUNIDAD DE MADRID;28;MADRID;114;114;PIÑUECAR;;28114A;0;0
12;COMUNIDAD DE MADRID;28;MADRID;115;115;POZUELO DE ALARCON;;28115A;0;0
12;COMUNIDAD DE MADRID;28;MADRID;116;116;POZUELO DEL REY;;28116A;0;0
12;COMUNIDAD DE MADRID;28;MADRID;117;117;PRADENA DEL RINCON;;28117A;0;0
12;COMUNIDAD DE MADRID;28;MADRID;118;118;PUEBLA DE LA SIERRA;;28118A;0;0
12;COMUNIDAD DE MADRID;28;MADRID;119;119;QUIJORNA;;28119A;0;0
12;COMUNIDAD DE MADRID;28;MADRID;120;120;RASCAFRIA;;28120A;0;0
12;COMUNIDAD DE MADRID;28;MADRID;120;120;RASCAFRIA;OTERUELO DEL VALLE;28120B;103;0
12;COMUNIDAD DE MADRID;28;MADRID;121;121;REDUEÑA;;28121A;0;0
12;COMUNIDAD DE MADRID;28;MADRID;122;122;RIBATEJADA;;28122A;0;0
12;COMUNIDAD DE MADRID;28;MADRID;123;123;RIVAS-VACIAMADRID;;28123A;0;0
12;COMUNIDAD DE MADRID;28;MADRID;124;124;ROBLEDILLO DE LA JARA;;28124A;0;0
12;COMUNIDAD DE MADRID;28;MADRID;125;125;ROBLEDO DE CHAVELA;;28125A;0;0
12;COMUNIDAD DE MADRID;28;MADRID;126;126;ROBREGORDO;;28126A;0;0
12;COMUNIDAD DE MADRID;28;MADRID;127;127;LAS ROZAS DE MADRID;;28127A;0;0
12;COMUNIDAD DE MADRID;28;MADRID;128;128;ROZAS DE PUERTO REAL;;28128A;0;0
12;COMUNIDAD DE MADRID;28;MADRID;129;129;SAN AGUSTIN DEL GUADALIX;;28129A;0;0
12;COMUNIDAD DE MADRID;28;MADRID;130;130;SAN FERNANDO DE HENARES;;28130A;0;0
12;COMUNIDAD DE MADRID;28;MADRID;131;131;SAN LORENZO DE EL ESCORIAL;;28131A;0;0
12;COMUNIDAD DE MADRID;28;MADRID;132;132;SAN MARTIN DE LA VEGA;;28132A;0;0
12;COMUNIDAD DE MADRID;28;MADRID;133;133;SAN MARTIN DE VALDEIGLESIAS;;28133A;0;0
12;COMUNIDAD DE MADRID;28;MADRID;134;134;SAN SEBASTIAN DE LOS REYES;;28134A;0;0
12;COMUNIDAD DE MADRID;28;MADRID;135;135;SANTA MARIA DE LA ALAMEDA;;28135A;0;0
12;COMUNIDAD DE MADRID;28;MADRID;136;136;SANTORCAZ;;28136A;0;0
12;COMUNIDAD DE MADRID;28;MADRID;137;137;LOS SANTOS DE LA HUMOSA;;NULL;0;0
12;COMUNIDAD DE MADRID;28;MADRID;137;137;LOS SANTOS DE LA HUMOSA;;28137B;0;1
12;COMUNIDAD DE MADRID;28;MADRID;138;138;LA SERNA DEL MONTE;;28138A;0;0
12;COMUNIDAD DE MADRID;28;MADRID;140;140;SERRANILLOS DEL VALLE;;28140A;0;0
12;COMUNIDAD DE MADRID;28;MADRID;141;141;SEVILLA LA NUEVA;;28141A;0;0
12;COMUNIDAD DE MADRID;28;MADRID;143;143;SOMOSIERRA;;28143A;0;0
12;COMUNIDAD DE MADRID;28;MADRID;144;144;SOTO DEL REAL;;28144A;0;0
12;COMUNIDAD DE MADRID;28;MADRID;145;145;TALAMANCA DE JARAMA;;28145A;0;0
12;COMUNIDAD DE MADRID;28;MADRID;146;146;TIELMES;;28146A;0;0
12;COMUNIDAD DE MADRID;28;MADRID;147;147;TITULCIA;;28147A;0;0
12;COMUNIDAD DE MADRID;28;MADRID;148;148;TORREJON DE ARDOZ;;28148A;0;0
12;COMUNIDAD DE MADRID;28;MADRID;149;149;TORREJON DE LA CALZADA;;28149A;0;0
12;COMUNIDAD DE MADRID;28;MADRID;150;150;TORREJON DE VELASCO;;28150A;0;0
12;COMUNIDAD DE MADRID;28;MADRID;151;151;TORRELAGUNA;;28151A;0;0
12;COMUNIDAD DE MADRID;28;MADRID;152;152;TORRELODONES;;28152A;0;0
12;COMUNIDAD DE MADRID;28;MADRID;153;153;TORREMOCHA DE JARAMA;;28153A;0;0
12;COMUNIDAD DE MADRID;28;MADRID;154;154;TORRES DE LA ALAMEDA;;28154A;0;0
12;COMUNIDAD DE MADRID;28;MADRID;155;155;VALDARACETE;;28155A;0;0
12;COMUNIDAD DE MADRID;28;MADRID;156;156;VALDEAVERO;;28156A;0;0
12;COMUNIDAD DE MADRID;28;MADRID;157;157;VALDELAGUNA;;28157A;0;0
12;COMUNIDAD DE MADRID;28;MADRID;158;158;VALDEMANCO;;28158A;0;0
12;COMUNIDAD DE MADRID;28;MADRID;159;159;VALDEMAQUEDA;;28159A;0;0
12;COMUNIDAD DE MADRID;28;MADRID;160;160;VALDEMORILLO;;28160A;0;0
12;COMUNIDAD DE MADRID;28;MADRID;161;161;VALDEMORO;;28161A;0;0
12;COMUNIDAD DE MADRID;28;MADRID;162;162;VALDEOLMOS-ALALPARDO;;28162A;0;0
12;COMUNIDAD DE MADRID;28;MADRID;163;163;VALDEPIELAGOS;;28163A;0;0
12;COMUNIDAD DE MADRID;28;MADRID;164;164;VALDETORRES DE JARAMA;;28164A;0;0
12;COMUNIDAD DE MADRID;28;MADRID;165;165;VALDILECHA;;28165A;0;0
12;COMUNIDAD DE MADRID;28;MADRID;166;166;VALVERDE DE ALCALA;;28166A;0;0
12;COMUNIDAD DE MADRID;28;MADRID;167;167;VELILLA DE SAN ANTONIO;;28167A;0;0
12;COMUNIDAD DE MADRID;28;MADRID;168;168;EL VELLON;;28168A;0;0
12;COMUNIDAD DE MADRID;28;MADRID;169;169;VENTURADA;;28169A;0;0
12;COMUNIDAD DE MADRID;28;MADRID;170;170;VILLACONEJOS;;28170A;0;0
12;COMUNIDAD DE MADRID;28;MADRID;171;171;VILLA DEL PRADO;;28171A;0;0
12;COMUNIDAD DE MADRID;28;MADRID;172;172;VILLALBILLA;;28172A;0;0
12;COMUNIDAD DE MADRID;28;MADRID;173;173;VILLAMANRIQUE DE TAJO;;28173A;0;0
12;COMUNIDAD DE MADRID;28;MADRID;174;174;VILLAMANTA;;28174A;0;0
12;COMUNIDAD DE MADRID;28;MADRID;175;175;VILLAMANTILLA;;28175A;0;0
12;COMUNIDAD DE MADRID;28;MADRID;176;176;VILLANUEVA DE LA CAÑADA;;28176A;0;0
12;COMUNIDAD DE MADRID;28;MADRID;177;177;VILLANUEVA DEL PARDILLO;;28177A;0;0
12;COMUNIDAD DE MADRID;28;MADRID;178;178;VILLANUEVA DE PERALES;;28178A;0;0
12;COMUNIDAD DE MADRID;28;MADRID;179;179;VILLAR DEL OLMO;;28179A;0;0
12;COMUNIDAD DE MADRID;28;MADRID;180;180;VILLAREJO DE SALVANES;;28180A;0;0
12;COMUNIDAD DE MADRID;28;MADRID;181;181;VILLAVICIOSA DE ODON;;28181A;0;0
12;COMUNIDAD DE MADRID;28;MADRID;182;182;VILLAVIEJA DE LOZOYA;;28182A;0;0
12;COMUNIDAD DE MADRID;28;MADRID;183;183;ZARZALEJO;;28183A;0;0
12;COMUNIDAD DE MADRID;28;MADRID;901;77;LOZOYUELA-NAVAS-SIETEIGLESIAS;;28077A;0;0
12;COMUNIDAD DE MADRID;28;MADRID;902;185;PUENTES VIEJAS;PUENTES VIEJAS;28185A;81;0
12;COMUNIDAD DE MADRID;28;MADRID;902;185;PUENTES VIEJAS;PAREDES DE BUITRAGO;28185B;105;0
12;COMUNIDAD DE MADRID;28;MADRID;902;185;PUENTES VIEJAS;SERRADA DE LA FUENTE;28185C;139;0
12;COMUNIDAD DE MADRID;28;MADRID;903;184;TRES CANTOS;;28184A;0;0
13;REGION DE MURCIA;30;MURCIA;1;1;ABANILLA;;30001A;0;0
13;REGION DE MURCIA;30;MURCIA;2;2;ABARAN;;30002A;0;0
13;REGION DE MURCIA;30;MURCIA;3;3;AGUILAS;;30003A;0;0
13;REGION DE MURCIA;30;MURCIA;4;4;ALBUDEITE;;30004A;0;0
13;REGION DE MURCIA;30;MURCIA;5;5;ALCANTARILLA;;30005A;0;0
13;REGION DE MURCIA;30;MURCIA;6;6;ALEDO;;30006A;0;0
13;REGION DE MURCIA;30;MURCIA;7;7;ALGUAZAS;;30007A;0;0
13;REGION DE MURCIA;30;MURCIA;8;8;ALHAMA DE MURCIA;;30008A;0;0
13;REGION DE MURCIA;30;MURCIA;9;9;ARCHENA;;30009A;0;0
13;REGION DE MURCIA;30;MURCIA;10;10;BENIEL;;30010A;0;0
13;REGION DE MURCIA;30;MURCIA;11;11;BLANCA;;30011A;0;0
13;REGION DE MURCIA;30;MURCIA;12;12;BULLAS;;30012A;0;0
13;REGION DE MURCIA;30;MURCIA;13;13;CALASPARRA;;30013A;0;0
13;REGION DE MURCIA;30;MURCIA;14;14;CAMPOS DEL RIO;;30014A;0;0
13;REGION DE MURCIA;30;MURCIA;15;15;CARAVACA DE LA CRUZ;;30015A;0;0
13;REGION DE MURCIA;30;MURCIA;16;16;CARTAGENA;;51016A;0;0
13;REGION DE MURCIA;30;MURCIA;17;17;CEHEGIN;;30017A;0;0
13;REGION DE MURCIA;30;MURCIA;18;18;CEUTI;;30018A;0;0
13;REGION DE MURCIA;30;MURCIA;19;19;CIEZA;;30019A;0;0
13;REGION DE MURCIA;30;MURCIA;20;20;FORTUNA;;30020A;0;0
13;REGION DE MURCIA;30;MURCIA;21;21;FUENTE-ALAMO;;51021A;0;0
13;REGION DE MURCIA;30;MURCIA;22;22;JUMILLA;;30022A;0;0
13;REGION DE MURCIA;30;MURCIA;23;23;LIBRILLA;;30023A;0;0
13;REGION DE MURCIA;30;MURCIA;24;24;LORCA;;30024A;0;0
13;REGION DE MURCIA;30;MURCIA;25;25;LORQUI;;30025A;0;0
13;REGION DE MURCIA;30;MURCIA;26;26;MAZARRON;;30026A;0;0
13;REGION DE MURCIA;30;MURCIA;27;27;MOLINA DE SEGURA;;30027A;0;0
13;REGION DE MURCIA;30;MURCIA;28;28;MORATALLA;;30028A;0;0
13;REGION DE MURCIA;30;MURCIA;29;29;MULA;;30029A;0;0
13;REGION DE MURCIA;30;MURCIA;30;30;MURCIA;;30030A;0;0
13;REGION DE MURCIA;30;MURCIA;31;31;OJOS;;30031A;0;0
13;REGION DE MURCIA;30;MURCIA;32;32;PLIEGO;;30032A;0;0
13;REGION DE MURCIA;30;MURCIA;33;33;PUERTO-LUMBRERAS;;30033A;0;0
13;REGION DE MURCIA;30;MURCIA;34;34;RICOTE;;30034A;0;0
13;REGION DE MURCIA;30;MURCIA;35;35;SAN JAVIER;;30035A;0;0
13;REGION DE MURCIA;30;MURCIA;36;36;SAN PEDRO DEL PINATAR;;30036A;0;0
13;REGION DE MURCIA;30;MURCIA;37;37;TORRE-PACHECO;;30037A;0;0
13;REGION DE MURCIA;30;MURCIA;38;38;LAS TORRES DE COTILLAS;;30038A;0;0
13;REGION DE MURCIA;30;MURCIA;39;39;TOTANA;;30039A;0;0
13;REGION DE MURCIA;30;MURCIA;40;40;ULEA;;30040A;0;0
13;REGION DE MURCIA;30;MURCIA;41;41;LA UNION;;51041A;0;0
13;REGION DE MURCIA;30;MURCIA;42;42;VILLANUEVA DEL RIO SEGURA;;30042A;0;0
13;REGION DE MURCIA;30;MURCIA;43;43;YECLA;;30043A;0;0
13;REGION DE MURCIA;30;MURCIA;901;44;SANTOMERA;;30044A;0;0
13;REGION DE MURCIA;30;MURCIA;902;45;LOS ALCAZARES;;30045A;0;0
14;COMUNIDAD FORAL DE NAVARRA;31;NAVARRA;1;1;ABÁIGAR;;NULL;0;0
14;COMUNIDAD FORAL DE NAVARRA;31;NAVARRA;2;2;ABÁRZUZA;;NULL;0;0
14;COMUNIDAD FORAL DE NAVARRA;31;NAVARRA;3;3;ABAURREGAINA/ABAURREA ALTA;;NULL;0;0
14;COMUNIDAD FORAL DE NAVARRA;31;NAVARRA;4;4;ABAURREPEA/ABAURREA BAJA;;NULL;0;0
14;COMUNIDAD FORAL DE NAVARRA;31;NAVARRA;5;5;ABERIN;;NULL;0;0
14;COMUNIDAD FORAL DE NAVARRA;31;NAVARRA;6;6;ABLITAS;;NULL;0;0
14;COMUNIDAD FORAL DE NAVARRA;31;NAVARRA;7;7;ADIÓS;;NULL;0;0
14;COMUNIDAD FORAL DE NAVARRA;31;NAVARRA;8;8;AGUILAR DE CODÉS;;NULL;0;0
14;COMUNIDAD FORAL DE NAVARRA;31;NAVARRA;9;9;AIBAR O OIBAR;;NULL;0;0
14;COMUNIDAD FORAL DE NAVARRA;31;NAVARRA;10;10;ALTSASU/ALSASUA;;NULL;0;0
14;COMUNIDAD FORAL DE NAVARRA;31;NAVARRA;11;11;ALLÍN;;NULL;0;0
14;COMUNIDAD FORAL DE NAVARRA;31;NAVARRA;12;12;ALLO;;NULL;0;0
14;COMUNIDAD FORAL DE NAVARRA;31;NAVARRA;13;13;AMÉSCOA BAJA;;NULL;0;0
14;COMUNIDAD FORAL DE NAVARRA;31;NAVARRA;14;14;ANCÍN;;NULL;0;0
14;COMUNIDAD FORAL DE NAVARRA;31;NAVARRA;15;15;ANDOSILLA;;NULL;0;0
14;COMUNIDAD FORAL DE NAVARRA;31;NAVARRA;16;16;ANSOÁIN;;NULL;0;0
14;COMUNIDAD FORAL DE NAVARRA;31;NAVARRA;17;17;ANUE;;NULL;0;0
14;COMUNIDAD FORAL DE NAVARRA;31;NAVARRA;18;18;AÑORBE;;NULL;0;0
14;COMUNIDAD FORAL DE NAVARRA;31;NAVARRA;19;19;AOIZ O AGOITZ;;NULL;0;0
14;COMUNIDAD FORAL DE NAVARRA;31;NAVARRA;20;20;ARAITZ;;NULL;0;0
14;COMUNIDAD FORAL DE NAVARRA;31;NAVARRA;21;21;ARANARACHE;;NULL;0;0
14;COMUNIDAD FORAL DE NAVARRA;31;NAVARRA;22;22;ARANTZA;;NULL;0;0
14;COMUNIDAD FORAL DE NAVARRA;31;NAVARRA;23;23;ARANGUREN;;NULL;0;0
14;COMUNIDAD FORAL DE NAVARRA;31;NAVARRA;24;24;ARANO;;NULL;0;0
14;COMUNIDAD FORAL DE NAVARRA;31;NAVARRA;25;25;ARAKIL;;NULL;0;0
14;COMUNIDAD FORAL DE NAVARRA;31;NAVARRA;26;26;ARAS;;NULL;0;0
14;COMUNIDAD FORAL DE NAVARRA;31;NAVARRA;27;27;ARBIZU;;NULL;0;0
14;COMUNIDAD FORAL DE NAVARRA;31;NAVARRA;28;28;ARCE O ARTZI;;NULL;0;0
14;COMUNIDAD FORAL DE NAVARRA;31;NAVARRA;29;29;LOS ARCOS;;NULL;0;0
14;COMUNIDAD FORAL DE NAVARRA;31;NAVARRA;30;30;ARELLANO;;NULL;0;0
14;COMUNIDAD FORAL DE NAVARRA;31;NAVARRA;31;31;ARESO;;NULL;0;0
14;COMUNIDAD FORAL DE NAVARRA;31;NAVARRA;32;32;ARGUEDAS;;NULL;0;0
14;COMUNIDAD FORAL DE NAVARRA;31;NAVARRA;33;33;ARIA;;NULL;0;0
14;COMUNIDAD FORAL DE NAVARRA;31;NAVARRA;34;34;ARIBE;;NULL;0;0
14;COMUNIDAD FORAL DE NAVARRA;31;NAVARRA;35;35;ARMAÑANZAS;;NULL;0;0
14;COMUNIDAD FORAL DE NAVARRA;31;NAVARRA;36;36;ARRÓNIZ;;NULL;0;0
14;COMUNIDAD FORAL DE NAVARRA;31;NAVARRA;37;37;ARRUAZU;;NULL;0;0
14;COMUNIDAD FORAL DE NAVARRA;31;NAVARRA;38;38;ARTAJONA;;NULL;0;0
14;COMUNIDAD FORAL DE NAVARRA;31;NAVARRA;39;39;ARTAZU;;NULL;0;0
14;COMUNIDAD FORAL DE NAVARRA;31;NAVARRA;40;40;ATEZ;;NULL;0;0
14;COMUNIDAD FORAL DE NAVARRA;31;NAVARRA;41;41;AYEGUI;;NULL;0;0
14;COMUNIDAD FORAL DE NAVARRA;31;NAVARRA;42;42;AZAGRA;;NULL;0;0
14;COMUNIDAD FORAL DE NAVARRA;31;NAVARRA;43;43;AZUELO;;NULL;0;0
14;COMUNIDAD FORAL DE NAVARRA;31;NAVARRA;44;44;BAKAIKU;;NULL;0;0
14;COMUNIDAD FORAL DE NAVARRA;31;NAVARRA;45;45;BARÁSOAIN;;NULL;0;0
14;COMUNIDAD FORAL DE NAVARRA;31;NAVARRA;46;46;BARBARIN;;NULL;0;0
14;COMUNIDAD FORAL DE NAVARRA;31;NAVARRA;47;47;BARGOTA;;NULL;0;0
14;COMUNIDAD FORAL DE NAVARRA;31;NAVARRA;48;48;BARILLAS;;NULL;0;0
14;COMUNIDAD FORAL DE NAVARRA;31;NAVARRA;49;49;BASABURUA;;NULL;0;0
14;COMUNIDAD FORAL DE NAVARRA;31;NAVARRA;50;50;BAZTAN;;NULL;0;0
14;COMUNIDAD FORAL DE NAVARRA;31;NAVARRA;51;51;BEIRE;;NULL;0;0
14;COMUNIDAD FORAL DE NAVARRA;31;NAVARRA;52;52;BELASCOÁIN;;NULL;0;0
14;COMUNIDAD FORAL DE NAVARRA;31;NAVARRA;53;53;BERBINZANA;;NULL;0;0
14;COMUNIDAD FORAL DE NAVARRA;31;NAVARRA;54;54;BERTIZARANA;;NULL;0;0
14;COMUNIDAD FORAL DE NAVARRA;31;NAVARRA;55;55;BETELU;;NULL;0;0
14;COMUNIDAD FORAL DE NAVARRA;31;NAVARRA;56;56;BIURRUN-OLCOZ;;NULL;0;0
14;COMUNIDAD FORAL DE NAVARRA;31;NAVARRA;57;57;BUÑUEL;;NULL;0;0
14;COMUNIDAD FORAL DE NAVARRA;31;NAVARRA;58;58;AURITZ/BURGUETE;;NULL;0;0
14;COMUNIDAD FORAL DE NAVARRA;31;NAVARRA;59;59;BURGUI O BURGI;;NULL;0;0
14;COMUNIDAD FORAL DE NAVARRA;31;NAVARRA;60;60;BURLADA O BURLATA;;NULL;0;0
14;COMUNIDAD FORAL DE NAVARRA;31;NAVARRA;61;61;EL BUSTO;;NULL;0;0
14;COMUNIDAD FORAL DE NAVARRA;31;NAVARRA;62;62;CABANILLAS;;NULL;0;0
14;COMUNIDAD FORAL DE NAVARRA;31;NAVARRA;63;63;CABREDO;;NULL;0;0
14;COMUNIDAD FORAL DE NAVARRA;31;NAVARRA;64;64;CADREITA;;NULL;0;0
14;COMUNIDAD FORAL DE NAVARRA;31;NAVARRA;65;65;CAPARROSO;;NULL;0;0
14;COMUNIDAD FORAL DE NAVARRA;31;NAVARRA;66;66;CÁRCAR;;NULL;0;0
14;COMUNIDAD FORAL DE NAVARRA;31;NAVARRA;67;67;CARCASTILLO;;NULL;0;0
14;COMUNIDAD FORAL DE NAVARRA;31;NAVARRA;68;68;CASCANTE;;NULL;0;0
14;COMUNIDAD FORAL DE NAVARRA;31;NAVARRA;69;69;CÁSEDA;;NULL;0;0
14;COMUNIDAD FORAL DE NAVARRA;31;NAVARRA;70;70;CASTEJÓN;;NULL;0;0
14;COMUNIDAD FORAL DE NAVARRA;31;NAVARRA;71;71;CASTILLO-NUEVO;;NULL;0;0
14;COMUNIDAD FORAL DE NAVARRA;31;NAVARRA;72;72;CINTRUÉNIGO;;NULL;0;0
14;COMUNIDAD FORAL DE NAVARRA;31;NAVARRA;73;73;ZIORDIA;;NULL;0;0
14;COMUNIDAD FORAL DE NAVARRA;31;NAVARRA;74;74;CIRAUQUI;;NULL;0;0
14;COMUNIDAD FORAL DE NAVARRA;31;NAVARRA;75;75;CIRIZA;;NULL;0;0
14;COMUNIDAD FORAL DE NAVARRA;31;NAVARRA;76;76;CIZUR;;NULL;0;0
14;COMUNIDAD FORAL DE NAVARRA;31;NAVARRA;77;77;CORELLA;;NULL;0;0
14;COMUNIDAD FORAL DE NAVARRA;31;NAVARRA;78;78;CORTES;;NULL;0;0
14;COMUNIDAD FORAL DE NAVARRA;31;NAVARRA;79;79;DESOJO;;NULL;0;0
14;COMUNIDAD FORAL DE NAVARRA;31;NAVARRA;80;80;DICASTILLO;;NULL;0;0
14;COMUNIDAD FORAL DE NAVARRA;31;NAVARRA;81;81;DONAMARIA;;NULL;0;0
14;COMUNIDAD FORAL DE NAVARRA;31;NAVARRA;82;82;ETXALAR;;NULL;0;0
14;COMUNIDAD FORAL DE NAVARRA;31;NAVARRA;83;83;ECHARRI;;NULL;0;0
14;COMUNIDAD FORAL DE NAVARRA;31;NAVARRA;84;84;ETXARRI-ARANATZ;;NULL;0;0
14;COMUNIDAD FORAL DE NAVARRA;31;NAVARRA;85;85;ETXAURI;;NULL;0;0
14;COMUNIDAD FORAL DE NAVARRA;31;NAVARRA;86;86;EGÜÉS;;NULL;0;0
14;COMUNIDAD FORAL DE NAVARRA;31;NAVARRA;87;87;ELGORRIAGA;;NULL;0;0
14;COMUNIDAD FORAL DE NAVARRA;31;NAVARRA;88;88;NOÁIN (VALLE DE ELORZ) O NOAIN (ELORTZIBAR);;NULL;0;0
14;COMUNIDAD FORAL DE NAVARRA;31;NAVARRA;89;89;ENÉRIZ;;NULL;0;0
14;COMUNIDAD FORAL DE NAVARRA;31;NAVARRA;90;90;ERATSUN;;NULL;0;0
14;COMUNIDAD FORAL DE NAVARRA;31;NAVARRA;91;91;ERGOIENA;;NULL;0;0
14;COMUNIDAD FORAL DE NAVARRA;31;NAVARRA;92;92;ERRO;;NULL;0;0
14;COMUNIDAD FORAL DE NAVARRA;31;NAVARRA;93;93;EZCÁROZ O EZKAROZE;;NULL;0;0
14;COMUNIDAD FORAL DE NAVARRA;31;NAVARRA;94;94;ESLAVA;;NULL;0;0
14;COMUNIDAD FORAL DE NAVARRA;31;NAVARRA;95;95;ESPARZA;;NULL;0;0
14;COMUNIDAD FORAL DE NAVARRA;31;NAVARRA;96;96;ESPRONCEDA;;NULL;0;0
14;COMUNIDAD FORAL DE NAVARRA;31;NAVARRA;97;97;ESTELLA O LIZARRA;;NULL;0;0
14;COMUNIDAD FORAL DE NAVARRA;31;NAVARRA;98;98;ESTERIBAR;;NULL;0;0
14;COMUNIDAD FORAL DE NAVARRA;31;NAVARRA;99;99;ETAYO;;NULL;0;0
14;COMUNIDAD FORAL DE NAVARRA;31;NAVARRA;100;100;EULATE;;NULL;0;0
14;COMUNIDAD FORAL DE NAVARRA;31;NAVARRA;101;101;EZCABARTE;;NULL;0;0
14;COMUNIDAD FORAL DE NAVARRA;31;NAVARRA;102;102;EZKURRA;;NULL;0;0
14;COMUNIDAD FORAL DE NAVARRA;31;NAVARRA;103;103;EZPROGUI;;NULL;0;0
14;COMUNIDAD FORAL DE NAVARRA;31;NAVARRA;104;104;FALCES;;NULL;0;0
14;COMUNIDAD FORAL DE NAVARRA;31;NAVARRA;105;105;FITERO;;NULL;0;0
14;COMUNIDAD FORAL DE NAVARRA;31;NAVARRA;106;106;FONTELLAS;;NULL;0;0
14;COMUNIDAD FORAL DE NAVARRA;31;NAVARRA;107;107;FUNES;;NULL;0;0
14;COMUNIDAD FORAL DE NAVARRA;31;NAVARRA;108;108;FUSTIÑANA;;NULL;0;0
14;COMUNIDAD FORAL DE NAVARRA;31;NAVARRA;109;109;GALAR;;NULL;0;0
14;COMUNIDAD FORAL DE NAVARRA;31;NAVARRA;110;110;GALLIPIENZO;;NULL;0;0
14;COMUNIDAD FORAL DE NAVARRA;31;NAVARRA;111;111;GALLUÉS O GALOZE;;NULL;0;0
14;COMUNIDAD FORAL DE NAVARRA;31;NAVARRA;112;112;GARAIOA;;NULL;0;0
14;COMUNIDAD FORAL DE NAVARRA;31;NAVARRA;113;113;GARDE;;NULL;0;0
14;COMUNIDAD FORAL DE NAVARRA;31;NAVARRA;114;114;GARÍNOAIN;;NULL;0;0
14;COMUNIDAD FORAL DE NAVARRA;31;NAVARRA;115;115;GARRALDA;;NULL;0;0
14;COMUNIDAD FORAL DE NAVARRA;31;NAVARRA;116;116;GENEVILLA;;NULL;0;0
14;COMUNIDAD FORAL DE NAVARRA;31;NAVARRA;117;117;GOIZUETA;;NULL;0;0
14;COMUNIDAD FORAL DE NAVARRA;31;NAVARRA;118;118;GOÑI;;NULL;0;0
14;COMUNIDAD FORAL DE NAVARRA;31;NAVARRA;119;119;GÜESA O GORZA;;NULL;0;0
14;COMUNIDAD FORAL DE NAVARRA;31;NAVARRA;120;120;GUESÁLAZ;;NULL;0;0
14;COMUNIDAD FORAL DE NAVARRA;31;NAVARRA;121;121;GUIRGUILLANO;;NULL;0;0
14;COMUNIDAD FORAL DE NAVARRA;31;NAVARRA;122;122;HUARTE O UHARTE;;NULL;0;0
14;COMUNIDAD FORAL DE NAVARRA;31;NAVARRA;123;123;UHARTE-ARAKIL;;NULL;0;0
14;COMUNIDAD FORAL DE NAVARRA;31;NAVARRA;124;124;IBARGOITI;;NULL;0;0
14;COMUNIDAD FORAL DE NAVARRA;31;NAVARRA;125;125;IGÚZQUIZA;;NULL;0;0
14;COMUNIDAD FORAL DE NAVARRA;31;NAVARRA;126;126;IMOTZ;;NULL;0;0
14;COMUNIDAD FORAL DE NAVARRA;31;NAVARRA;127;127;IRAÑETA;;NULL;0;0
14;COMUNIDAD FORAL DE NAVARRA;31;NAVARRA;128;128;ISABA O IZABA;;NULL;0;0
14;COMUNIDAD FORAL DE NAVARRA;31;NAVARRA;129;129;ITUREN;;NULL;0;0
14;COMUNIDAD FORAL DE NAVARRA;31;NAVARRA;130;130;ITURMENDI;;NULL;0;0
14;COMUNIDAD FORAL DE NAVARRA;31;NAVARRA;131;131;IZA;;NULL;0;0
14;COMUNIDAD FORAL DE NAVARRA;31;NAVARRA;132;132;IZAGAONDOA;;NULL;0;0
14;COMUNIDAD FORAL DE NAVARRA;31;NAVARRA;133;133;IZALZU O ITZALTZU;;NULL;0;0
14;COMUNIDAD FORAL DE NAVARRA;31;NAVARRA;134;134;JAURRIETA;;NULL;0;0
14;COMUNIDAD FORAL DE NAVARRA;31;NAVARRA;135;135;JAVIER;;NULL;0;0
14;COMUNIDAD FORAL DE NAVARRA;31;NAVARRA;136;136;JUSLAPEÑA;;NULL;0;0
14;COMUNIDAD FORAL DE NAVARRA;31;NAVARRA;137;137;LABAIEN;;NULL;0;0
14;COMUNIDAD FORAL DE NAVARRA;31;NAVARRA;138;138;LAKUNTZA;;NULL;0;0
14;COMUNIDAD FORAL DE NAVARRA;31;NAVARRA;139;139;LANA;;NULL;0;0
14;COMUNIDAD FORAL DE NAVARRA;31;NAVARRA;140;140;LANTZ;;NULL;0;0
14;COMUNIDAD FORAL DE NAVARRA;31;NAVARRA;141;141;LAPOBLACIÓN;;NULL;0;0
14;COMUNIDAD FORAL DE NAVARRA;31;NAVARRA;142;142;LARRAGA;;NULL;0;0
14;COMUNIDAD FORAL DE NAVARRA;31;NAVARRA;143;143;LARRAONA;;NULL;0;0
14;COMUNIDAD FORAL DE NAVARRA;31;NAVARRA;144;144;LARRAUN;;NULL;0;0
14;COMUNIDAD FORAL DE NAVARRA;31;NAVARRA;145;145;LAZAGURRÍA;;NULL;0;0
14;COMUNIDAD FORAL DE NAVARRA;31;NAVARRA;146;146;LEACHE;;NULL;0;0
14;COMUNIDAD FORAL DE NAVARRA;31;NAVARRA;147;147;LEGARDA;;NULL;0;0
14;COMUNIDAD FORAL DE NAVARRA;31;NAVARRA;148;148;LEGARIA;;NULL;0;0
14;COMUNIDAD FORAL DE NAVARRA;31;NAVARRA;149;149;LEITZA;;NULL;0;0
14;COMUNIDAD FORAL DE NAVARRA;31;NAVARRA;150;150;LEOZ;;NULL;0;0
14;COMUNIDAD FORAL DE NAVARRA;31;NAVARRA;151;151;LERGA;;NULL;0;0
14;COMUNIDAD FORAL DE NAVARRA;31;NAVARRA;152;152;LERÍN;;NULL;0;0
14;COMUNIDAD FORAL DE NAVARRA;31;NAVARRA;153;153;LESAKA;;NULL;0;0
14;COMUNIDAD FORAL DE NAVARRA;31;NAVARRA;154;154;LEZÁUN;;NULL;0;0
14;COMUNIDAD FORAL DE NAVARRA;31;NAVARRA;155;155;LIÉDENA;;NULL;0;0
14;COMUNIDAD FORAL DE NAVARRA;31;NAVARRA;156;156;LIZOÁIN;;NULL;0;0
14;COMUNIDAD FORAL DE NAVARRA;31;NAVARRA;157;157;LODOSA;;NULL;0;0
14;COMUNIDAD FORAL DE NAVARRA;31;NAVARRA;158;158;LÓNGUIDA O LONGIDA;;NULL;0;0
14;COMUNIDAD FORAL DE NAVARRA;31;NAVARRA;159;159;LUMBIER;;NULL;0;0
14;COMUNIDAD FORAL DE NAVARRA;31;NAVARRA;160;160;LUQUIN;;NULL;0;0
14;COMUNIDAD FORAL DE NAVARRA;31;NAVARRA;161;161;MAÑERU;;NULL;0;0
14;COMUNIDAD FORAL DE NAVARRA;31;NAVARRA;162;162;MARAÑÓN;;NULL;0;0
14;COMUNIDAD FORAL DE NAVARRA;31;NAVARRA;163;163;MARCILLA;;NULL;0;0
14;COMUNIDAD FORAL DE NAVARRA;31;NAVARRA;164;164;MÉLIDA;;NULL;0;0
14;COMUNIDAD FORAL DE NAVARRA;31;NAVARRA;165;165;MENDAVIA;;NULL;0;0
14;COMUNIDAD FORAL DE NAVARRA;31;NAVARRA;166;166;MENDAZA;;NULL;0;0
14;COMUNIDAD FORAL DE NAVARRA;31;NAVARRA;167;167;MENDIGORRÍA;;NULL;0;0
14;COMUNIDAD FORAL DE NAVARRA;31;NAVARRA;168;168;METAUTEN;;NULL;0;0
14;COMUNIDAD FORAL DE NAVARRA;31;NAVARRA;169;169;MILAGRO;;NULL;0;0
14;COMUNIDAD FORAL DE NAVARRA;31;NAVARRA;170;170;MIRAFUENTES;;NULL;0;0
14;COMUNIDAD FORAL DE NAVARRA;31;NAVARRA;171;171;MIRANDA DE ARGA;;NULL;0;0
14;COMUNIDAD FORAL DE NAVARRA;31;NAVARRA;172;172;MONREAL;;NULL;0;0
14;COMUNIDAD FORAL DE NAVARRA;31;NAVARRA;173;173;MONTEAGUDO;;NULL;0;0
14;COMUNIDAD FORAL DE NAVARRA;31;NAVARRA;174;174;MORENTIN;;NULL;0;0
14;COMUNIDAD FORAL DE NAVARRA;31;NAVARRA;175;175;MUÉS;;NULL;0;0
14;COMUNIDAD FORAL DE NAVARRA;31;NAVARRA;176;176;MURCHANTE;;NULL;0;0
14;COMUNIDAD FORAL DE NAVARRA;31;NAVARRA;177;177;MURIETA;;NULL;0;0
14;COMUNIDAD FORAL DE NAVARRA;31;NAVARRA;178;178;MURILLO EL CUENDE;;NULL;0;0
14;COMUNIDAD FORAL DE NAVARRA;31;NAVARRA;179;179;MURILLO EL FRUTO;;NULL;0;0
14;COMUNIDAD FORAL DE NAVARRA;31;NAVARRA;180;180;MURUZÁBAL;;NULL;0;0
14;COMUNIDAD FORAL DE NAVARRA;31;NAVARRA;181;181;NAVASCUÉS;;NULL;0;0
14;COMUNIDAD FORAL DE NAVARRA;31;NAVARRA;182;182;NAZAR;;NULL;0;0
14;COMUNIDAD FORAL DE NAVARRA;31;NAVARRA;183;183;OBANOS;;NULL;0;0
14;COMUNIDAD FORAL DE NAVARRA;31;NAVARRA;184;184;OCO;;NULL;0;0
14;COMUNIDAD FORAL DE NAVARRA;31;NAVARRA;185;185;OCHAGAVÍA;;NULL;0;0
14;COMUNIDAD FORAL DE NAVARRA;31;NAVARRA;186;186;ODIETA;;NULL;0;0
14;COMUNIDAD FORAL DE NAVARRA;31;NAVARRA;187;187;OITZ;;NULL;0;0
14;COMUNIDAD FORAL DE NAVARRA;31;NAVARRA;188;188;OLÁIBAR;;NULL;0;0
14;COMUNIDAD FORAL DE NAVARRA;31;NAVARRA;189;189;OLAZTI/OLAZAGUTÍA;;NULL;0;0
14;COMUNIDAD FORAL DE NAVARRA;31;NAVARRA;190;190;OLEJUA;;NULL;0;0
14;COMUNIDAD FORAL DE NAVARRA;31;NAVARRA;191;191;OLITE;;NULL;0;0
14;COMUNIDAD FORAL DE NAVARRA;31;NAVARRA;192;192;OLÓRIZ;;NULL;0;0
14;COMUNIDAD FORAL DE NAVARRA;31;NAVARRA;193;193;OLZA;;NULL;0;0
14;COMUNIDAD FORAL DE NAVARRA;31;NAVARRA;194;194;OLLO;;NULL;0;0
14;COMUNIDAD FORAL DE NAVARRA;31;NAVARRA;195;195;ORBAITZETA;;NULL;0;0
14;COMUNIDAD FORAL DE NAVARRA;31;NAVARRA;196;196;ORBARA;;NULL;0;0
14;COMUNIDAD FORAL DE NAVARRA;31;NAVARRA;197;197;ORÍSOAIN;;NULL;0;0
14;COMUNIDAD FORAL DE NAVARRA;31;NAVARRA;198;198;ORONZ;;NULL;0;0
14;COMUNIDAD FORAL DE NAVARRA;31;NAVARRA;199;199;OROZ-BETELU;;NULL;0;0
14;COMUNIDAD FORAL DE NAVARRA;31;NAVARRA;200;200;OTEIZA;;NULL;0;0
14;COMUNIDAD FORAL DE NAVARRA;31;NAVARRA;201;201;PAMPLONA O IRUÑA;;NULL;0;0
14;COMUNIDAD FORAL DE NAVARRA;31;NAVARRA;202;202;PERALTA;;NULL;0;0
14;COMUNIDAD FORAL DE NAVARRA;31;NAVARRA;203;203;PETILLA DE ARAGÓN;;NULL;0;0
14;COMUNIDAD FORAL DE NAVARRA;31;NAVARRA;204;204;PIEDRAMILLERA;;NULL;0;0
14;COMUNIDAD FORAL DE NAVARRA;31;NAVARRA;205;205;PITILLAS;;NULL;0;0
14;COMUNIDAD FORAL DE NAVARRA;31;NAVARRA;206;206;PUENTE LA REINA O GARES;;NULL;0;0
14;COMUNIDAD FORAL DE NAVARRA;31;NAVARRA;207;207;PUEYO;;NULL;0;0
14;COMUNIDAD FORAL DE NAVARRA;31;NAVARRA;208;208;RIBAFORADA;;NULL;0;0
14;COMUNIDAD FORAL DE NAVARRA;31;NAVARRA;209;209;ROMANZADO;;NULL;0;0
14;COMUNIDAD FORAL DE NAVARRA;31;NAVARRA;210;210;RONCAL O ERRONKARI;;NULL;0;0
14;COMUNIDAD FORAL DE NAVARRA;31;NAVARRA;211;211;ORREAGA/RONCESVALLES;;NULL;0;0
14;COMUNIDAD FORAL DE NAVARRA;31;NAVARRA;212;212;SADA;;NULL;0;0
14;COMUNIDAD FORAL DE NAVARRA;31;NAVARRA;213;213;SALDÍAS;;NULL;0;0
14;COMUNIDAD FORAL DE NAVARRA;31;NAVARRA;214;214;SALINAS DE ORO;;NULL;0;0
14;COMUNIDAD FORAL DE NAVARRA;31;NAVARRA;215;215;SAN ADRIÁN;;NULL;0;0
14;COMUNIDAD FORAL DE NAVARRA;31;NAVARRA;216;216;SANGÜESA O ZANGOZA;;NULL;0;0
14;COMUNIDAD FORAL DE NAVARRA;31;NAVARRA;217;217;SAN MARTÍN DE UNX;;NULL;0;0
14;COMUNIDAD FORAL DE NAVARRA;31;NAVARRA;219;219;SANSOL;;NULL;0;0
14;COMUNIDAD FORAL DE NAVARRA;31;NAVARRA;220;220;SANTACARA;;NULL;0;0
14;COMUNIDAD FORAL DE NAVARRA;31;NAVARRA;221;221;DONEZTEBE/SANTESTEBAN;;NULL;0;0
14;COMUNIDAD FORAL DE NAVARRA;31;NAVARRA;222;222;SARRIÉS O SARTZE;;NULL;0;0
14;COMUNIDAD FORAL DE NAVARRA;31;NAVARRA;223;223;SARTAGUDA;;NULL;0;0
14;COMUNIDAD FORAL DE NAVARRA;31;NAVARRA;224;224;SESMA;;NULL;0;0
14;COMUNIDAD FORAL DE NAVARRA;31;NAVARRA;225;225;SORLADA;;NULL;0;0
14;COMUNIDAD FORAL DE NAVARRA;31;NAVARRA;226;226;SUNBILLA;;NULL;0;0
14;COMUNIDAD FORAL DE NAVARRA;31;NAVARRA;227;227;TAFALLA;;NULL;0;0
14;COMUNIDAD FORAL DE NAVARRA;31;NAVARRA;228;228;TIEBAS-MURUARTE DE RETA;;NULL;0;0
14;COMUNIDAD FORAL DE NAVARRA;31;NAVARRA;229;229;TIRAPU;;NULL;0;0
14;COMUNIDAD FORAL DE NAVARRA;31;NAVARRA;230;230;TORRALBA DEL RÍO;;NULL;0;0
14;COMUNIDAD FORAL DE NAVARRA;31;NAVARRA;231;231;TORRES DEL RÍO;;NULL;0;0
14;COMUNIDAD FORAL DE NAVARRA;31;NAVARRA;232;232;TUDELA;;NULL;0;0
14;COMUNIDAD FORAL DE NAVARRA;31;NAVARRA;233;233;TULEBRAS;;NULL;0;0
14;COMUNIDAD FORAL DE NAVARRA;31;NAVARRA;234;234;ÚCAR;;NULL;0;0
14;COMUNIDAD FORAL DE NAVARRA;31;NAVARRA;235;235;UJUÉ;;NULL;0;0
14;COMUNIDAD FORAL DE NAVARRA;31;NAVARRA;236;236;ULTZAMA;;NULL;0;0
14;COMUNIDAD FORAL DE NAVARRA;31;NAVARRA;237;237;UNCITI;;NULL;0;0
14;COMUNIDAD FORAL DE NAVARRA;31;NAVARRA;238;238;UNZUÉ;;NULL;0;0
14;COMUNIDAD FORAL DE NAVARRA;31;NAVARRA;239;239;URDAZUBI/URDAX;;NULL;0;0
14;COMUNIDAD FORAL DE NAVARRA;31;NAVARRA;240;240;URDIAIN;;NULL;0;0
14;COMUNIDAD FORAL DE NAVARRA;31;NAVARRA;241;241;URRAÚL ALTO;;NULL;0;0
14;COMUNIDAD FORAL DE NAVARRA;31;NAVARRA;242;242;URRAÚL BAJO;;NULL;0;0
14;COMUNIDAD FORAL DE NAVARRA;31;NAVARRA;243;243;URROZ-VILLA;;NULL;0;0
14;COMUNIDAD FORAL DE NAVARRA;31;NAVARRA;244;244;URROTZ;;NULL;0;0
14;COMUNIDAD FORAL DE NAVARRA;31;NAVARRA;245;245;URZAINQUI;;NULL;0;0
14;COMUNIDAD FORAL DE NAVARRA;31;NAVARRA;246;246;UTERGA;;NULL;0;0
14;COMUNIDAD FORAL DE NAVARRA;31;NAVARRA;247;247;UZTÁRROZ O UZTARROZE;;NULL;0;0
14;COMUNIDAD FORAL DE NAVARRA;31;NAVARRA;248;248;LUZAIDE/VALCARLOS;;NULL;0;0
14;COMUNIDAD FORAL DE NAVARRA;31;NAVARRA;249;249;VALTIERRA;;NULL;0;0
14;COMUNIDAD FORAL DE NAVARRA;31;NAVARRA;250;250;BERA/VERA DE BIDASOA;;NULL;0;0
14;COMUNIDAD FORAL DE NAVARRA;31;NAVARRA;251;251;VIANA;;NULL;0;0
14;COMUNIDAD FORAL DE NAVARRA;31;NAVARRA;252;252;VIDÁNGOZ O BIDANKOZE;;NULL;0;0
14;COMUNIDAD FORAL DE NAVARRA;31;NAVARRA;253;253;BIDAURRETA;;NULL;0;0
14;COMUNIDAD FORAL DE NAVARRA;31;NAVARRA;254;254;VILLAFRANCA;;NULL;0;0
14;COMUNIDAD FORAL DE NAVARRA;31;NAVARRA;255;255;VILLAMAYOR DE MONJARDÍN;;NULL;0;0
14;COMUNIDAD FORAL DE NAVARRA;31;NAVARRA;256;256;HIRIBERRI/VILLANUEVA DE AEZKOA;;NULL;0;0
14;COMUNIDAD FORAL DE NAVARRA;31;NAVARRA;257;257;VILLATUERTA;;NULL;0;0
14;COMUNIDAD FORAL DE NAVARRA;31;NAVARRA;258;258;VILLAVA O ATARRABIA;;NULL;0;0
14;COMUNIDAD FORAL DE NAVARRA;31;NAVARRA;259;259;IGANTZI;;NULL;0;0
14;COMUNIDAD FORAL DE NAVARRA;31;NAVARRA;260;260;YERRI;;NULL;0;0
14;COMUNIDAD FORAL DE NAVARRA;31;NAVARRA;261;261;YESA;;NULL;0;0
14;COMUNIDAD FORAL DE NAVARRA;31;NAVARRA;262;262;ZABALZA;;NULL;0;0
14;COMUNIDAD FORAL DE NAVARRA;31;NAVARRA;263;263;ZUBIETA;;NULL;0;0
14;COMUNIDAD FORAL DE NAVARRA;31;NAVARRA;264;264;ZUGARRAMURDI;;NULL;0;0
14;COMUNIDAD FORAL DE NAVARRA;31;NAVARRA;265;265;ZÚÑIGA;;NULL;0;0
14;COMUNIDAD FORAL DE NAVARRA;31;NAVARRA;502;502;FACERÍA 2;;NULL;0;0
14;COMUNIDAD FORAL DE NAVARRA;31;NAVARRA;508;508;FACERÍA 8;;NULL;0;0
14;COMUNIDAD FORAL DE NAVARRA;31;NAVARRA;509;509;FACERÍA 9;;NULL;0;0
14;COMUNIDAD FORAL DE NAVARRA;31;NAVARRA;510;510;FACERÍA 10;;NULL;0;0
14;COMUNIDAD FORAL DE NAVARRA;31;NAVARRA;511;511;FACERÍA 11;;NULL;0;0
14;COMUNIDAD FORAL DE NAVARRA;31;NAVARRA;514;514;FACERÍA 14;;NULL;0;0
14;COMUNIDAD FORAL DE NAVARRA;31;NAVARRA;515;515;FACERÍA 15;;NULL;0;0
14;COMUNIDAD FORAL DE NAVARRA;31;NAVARRA;516;516;FACERÍA 16;;NULL;0;0
14;COMUNIDAD FORAL DE NAVARRA;31;NAVARRA;517;517;FACERÍA 17;;NULL;0;0
14;COMUNIDAD FORAL DE NAVARRA;31;NAVARRA;518;518;"FACERÍA 18 ""REMENDÍA""";;NULL;0;0
14;COMUNIDAD FORAL DE NAVARRA;31;NAVARRA;521;521;FACERÍA 21;;NULL;0;0
14;COMUNIDAD FORAL DE NAVARRA;31;NAVARRA;522;522;FACERÍA 22;;NULL;0;0
14;COMUNIDAD FORAL DE NAVARRA;31;NAVARRA;523;523;MONTE COMÚN DE LAS AMÉSCOAS;;NULL;0;0
14;COMUNIDAD FORAL DE NAVARRA;31;NAVARRA;524;524;"FACERÍA 24 ""LARRAIZA";;NULL;0;0
14;COMUNIDAD FORAL DE NAVARRA;31;NAVARRA;526;526;FACERÍA 26;;NULL;0;0
14;COMUNIDAD FORAL DE NAVARRA;31;NAVARRA;527;527;FACERÍA 27;;NULL;0;0
14;COMUNIDAD FORAL DE NAVARRA;31;NAVARRA;528;528;FACERÍA 28;;NULL;0;0
14;COMUNIDAD FORAL DE NAVARRA;31;NAVARRA;529;529;"FACERÍA 29 ""ARAMBELTZ""";;NULL;0;0
14;COMUNIDAD FORAL DE NAVARRA;31;NAVARRA;530;530;"FACERÍA 30 ""SAMINDIETA""";;NULL;0;0
14;COMUNIDAD FORAL DE NAVARRA;31;NAVARRA;531;531;FACERÍA 31;;NULL;0;0
14;COMUNIDAD FORAL DE NAVARRA;31;NAVARRA;532;532;FACERÍA 32;;NULL;0;0
14;COMUNIDAD FORAL DE NAVARRA;31;NAVARRA;535;535;FACERÍA 35;;NULL;0;0
14;COMUNIDAD FORAL DE NAVARRA;31;NAVARRA;536;536;FACERÍA 36;;NULL;0;0
14;COMUNIDAD FORAL DE NAVARRA;31;NAVARRA;537;537;FACERÍA 37;;NULL;0;0
14;COMUNIDAD FORAL DE NAVARRA;31;NAVARRA;538;538;FACERÍA 38;;NULL;0;0
14;COMUNIDAD FORAL DE NAVARRA;31;NAVARRA;539;539;FACERÍA 39;;NULL;0;0
14;COMUNIDAD FORAL DE NAVARRA;31;NAVARRA;540;540;FACERÍA 40;;NULL;0;0
14;COMUNIDAD FORAL DE NAVARRA;31;NAVARRA;541;541;FACERÍA 41;;NULL;0;0
14;COMUNIDAD FORAL DE NAVARRA;31;NAVARRA;542;542;FACERÍA 42;;NULL;0;0
14;COMUNIDAD FORAL DE NAVARRA;31;NAVARRA;543;543;FACERÍA 43;;NULL;0;0
14;COMUNIDAD FORAL DE NAVARRA;31;NAVARRA;544;544;FACERÍA 44;;NULL;0;0
14;COMUNIDAD FORAL DE NAVARRA;31;NAVARRA;545;545;FACERÍA 45;;NULL;0;0
14;COMUNIDAD FORAL DE NAVARRA;31;NAVARRA;546;546;FACERÍA 46;;NULL;0;0
14;COMUNIDAD FORAL DE NAVARRA;31;NAVARRA;549;549;FACERÍA 49;;NULL;0;0
14;COMUNIDAD FORAL DE NAVARRA;31;NAVARRA;550;550;FACERÍA 50;;NULL;0;0
14;COMUNIDAD FORAL DE NAVARRA;31;NAVARRA;552;552;FACERÍA 52;;NULL;0;0
14;COMUNIDAD FORAL DE NAVARRA;31;NAVARRA;553;553;FACERÍA 53;;NULL;0;0
14;COMUNIDAD FORAL DE NAVARRA;31;NAVARRA;555;555;FACERÍA 55;;NULL;0;0
14;COMUNIDAD FORAL DE NAVARRA;31;NAVARRA;556;556;FACERÍA 56;;NULL;0;0
14;COMUNIDAD FORAL DE NAVARRA;31;NAVARRA;562;562;FACERÍA 62;;NULL;0;0
14;COMUNIDAD FORAL DE NAVARRA;31;NAVARRA;563;563;FACERÍA 63;;NULL;0;0
14;COMUNIDAD FORAL DE NAVARRA;31;NAVARRA;565;565;FACERÍA 65;;NULL;0;0
14;COMUNIDAD FORAL DE NAVARRA;31;NAVARRA;567;567;FACERÍA 67;;NULL;0;0
14;COMUNIDAD FORAL DE NAVARRA;31;NAVARRA;570;570;FACERÍA 70;;NULL;0;0
14;COMUNIDAD FORAL DE NAVARRA;31;NAVARRA;571;571;FACERÍA 71;;NULL;0;0
14;COMUNIDAD FORAL DE NAVARRA;31;NAVARRA;574;574;FACERÍA 74;;NULL;0;0
14;COMUNIDAD FORAL DE NAVARRA;31;NAVARRA;575;575;FACERÍA 75;;NULL;0;0
14;COMUNIDAD FORAL DE NAVARRA;31;NAVARRA;576;576;FACERÍA 76;;NULL;0;0
14;COMUNIDAD FORAL DE NAVARRA;31;NAVARRA;579;579;FACERÍA 79;;NULL;0;0
14;COMUNIDAD FORAL DE NAVARRA;31;NAVARRA;581;581;FACERÍA 81;;NULL;0;0
14;COMUNIDAD FORAL DE NAVARRA;31;NAVARRA;582;582;FACERÍA 82;;NULL;0;0
14;COMUNIDAD FORAL DE NAVARRA;31;NAVARRA;583;583;FACERÍA 83;;NULL;0;0
14;COMUNIDAD FORAL DE NAVARRA;31;NAVARRA;584;584;FACERÍA 84;;NULL;0;0
14;COMUNIDAD FORAL DE NAVARRA;31;NAVARRA;585;585;FACERÍA 85;;NULL;0;0
14;COMUNIDAD FORAL DE NAVARRA;31;NAVARRA;586;586;FACERÍA 86;;NULL;0;0
14;COMUNIDAD FORAL DE NAVARRA;31;NAVARRA;587;587;FACERÍA 87;;NULL;0;0
14;COMUNIDAD FORAL DE NAVARRA;31;NAVARRA;588;588;FACERÍA 88;;NULL;0;0
14;COMUNIDAD FORAL DE NAVARRA;31;NAVARRA;591;591;FACERÍA 91;;NULL;0;0
14;COMUNIDAD FORAL DE NAVARRA;31;NAVARRA;592;592;FACERÍA 92;;NULL;0;0
14;COMUNIDAD FORAL DE NAVARRA;31;NAVARRA;603;603;FACERÍA 103;;NULL;0;0
14;COMUNIDAD FORAL DE NAVARRA;31;NAVARRA;604;604;FACERÍA 104;;NULL;0;0
14;COMUNIDAD FORAL DE NAVARRA;31;NAVARRA;605;605;FACERÍA 105;;NULL;0;0
14;COMUNIDAD FORAL DE NAVARRA;31;NAVARRA;606;606;FACERÍA 106;;NULL;0;0
14;COMUNIDAD FORAL DE NAVARRA;31;NAVARRA;607;607;FACERÍA 107;;NULL;0;0
14;COMUNIDAD FORAL DE NAVARRA;31;NAVARRA;608;608;FACERÍA 108;;NULL;0;0
14;COMUNIDAD FORAL DE NAVARRA;31;NAVARRA;690;690;BARDENAS REALES;;NULL;0;0
14;COMUNIDAD FORAL DE NAVARRA;31;NAVARRA;691;691;SIERRA DE ANDÍA;;NULL;0;0
14;COMUNIDAD FORAL DE NAVARRA;31;NAVARRA;692;692;SIERRA DE ARALAR;;NULL;0;0
14;COMUNIDAD FORAL DE NAVARRA;31;NAVARRA;693;693;SIERRA DE LÓQUIZ;;NULL;0;0
14;COMUNIDAD FORAL DE NAVARRA;31;NAVARRA;694;694;SIERRA DE URBASA;;NULL;0;0
14;COMUNIDAD FORAL DE NAVARRA;31;NAVARRA;901;901;BARAÑÁIN;;NULL;0;0
14;COMUNIDAD FORAL DE NAVARRA;31;NAVARRA;902;902;BERRIOPLANO;;NULL;0;0
14;COMUNIDAD FORAL DE NAVARRA;31;NAVARRA;903;903;BERRIOZAR;;NULL;0;0
14;COMUNIDAD FORAL DE NAVARRA;31;NAVARRA;904;904;IRURTZUN;;NULL;0;0
14;COMUNIDAD FORAL DE NAVARRA;31;NAVARRA;905;905;BERIÁIN;;NULL;0;0
14;COMUNIDAD FORAL DE NAVARRA;31;NAVARRA;906;906;ORCOYEN;;NULL;0;0
14;COMUNIDAD FORAL DE NAVARRA;31;NAVARRA;907;907;ZIZUR MAYOR O ZIZUR NAGUSIA;;NULL;0;0
14;COMUNIDAD FORAL DE NAVARRA;31;NAVARRA;908;908;LEKUNBERRI;;NULL;0;0
15;PAIS VASCO;1;ÁLAVA;0;64;COMUNIDAD DE LAÑO PIPAON Y PEÑACERRADA;;NULL;0;0
15;PAIS VASCO;1;ÁLAVA;0;65;PARZONERIA DE ENTZIA;;NULL;0;0
15;PAIS VASCO;1;ÁLAVA;1;1;ALEGRÍA-DULANTZI;;NULL;0;0
15;PAIS VASCO;1;ÁLAVA;2;2;AMURRIO;;NULL;0;0
15;PAIS VASCO;1;ÁLAVA;3;3;ARAMAIO;;NULL;0;0
15;PAIS VASCO;1;ÁLAVA;4;4;ARTZINIEGA;;NULL;0;0
15;PAIS VASCO;1;ÁLAVA;6;6;ARMIÑON;;NULL;0;0
15;PAIS VASCO;1;ÁLAVA;8;8;ARRAZUA-UBARRUNDIA;;NULL;0;0
15;PAIS VASCO;1;ÁLAVA;9;9;ASPARRENA;;NULL;0;0
15;PAIS VASCO;1;ÁLAVA;10;10;AYALA/AIARA;;NULL;0;0
15;PAIS VASCO;1;ÁLAVA;11;11;BAÑOS DE EBRO/MAÑUETA;;NULL;0;0
15;PAIS VASCO;1;ÁLAVA;13;13;BARRUNDIA;;NULL;0;0
15;PAIS VASCO;1;ÁLAVA;14;14;BERANTEVILLA;;NULL;0;0
15;PAIS VASCO;1;ÁLAVA;16;16;BERNEDO;;NULL;0;0
15;PAIS VASCO;1;ÁLAVA;17;17;CAMPEZO/KANPEZU;;NULL;0;0
15;PAIS VASCO;1;ÁLAVA;18;18;ZIGOITIA;;NULL;0;0
15;PAIS VASCO;1;ÁLAVA;19;19;KRIPAN;;NULL;0;0
15;PAIS VASCO;1;ÁLAVA;20;20;KUARTANGO;;NULL;0;0
15;PAIS VASCO;1;ÁLAVA;21;21;ELBURGO/BURGELU;;NULL;0;0
15;PAIS VASCO;1;ÁLAVA;22;22;ELCIEGO;;NULL;0;0
15;PAIS VASCO;1;ÁLAVA;23;23;ELVILLAR/BILAR;;NULL;0;0
15;PAIS VASCO;1;ÁLAVA;27;27;IRURAIZ-GAUNA;;NULL;0;0
15;PAIS VASCO;1;ÁLAVA;28;28;LABASTIDA;;NULL;0;0
15;PAIS VASCO;1;ÁLAVA;30;30;LAGRÁN;;NULL;0;0
15;PAIS VASCO;1;ÁLAVA;31;31;LAGUARDIA;;NULL;0;0
15;PAIS VASCO;1;ÁLAVA;32;32;LANCIEGO/LANTZIEGO;;NULL;0;0
15;PAIS VASCO;1;ÁLAVA;33;33;LAPUEBLA DE LABARCA;;NULL;0;0
15;PAIS VASCO;1;ÁLAVA;34;34;LEZA;;NULL;0;0
15;PAIS VASCO;1;ÁLAVA;36;36;LLODIO;;NULL;0;0
15;PAIS VASCO;1;ÁLAVA;37;37;ARRAIA-MAEZTU;;NULL;0;0
15;PAIS VASCO;1;ÁLAVA;39;39;MOREDA DE ÁLAVA;;NULL;0;0
15;PAIS VASCO;1;ÁLAVA;41;41;NAVARIDAS;;NULL;0;0
15;PAIS VASCO;1;ÁLAVA;42;42;OKONDO;;NULL;0;0
15;PAIS VASCO;1;ÁLAVA;43;43;OYÓN-OION;;NULL;0;0
15;PAIS VASCO;1;ÁLAVA;44;44;PEÑACERRADA-URIZAHARRA;;NULL;0;0
15;PAIS VASCO;1;ÁLAVA;46;46;RIBERA ALTA;;NULL;0;0
15;PAIS VASCO;1;ÁLAVA;47;47;RIBERA BAJA/ERRIBERA BEITIA;;NULL;0;0
15;PAIS VASCO;1;ÁLAVA;49;49;AÑANA;;NULL;0;0
15;PAIS VASCO;1;ÁLAVA;51;51;SALVATIERRA/AGURAIN;;NULL;0;0
15;PAIS VASCO;1;ÁLAVA;52;52;SAMANIEGO;;NULL;0;0
15;PAIS VASCO;1;ÁLAVA;53;53;SAN MILLÁN/DONEMILIAGA;;NULL;0;0
15;PAIS VASCO;1;ÁLAVA;54;54;URKABUSTAIZ;;NULL;0;0
15;PAIS VASCO;1;ÁLAVA;55;55;VALDEGOVÍA;;NULL;0;0
15;PAIS VASCO;1;ÁLAVA;56;56;HARANA/VALLE DE ARANA;;NULL;0;0
15;PAIS VASCO;1;ÁLAVA;57;57;VILLABUENA DE ÁLAVA/ESKUERNAGA;;NULL;0;0
15;PAIS VASCO;1;ÁLAVA;58;58;LEGUTIANO;;NULL;0;0
15;PAIS VASCO;1;ÁLAVA;59;59;VITORIA-GASTEIZ;;NULL;0;0
15;PAIS VASCO;1;ÁLAVA;60;60;YÉCORA/IEKORA;;NULL;0;0
15;PAIS VASCO;1;ÁLAVA;61;61;ZALDUONDO;;NULL;0;0
15;PAIS VASCO;1;ÁLAVA;62;62;ZAMBRANA;;NULL;0;0
15;PAIS VASCO;1;ÁLAVA;63;63;ZUIA;;NULL;0;0
15;PAIS VASCO;1;ÁLAVA;901;26;IRUÑA OKA/IRUÑA DE OCA;;NULL;0;0
15;PAIS VASCO;1;ÁLAVA;902;35;LANTARÓN;;NULL;0;0
15;PAIS VASCO;20;GUIPUZCOA;0;98;ALZANIA;;NULL;0;0
15;PAIS VASCO;20;GUIPUZCOA;0;99;SIERRA DE ARALAR;;NULL;0;0
15;PAIS VASCO;20;GUIPUZCOA;1;1;ABALTZISKETA;;NULL;0;0
15;PAIS VASCO;20;GUIPUZCOA;2;2;ADUNA;;NULL;0;0
15;PAIS VASCO;20;GUIPUZCOA;3;3;AIZARNAZABAL;;NULL;0;0
15;PAIS VASCO;20;GUIPUZCOA;4;4;ALBIZTUR;;NULL;0;0
15;PAIS VASCO;20;GUIPUZCOA;5;5;ALEGIA;;NULL;0;0
15;PAIS VASCO;20;GUIPUZCOA;6;6;ALKIZA;;NULL;0;0
15;PAIS VASCO;20;GUIPUZCOA;7;7;ALTZO;;NULL;0;0
15;PAIS VASCO;20;GUIPUZCOA;8;8;AMEZKETA;;NULL;0;0
15;PAIS VASCO;20;GUIPUZCOA;9;9;ANDOAIN;;NULL;0;0
15;PAIS VASCO;20;GUIPUZCOA;10;10;ANOETA;;NULL;0;0
15;PAIS VASCO;20;GUIPUZCOA;11;11;ANTZUOLA;;NULL;0;0
15;PAIS VASCO;20;GUIPUZCOA;12;12;ARAMA;;NULL;0;0
15;PAIS VASCO;20;GUIPUZCOA;13;13;ARETXABALETA;;NULL;0;0
15;PAIS VASCO;20;GUIPUZCOA;14;14;ASTEASU;;NULL;0;0
15;PAIS VASCO;20;GUIPUZCOA;15;15;ATAUN;;NULL;0;0
15;PAIS VASCO;20;GUIPUZCOA;16;16;AIA;;NULL;0;0
15;PAIS VASCO;20;GUIPUZCOA;17;17;AZKOITIA;;NULL;0;0
15;PAIS VASCO;20;GUIPUZCOA;18;18;AZPEITIA;;NULL;0;0
15;PAIS VASCO;20;GUIPUZCOA;19;19;BEASAIN;;NULL;0;0
15;PAIS VASCO;20;GUIPUZCOA;20;20;BEIZAMA;;NULL;0;0
15;PAIS VASCO;20;GUIPUZCOA;21;21;BELAUNTZA;;NULL;0;0
15;PAIS VASCO;20;GUIPUZCOA;22;22;BERASTEGI;;NULL;0;0
15;PAIS VASCO;20;GUIPUZCOA;23;23;BERROBI;;NULL;0;0
15;PAIS VASCO;20;GUIPUZCOA;24;24;BIDEGOIAN;;NULL;0;0
15;PAIS VASCO;20;GUIPUZCOA;25;25;ZEGAMA;;NULL;0;0
15;PAIS VASCO;20;GUIPUZCOA;26;26;ZERAIN;;NULL;0;0
15;PAIS VASCO;20;GUIPUZCOA;27;27;ZESTOA;;NULL;0;0
15;PAIS VASCO;20;GUIPUZCOA;28;28;ZIZURKIL;;NULL;0;0
15;PAIS VASCO;20;GUIPUZCOA;29;29;DEBA;;NULL;0;0
15;PAIS VASCO;20;GUIPUZCOA;30;30;EIBAR;;NULL;0;0
15;PAIS VASCO;20;GUIPUZCOA;31;31;ELDUAIN;;NULL;0;0
15;PAIS VASCO;20;GUIPUZCOA;32;32;ELGOIBAR;;NULL;0;0
15;PAIS VASCO;20;GUIPUZCOA;33;33;ELGETA;;NULL;0;0
15;PAIS VASCO;20;GUIPUZCOA;34;34;ESKORIATZA;;NULL;0;0
15;PAIS VASCO;20;GUIPUZCOA;35;35;EZKIO-ITSASO;;NULL;0;0
15;PAIS VASCO;20;GUIPUZCOA;36;36;HONDARRIBIA;;NULL;0;0
15;PAIS VASCO;20;GUIPUZCOA;37;37;GAINTZA;;NULL;0;0
15;PAIS VASCO;20;GUIPUZCOA;38;38;GABIRIA;;NULL;0;0
15;PAIS VASCO;20;GUIPUZCOA;39;39;GETARIA;;NULL;0;0
15;PAIS VASCO;20;GUIPUZCOA;40;40;HERNANI;;NULL;0;0
15;PAIS VASCO;20;GUIPUZCOA;41;41;HERNIALDE;;NULL;0;0
15;PAIS VASCO;20;GUIPUZCOA;42;42;IBARRA;;NULL;0;0
15;PAIS VASCO;20;GUIPUZCOA;43;43;IDIAZABAL;;NULL;0;0
15;PAIS VASCO;20;GUIPUZCOA;44;44;IKAZTEGIETA;;NULL;0;0
15;PAIS VASCO;20;GUIPUZCOA;45;45;IRUN;;NULL;0;0
15;PAIS VASCO;20;GUIPUZCOA;46;46;IRURA;;NULL;0;0
15;PAIS VASCO;20;GUIPUZCOA;47;47;ITSASONDO;;NULL;0;0
15;PAIS VASCO;20;GUIPUZCOA;48;48;LARRAUL;;NULL;0;0
15;PAIS VASCO;20;GUIPUZCOA;49;49;LAZKAO;;NULL;0;0
15;PAIS VASCO;20;GUIPUZCOA;50;50;LEABURU;;NULL;0;0
15;PAIS VASCO;20;GUIPUZCOA;51;51;LEGAZPI;;NULL;0;0
15;PAIS VASCO;20;GUIPUZCOA;52;52;LEGORRETA;;NULL;0;0
15;PAIS VASCO;20;GUIPUZCOA;53;53;LEZO;;NULL;0;0
15;PAIS VASCO;20;GUIPUZCOA;54;54;LIZARTZA;;NULL;0;0
15;PAIS VASCO;20;GUIPUZCOA;55;55;ARRASATE/MONDRAGÓN;;NULL;0;0
15;PAIS VASCO;20;GUIPUZCOA;56;56;MUTRIKU;;NULL;0;0
15;PAIS VASCO;20;GUIPUZCOA;57;57;MUTILOA;;NULL;0;0
15;PAIS VASCO;20;GUIPUZCOA;58;58;OLABERRIA;;NULL;0;0
15;PAIS VASCO;20;GUIPUZCOA;59;59;OÑATI;;NULL;0;0
15;PAIS VASCO;20;GUIPUZCOA;60;60;OREXA;;NULL;0;0
15;PAIS VASCO;20;GUIPUZCOA;61;61;ORIO;;NULL;0;0
15;PAIS VASCO;20;GUIPUZCOA;62;62;ORMAIZTEGI;;NULL;0;0
15;PAIS VASCO;20;GUIPUZCOA;63;63;OIARTZUN;;NULL;0;0
15;PAIS VASCO;20;GUIPUZCOA;64;64;PASAIA;;NULL;0;0
15;PAIS VASCO;20;GUIPUZCOA;65;65;SORALUZE/PLACENCIA DE LAS ARMAS;;NULL;0;0
15;PAIS VASCO;20;GUIPUZCOA;66;66;ERREZIL;;NULL;0;0
15;PAIS VASCO;20;GUIPUZCOA;67;67;ERRENTERIA;;NULL;0;0
15;PAIS VASCO;20;GUIPUZCOA;68;68;LEINTZ-GATZAGA;;NULL;0;0
15;PAIS VASCO;20;GUIPUZCOA;69;69;DONOSTIA-SAN SEBASTIÁN;;NULL;0;0
15;PAIS VASCO;20;GUIPUZCOA;70;70;SEGURA;;NULL;0;0
15;PAIS VASCO;20;GUIPUZCOA;71;71;TOLOSA;;NULL;0;0
15;PAIS VASCO;20;GUIPUZCOA;72;72;URNIETA;;NULL;0;0
15;PAIS VASCO;20;GUIPUZCOA;73;73;USURBIL;;NULL;0;0
15;PAIS VASCO;20;GUIPUZCOA;74;74;BERGARA;;NULL;0;0
15;PAIS VASCO;20;GUIPUZCOA;75;75;VILLABONA;;NULL;0;0
15;PAIS VASCO;20;GUIPUZCOA;76;76;ORDIZIA;;NULL;0;0
15;PAIS VASCO;20;GUIPUZCOA;77;77;URRETXU;;NULL;0;0
15;PAIS VASCO;20;GUIPUZCOA;78;78;ZALDIBIA;;NULL;0;0
15;PAIS VASCO;20;GUIPUZCOA;79;79;ZARAUTZ;;NULL;0;0
15;PAIS VASCO;20;GUIPUZCOA;80;80;ZUMARRAGA;;NULL;0;0
15;PAIS VASCO;20;GUIPUZCOA;81;81;ZUMAIA;;NULL;0;0
15;PAIS VASCO;20;GUIPUZCOA;901;82;MENDARO;;NULL;0;0
15;PAIS VASCO;20;GUIPUZCOA;902;83;LASARTE-ORIA;;NULL;0;0
15;PAIS VASCO;20;GUIPUZCOA;903;84;ASTIGARRAGA;;NULL;0;0
15;PAIS VASCO;20;GUIPUZCOA;904;85;BALIARRAIN;;NULL;0;0
15;PAIS VASCO;20;GUIPUZCOA;905;86;ORENDAIN;;NULL;0;0
15;PAIS VASCO;20;GUIPUZCOA;906;87;ALTZAGA;;NULL;0;0
15;PAIS VASCO;20;GUIPUZCOA;907;88;GAZTELU;;NULL;0;0
15;PAIS VASCO;48;VIZCAYA;1;1;ABADIÐO;;NULL;0;0
15;PAIS VASCO;48;VIZCAYA;2;2;ABANTO Y CIÉRVANA-ABANTO ZIERBENA;;NULL;0;0
15;PAIS VASCO;48;VIZCAYA;3;3;AMOREBIETA-ETXANO;;NULL;0;0
15;PAIS VASCO;48;VIZCAYA;4;4;AMOROTO;;NULL;0;0
15;PAIS VASCO;48;VIZCAYA;5;5;ARAKALDO;;NULL;0;0
15;PAIS VASCO;48;VIZCAYA;6;6;ARANTZAZU;;NULL;0;0
15;PAIS VASCO;48;VIZCAYA;7;7;MUNITIBAR-ARBATZEGI GERRIKAITZ;;NULL;0;0
15;PAIS VASCO;48;VIZCAYA;8;8;ARTZENTALES;;NULL;0;0
15;PAIS VASCO;48;VIZCAYA;9;9;ARRANKUDIAGA;;NULL;0;0
15;PAIS VASCO;48;VIZCAYA;10;10;ARRIETA;;NULL;0;0
15;PAIS VASCO;48;VIZCAYA;11;11;ARRIGORRIAGA;;NULL;0;0
15;PAIS VASCO;48;VIZCAYA;12;12;BAKIO;;NULL;0;0
15;PAIS VASCO;48;VIZCAYA;13;13;BARAKALDO;;NULL;0;0
15;PAIS VASCO;48;VIZCAYA;14;14;BARRIKA;;NULL;0;0
15;PAIS VASCO;48;VIZCAYA;15;15;BASAURI;;NULL;0;0
15;PAIS VASCO;48;VIZCAYA;16;16;BERANGO;;NULL;0;0
15;PAIS VASCO;48;VIZCAYA;17;17;BERMEO;;NULL;0;0
15;PAIS VASCO;48;VIZCAYA;18;18;BERRIATUA;;NULL;0;0
15;PAIS VASCO;48;VIZCAYA;19;19;BERRIZ;;NULL;0;0
15;PAIS VASCO;48;VIZCAYA;20;20;BILBAO;;NULL;0;0
15;PAIS VASCO;48;VIZCAYA;21;21;BUSTURIA;;NULL;0;0
15;PAIS VASCO;48;VIZCAYA;22;22;KARRANTZA HARANA/VALLE DE CARRANZA;;NULL;0;0
15;PAIS VASCO;48;VIZCAYA;23;23;ARTEA;;NULL;0;0
15;PAIS VASCO;48;VIZCAYA;24;24;ZEANURI;;NULL;0;0
15;PAIS VASCO;48;VIZCAYA;25;25;ZEBERIO;;NULL;0;0
15;PAIS VASCO;48;VIZCAYA;26;26;DIMA;;NULL;0;0
15;PAIS VASCO;48;VIZCAYA;27;27;DURANGO;;NULL;0;0
15;PAIS VASCO;48;VIZCAYA;28;28;EA;;NULL;0;0
15;PAIS VASCO;48;VIZCAYA;29;29;ETXEBARRI ANTEIGLESIA DE SAN ESTEBAN-ETXEBARRI DONEZTEBEKO ELIZATEA;;NULL;0;0
15;PAIS VASCO;48;VIZCAYA;30;30;ETXEBARRIA;;NULL;0;0
15;PAIS VASCO;48;VIZCAYA;31;31;ELANTXOBE;;NULL;0;0
15;PAIS VASCO;48;VIZCAYA;32;32;ELORRIO;;NULL;0;0
15;PAIS VASCO;48;VIZCAYA;33;33;EREÐO;;NULL;0;0
15;PAIS VASCO;48;VIZCAYA;34;34;ERMUA;;NULL;0;0
15;PAIS VASCO;48;VIZCAYA;35;35;FRUIZ;;NULL;0;0
15;PAIS VASCO;48;VIZCAYA;36;36;GALDAKAO;;NULL;0;0
15;PAIS VASCO;48;VIZCAYA;37;37;GALDAMES;;NULL;0;0
15;PAIS VASCO;48;VIZCAYA;38;38;GAMIZ-FIKA;;NULL;0;0
15;PAIS VASCO;48;VIZCAYA;39;39;GARAY;;NULL;0;0
15;PAIS VASCO;48;VIZCAYA;40;40;GATIKA;;NULL;0;0
15;PAIS VASCO;48;VIZCAYA;41;41;GAUTEGIZ ARTEAGA;;NULL;0;0
15;PAIS VASCO;48;VIZCAYA;42;42;GORDEXOLA;;NULL;0;0
15;PAIS VASCO;48;VIZCAYA;43;43;GORLIZ;;NULL;0;0
15;PAIS VASCO;48;VIZCAYA;44;44;GETXO;;NULL;0;0
15;PAIS VASCO;48;VIZCAYA;45;45;G_EÐES;;NULL;0;0
15;PAIS VASCO;48;VIZCAYA;46;46;GERNIKA-LUMO;;NULL;0;0
15;PAIS VASCO;48;VIZCAYA;47;47;GIZABURUAGA;;NULL;0;0
15;PAIS VASCO;48;VIZCAYA;48;48;IBARRANGELU;;NULL;0;0
15;PAIS VASCO;48;VIZCAYA;49;49;ISPASTER;;NULL;0;0
15;PAIS VASCO;48;VIZCAYA;50;50;IZURTZA;;NULL;0;0
15;PAIS VASCO;48;VIZCAYA;51;51;LANESTOSA;;NULL;0;0
15;PAIS VASCO;48;VIZCAYA;52;52;LARRABETZU;;NULL;0;0
15;PAIS VASCO;48;VIZCAYA;53;53;LAUKIZ;;NULL;0;0
15;PAIS VASCO;48;VIZCAYA;54;54;LEIOA;;NULL;0;0
15;PAIS VASCO;48;VIZCAYA;55;55;LEMOA;;NULL;0;0
15;PAIS VASCO;48;VIZCAYA;56;56;LEMOIZ;;NULL;0;0
15;PAIS VASCO;48;VIZCAYA;57;57;LEKEITIO;;NULL;0;0
15;PAIS VASCO;48;VIZCAYA;58;58;MALLABIA;;NULL;0;0
15;PAIS VASCO;48;VIZCAYA;59;59;MAÐARIA;;NULL;0;0
15;PAIS VASCO;48;VIZCAYA;60;60;MARKINA-XEMEIN;;NULL;0;0
15;PAIS VASCO;48;VIZCAYA;61;61;MARURI-JATABE;;NULL;0;0
15;PAIS VASCO;48;VIZCAYA;62;62;MENDATA;;NULL;0;0
15;PAIS VASCO;48;VIZCAYA;63;63;MENDEXA;;NULL;0;0
15;PAIS VASCO;48;VIZCAYA;64;64;MEÐAKA;;NULL;0;0
15;PAIS VASCO;48;VIZCAYA;65;65;UGAO-MIRABALLES;;NULL;0;0
15;PAIS VASCO;48;VIZCAYA;66;66;MORGA;;NULL;0;0
15;PAIS VASCO;48;VIZCAYA;67;67;MUXIKA;;NULL;0;0
15;PAIS VASCO;48;VIZCAYA;68;68;MUNDAKA;;NULL;0;0
15;PAIS VASCO;48;VIZCAYA;69;69;MUNGIA;;NULL;0;0
15;PAIS VASCO;48;VIZCAYA;70;70;AULESTI;;NULL;0;0
15;PAIS VASCO;48;VIZCAYA;71;71;MUSKIZ;;NULL;0;0
15;PAIS VASCO;48;VIZCAYA;72;72;OTXANDIO;;NULL;0;0
15;PAIS VASCO;48;VIZCAYA;73;73;ONDARROA;;NULL;0;0
15;PAIS VASCO;48;VIZCAYA;74;74;URDUÐA-ORDUÐA;;NULL;0;0
15;PAIS VASCO;48;VIZCAYA;75;75;OROZKO;;NULL;0;0
15;PAIS VASCO;48;VIZCAYA;76;76;SUKARRIETA;;NULL;0;0
15;PAIS VASCO;48;VIZCAYA;77;77;PLENTZIA;;NULL;0;0
15;PAIS VASCO;48;VIZCAYA;78;78;PORTUGALETE;;NULL;0;0
15;PAIS VASCO;48;VIZCAYA;79;79;ERRIGOITI;;NULL;0;0
15;PAIS VASCO;48;VIZCAYA;80;80;VALLE DE TRÁPAGA-TRAPAGARAN;;NULL;0;0
15;PAIS VASCO;48;VIZCAYA;81;81;LEZAMA;;NULL;0;0
15;PAIS VASCO;48;VIZCAYA;82;82;SANTURTZI;;NULL;0;0
15;PAIS VASCO;48;VIZCAYA;83;83;ORTUELLA;;NULL;0;0
15;PAIS VASCO;48;VIZCAYA;84;84;SESTAO;;NULL;0;0
15;PAIS VASCO;48;VIZCAYA;85;85;SOPELANA;;NULL;0;0
15;PAIS VASCO;48;VIZCAYA;86;86;SOPUERTA;;NULL;0;0
15;PAIS VASCO;48;VIZCAYA;87;87;TRUCIOS-TURTZIOZ;;NULL;0;0
15;PAIS VASCO;48;VIZCAYA;88;88;UBIDE;;NULL;0;0
15;PAIS VASCO;48;VIZCAYA;89;89;URDULIZ;;NULL;0;0
15;PAIS VASCO;48;VIZCAYA;90;90;BALMASEDA;;NULL;0;0
15;PAIS VASCO;48;VIZCAYA;91;91;ATXONDO;;NULL;0;0
15;PAIS VASCO;48;VIZCAYA;92;92;BEDIA;;NULL;0;0
15;PAIS VASCO;48;VIZCAYA;93;93;AREATZA;;NULL;0;0
15;PAIS VASCO;48;VIZCAYA;94;94;IGORRE;;NULL;0;0
15;PAIS VASCO;48;VIZCAYA;95;95;ZALDIBAR;;NULL;0;0
15;PAIS VASCO;48;VIZCAYA;96;96;ZALLA;;NULL;0;0
15;PAIS VASCO;48;VIZCAYA;97;97;ZARATAMO;;NULL;0;0
15;PAIS VASCO;48;VIZCAYA;901;901;DERIO;;NULL;0;0
15;PAIS VASCO;48;VIZCAYA;902;902;ERANDIO;;NULL;0;0
15;PAIS VASCO;48;VIZCAYA;903;903;LOIU;;NULL;0;0
15;PAIS VASCO;48;VIZCAYA;904;904;SONDIKA;;NULL;0;0
15;PAIS VASCO;48;VIZCAYA;905;905;ZAMUDIO;;NULL;0;0
15;PAIS VASCO;48;VIZCAYA;906;906;FORUA;;NULL;0;0
15;PAIS VASCO;48;VIZCAYA;907;907;KORTEZUBI;;NULL;0;0
15;PAIS VASCO;48;VIZCAYA;908;908;MURUETA;;NULL;0;0
15;PAIS VASCO;48;VIZCAYA;909;909;NABARNIZ;;NULL;0;0
15;PAIS VASCO;48;VIZCAYA;910;910;IURRETA;;NULL;0;0
15;PAIS VASCO;48;VIZCAYA;911;911;AJANGIZ;;NULL;0;0
15;PAIS VASCO;48;VIZCAYA;912;912;ALONSOTEGI;;NULL;0;0
15;PAIS VASCO;48;VIZCAYA;913;913;ZIERBENA;;NULL;0;0
15;PAIS VASCO;48;VIZCAYA;914;914;ARRATZU;;NULL;0;0
15;PAIS VASCO;48;VIZCAYA;915;915;ZIORTZA-BOLIBAR;;NULL;0;0
16;LA RIOJA;26;LA RIOJA;1;1;ABALOS;;26001A;0;0
16;LA RIOJA;26;LA RIOJA;2;2;AGONCILLO;;26002A;0;0
16;LA RIOJA;26;LA RIOJA;3;3;AGUILAR DEL RIO ALHAMA;;26003A;0;0
16;LA RIOJA;26;LA RIOJA;4;4;AJAMIL DE CAMEROS;;26004A;0;0
16;LA RIOJA;26;LA RIOJA;5;5;ALBELDA DE IREGUA;;26005A;0;0
16;LA RIOJA;26;LA RIOJA;6;6;ALBERITE;;26006A;0;0
16;LA RIOJA;26;LA RIOJA;7;7;ALCANADRE;;26007A;0;0
16;LA RIOJA;26;LA RIOJA;8;8;ALDEANUEVA DE EBRO;;26008A;0;0
16;LA RIOJA;26;LA RIOJA;9;9;ALESANCO;;26009A;0;0
16;LA RIOJA;26;LA RIOJA;9;9;ALESANCO;;26009B;0;1
16;LA RIOJA;26;LA RIOJA;10;10;ALESON;;26010A;0;0
16;LA RIOJA;26;LA RIOJA;11;11;ALFARO;;26011A;0;0
16;LA RIOJA;26;LA RIOJA;12;12;ALMARZA DE CAMEROS;;26012A;0;0
16;LA RIOJA;26;LA RIOJA;13;13;ANGUCIANA;;26013A;0;0
16;LA RIOJA;26;LA RIOJA;14;14;ANGUIANO;;26014A;0;0
16;LA RIOJA;26;LA RIOJA;15;15;ARENZANA DE ABAJO;;26015A;0;0
16;LA RIOJA;26;LA RIOJA;16;16;ARENZANA DE ARRIBA;;26016A;0;0
16;LA RIOJA;26;LA RIOJA;17;17;ARNEDILLO;;26017A;0;0
16;LA RIOJA;26;LA RIOJA;18;18;ARNEDO;;26018A;0;0
16;LA RIOJA;26;LA RIOJA;19;19;ARRUBAL;;26019A;0;0
16;LA RIOJA;26;LA RIOJA;20;20;AUSEJO;;26020A;0;0
16;LA RIOJA;26;LA RIOJA;21;21;AUTOL;;26021A;0;0
16;LA RIOJA;26;LA RIOJA;22;22;AZOFRA;;26022A;0;0
16;LA RIOJA;26;LA RIOJA;23;23;BADARAN;;26023A;0;0
16;LA RIOJA;26;LA RIOJA;24;24;BAÑARES;;26024A;0;0
16;LA RIOJA;26;LA RIOJA;25;25;BAÑOS DE RIOJA;;26025A;0;0
16;LA RIOJA;26;LA RIOJA;26;26;BAÑOS DE RIO TOBIA;;26026A;0;0
16;LA RIOJA;26;LA RIOJA;27;27;BERCEO;;26027A;0;0
16;LA RIOJA;26;LA RIOJA;28;28;BERGASA;;26028A;0;0
16;LA RIOJA;26;LA RIOJA;29;29;BERGASILLAS BAJERA;;26029A;0;0
16;LA RIOJA;26;LA RIOJA;30;30;BEZARES;;26030A;0;0
16;LA RIOJA;26;LA RIOJA;30;30;BEZARES;;26030B;0;1
16;LA RIOJA;26;LA RIOJA;31;31;BOBADILLA;;26031A;0;0
16;LA RIOJA;26;LA RIOJA;32;32;BRIEVA DE CAMEROS;;26032A;0;0
16;LA RIOJA;26;LA RIOJA;33;33;BRIÑAS;;26033A;0;0
16;LA RIOJA;26;LA RIOJA;34;34;BRIONES;;26034A;0;0
16;LA RIOJA;26;LA RIOJA;35;35;CABEZON DE CAMEROS;;26035A;0;0
16;LA RIOJA;26;LA RIOJA;36;36;CALAHORRA;;26036A;0;0
16;LA RIOJA;26;LA RIOJA;37;37;CAMPROVIN;;26037A;0;0
16;LA RIOJA;26;LA RIOJA;38;38;CANALES DE LA SIERRA;;26038A;0;0
16;LA RIOJA;26;LA RIOJA;39;39;CANILLAS DE RIO TUERTO;;26039A;0;0
16;LA RIOJA;26;LA RIOJA;39;39;CANILLAS DE RIO TUERTO;;26039B;0;1
16;LA RIOJA;26;LA RIOJA;40;40;CAÑAS;;26040A;0;0
16;LA RIOJA;26;LA RIOJA;40;40;CAÑAS;;26040B;0;1
16;LA RIOJA;26;LA RIOJA;41;41;CARDENAS;;26041A;0;0
16;LA RIOJA;26;LA RIOJA;42;42;CASALARREINA;;26042A;0;0
16;LA RIOJA;26;LA RIOJA;43;43;CASTAÑARES DE RIOJA;;26043A;0;0
16;LA RIOJA;26;LA RIOJA;44;44;CASTROVIEJO;;26044A;0;0
16;LA RIOJA;26;LA RIOJA;45;45;CELLORIGO;;26045A;0;0
16;LA RIOJA;26;LA RIOJA;46;46;CENICERO;;26046A;0;0
16;LA RIOJA;26;LA RIOJA;47;47;CERVERA DEL RIO ALHAMA;;26047A;0;0
16;LA RIOJA;26;LA RIOJA;48;48;CIDAMON;;26048A;0;0
16;LA RIOJA;26;LA RIOJA;49;49;CIHURI;;26049A;0;0
16;LA RIOJA;26;LA RIOJA;50;50;CIRUEÑA;;26050A;0;0
16;LA RIOJA;26;LA RIOJA;51;51;CLAVIJO;;26051A;0;0
16;LA RIOJA;26;LA RIOJA;52;52;CORDOVIN;;26052A;0;0
16;LA RIOJA;26;LA RIOJA;53;53;CORERA;;26053A;0;0
16;LA RIOJA;26;LA RIOJA;54;54;CORNAGO;;26054A;0;0
16;LA RIOJA;26;LA RIOJA;55;55;CORPORALES;;26055A;0;0
16;LA RIOJA;26;LA RIOJA;56;56;CUZCURRITA DE RIO TIRON;;26056A;0;0
16;LA RIOJA;26;LA RIOJA;57;57;DAROCA DE RIOJA;;26057A;0;0
16;LA RIOJA;26;LA RIOJA;58;58;ENCISO;;26058A;0;0
16;LA RIOJA;26;LA RIOJA;59;59;ENTRENA;;26059A;0;0
16;LA RIOJA;26;LA RIOJA;60;60;ESTOLLO;;26060A;0;0
16;LA RIOJA;26;LA RIOJA;61;61;EZCARAY;;26061A;0;0
16;LA RIOJA;26;LA RIOJA;62;62;FONCEA;;26062A;0;0
16;LA RIOJA;26;LA RIOJA;63;63;FONZALECHE;;26063A;0;0
16;LA RIOJA;26;LA RIOJA;64;64;FUENMAYOR;;26064A;0;0
16;LA RIOJA;26;LA RIOJA;65;65;GALBARRULI;;26065A;0;0
16;LA RIOJA;26;LA RIOJA;66;66;GALILEA;;26066A;0;0
16;LA RIOJA;26;LA RIOJA;66;66;GALILEA;;26066B;0;1
16;LA RIOJA;26;LA RIOJA;67;67;GALLINERO DE CAMEROS;;26067A;0;0
16;LA RIOJA;26;LA RIOJA;68;68;GIMILEO;;26068A;0;0
16;LA RIOJA;26;LA RIOJA;69;69;GRAÑON;;26069A;0;0
16;LA RIOJA;26;LA RIOJA;70;70;GRAVALOS;;26070A;0;0
16;LA RIOJA;26;LA RIOJA;71;71;HARO;;26071A;0;0
16;LA RIOJA;26;LA RIOJA;71;71;HARO;;26071B;0;1
16;LA RIOJA;26;LA RIOJA;72;72;HERCE;;26072A;0;0
16;LA RIOJA;26;LA RIOJA;73;73;HERRAMELLURI;;26073A;0;0
16;LA RIOJA;26;LA RIOJA;74;74;HERVIAS;;26074A;0;0
16;LA RIOJA;26;LA RIOJA;75;75;HORMILLA;;26075A;0;0
16;LA RIOJA;26;LA RIOJA;76;76;HORMILLEJA;;26076A;0;0
16;LA RIOJA;26;LA RIOJA;77;77;HORNILLOS DE CAMEROS;;26077A;0;0
16;LA RIOJA;26;LA RIOJA;78;78;HORNOS DE MONCALVILLO;;26078A;0;0
16;LA RIOJA;26;LA RIOJA;79;79;HUERCANOS;;26079A;0;0
16;LA RIOJA;26;LA RIOJA;80;80;IGEA;;26080A;0;0
16;LA RIOJA;26;LA RIOJA;81;81;JALON DE CAMEROS;;26081A;0;0
16;LA RIOJA;26;LA RIOJA;82;82;LAGUNA DE CAMEROS;;26082A;0;0
16;LA RIOJA;26;LA RIOJA;83;83;LAGUNILLA DEL JUBERA;;26083A;0;0
16;LA RIOJA;26;LA RIOJA;84;84;LARDERO;;26084A;0;0
16;LA RIOJA;26;LA RIOJA;86;86;LEDESMA DE LA COGOLLA;;26086A;0;0
16;LA RIOJA;26;LA RIOJA;87;87;LEIVA;;26087A;0;0
16;LA RIOJA;26;LA RIOJA;88;88;LEZA DE RIO LEZA;;26088A;0;0
16;LA RIOJA;26;LA RIOJA;89;900;LOGROÑO;;26900A;0;0
16;LA RIOJA;26;LA RIOJA;91;91;LUMBRERAS;;26091A;0;0
16;LA RIOJA;26;LA RIOJA;92;92;MANJARRES;;26092A;0;0
16;LA RIOJA;26;LA RIOJA;92;92;MANJARRES;;26092B;0;1
16;LA RIOJA;26;LA RIOJA;93;93;MANSILLA;;26093A;0;0
16;LA RIOJA;26;LA RIOJA;94;94;MANZANARES DE RIOJA;;26094A;0;0
16;LA RIOJA;26;LA RIOJA;95;95;MATUTE;;26095A;0;0
16;LA RIOJA;26;LA RIOJA;95;95;MATUTE;;26095B;0;1
16;LA RIOJA;26;LA RIOJA;96;96;MEDRANO;;26096A;0;0
16;LA RIOJA;26;LA RIOJA;98;99;MUNILLA;;26099A;0;0
16;LA RIOJA;26;LA RIOJA;99;100;MURILLO DE RIO LEZA;;26100A;0;0
16;LA RIOJA;26;LA RIOJA;100;101;MURO DE AGUAS;;26101A;0;0
16;LA RIOJA;26;LA RIOJA;101;102;MURO EN CAMEROS;;26102A;0;0
16;LA RIOJA;26;LA RIOJA;102;103;NAJERA;;26103A;0;0
16;LA RIOJA;26;LA RIOJA;103;104;NALDA;;26104A;0;0
16;LA RIOJA;26;LA RIOJA;104;105;NAVAJUN;;26105A;0;0
16;LA RIOJA;26;LA RIOJA;105;106;NAVARRETE;;26106A;0;0
16;LA RIOJA;26;LA RIOJA;106;107;NESTARES;;26107A;0;0
16;LA RIOJA;26;LA RIOJA;107;108;NIEVA DE CAMEROS;;26108A;0;0
16;LA RIOJA;26;LA RIOJA;108;97;OCON;;26097A;0;0
16;LA RIOJA;26;LA RIOJA;109;109;OCHANDURI;;26109A;0;0
16;LA RIOJA;26;LA RIOJA;110;110;OJACASTRO;;26110A;0;0
16;LA RIOJA;26;LA RIOJA;111;111;OLLAURI;;26111A;0;0
16;LA RIOJA;26;LA RIOJA;112;112;ORTIGOSA DE CAMEROS;;26112A;0;0
16;LA RIOJA;26;LA RIOJA;113;113;PAZUENGOS;;26113A;0;0
16;LA RIOJA;26;LA RIOJA;114;114;PEDROSO;;26114A;0;0
16;LA RIOJA;26;LA RIOJA;115;115;PINILLOS;;26115A;0;0
16;LA RIOJA;26;LA RIOJA;117;117;PRADEJON;;26117A;0;0
16;LA RIOJA;26;LA RIOJA;118;118;PRADILLO;;26118A;0;0
16;LA RIOJA;26;LA RIOJA;119;119;PREJANO;;26119A;0;0
16;LA RIOJA;26;LA RIOJA;120;120;QUEL;;26120A;0;0
16;LA RIOJA;26;LA RIOJA;121;121;RABANERA;;26121A;0;0
16;LA RIOJA;26;LA RIOJA;122;122;EL RASILLO DE CAMEROS;;26122A;0;0
16;LA RIOJA;26;LA RIOJA;123;123;EL REDAL;;26123A;0;0
16;LA RIOJA;26;LA RIOJA;124;124;RIBAFRECHA;;26124A;0;0
16;LA RIOJA;26;LA RIOJA;125;125;RINCON DE SOTO;;26125A;0;0
16;LA RIOJA;26;LA RIOJA;126;126;ROBRES DEL CASTILLO;;26126A;0;0
16;LA RIOJA;26;LA RIOJA;127;127;RODEZNO;;26127A;0;0
16;LA RIOJA;26;LA RIOJA;128;128;SAJAZARRA;;26128A;0;0
16;LA RIOJA;26;LA RIOJA;128;128;SAJAZARRA;;26128B;0;1
16;LA RIOJA;26;LA RIOJA;129;129;SAN ASENSIO;;26129A;0;0
16;LA RIOJA;26;LA RIOJA;130;130;SAN MILLAN DE LA COGOLLA;;26130A;0;0
16;LA RIOJA;26;LA RIOJA;131;131;SAN MILLAN DE YECORA;;26131A;0;0
16;LA RIOJA;26;LA RIOJA;132;132;SAN ROMAN DE CAMEROS;;26132A;0;0
16;LA RIOJA;26;LA RIOJA;134;134;SANTA COLOMA;;26134A;0;0
16;LA RIOJA;26;LA RIOJA;135;135;SANTA ENGRACIA DEL JUBERA;;26135A;0;0
16;LA RIOJA;26;LA RIOJA;136;136;SANTA EULALIA BAJERA;;26136A;0;0
16;LA RIOJA;26;LA RIOJA;138;138;SANTO DOMINGO DE LA CALZADA;;26138A;0;0
16;LA RIOJA;26;LA RIOJA;139;139;SAN TORCUATO;;26139A;0;0
16;LA RIOJA;26;LA RIOJA;140;140;SANTURDE DE RIOJA;;26140A;0;0
16;LA RIOJA;26;LA RIOJA;141;141;SANTURDEJO;;26141A;0;0
16;LA RIOJA;26;LA RIOJA;142;142;SAN VICENTE DE LA SONSIERRA;;26142A;0;0
16;LA RIOJA;26;LA RIOJA;143;143;SOJUELA;;26143A;0;0
16;LA RIOJA;26;LA RIOJA;144;144;SORZANO;;26144A;0;0
16;LA RIOJA;26;LA RIOJA;145;145;SOTES;;26145A;0;0
16;LA RIOJA;26;LA RIOJA;146;146;SOTO EN CAMEROS;;26146A;0;0
16;LA RIOJA;26;LA RIOJA;147;147;TERROBA;;26147A;0;0
16;LA RIOJA;26;LA RIOJA;148;148;TIRGO;;26148A;0;0
16;LA RIOJA;26;LA RIOJA;149;149;TOBIA;;26149A;0;0
16;LA RIOJA;26;LA RIOJA;150;150;TORMANTOS;;26150A;0;0
16;LA RIOJA;26;LA RIOJA;151;151;TORRECILLA EN CAMEROS;;26151A;0;0
16;LA RIOJA;26;LA RIOJA;152;152;TORRECILLA SOBRE ALESANCO;;26152A;0;0
16;LA RIOJA;26;LA RIOJA;153;153;TORRE EN CAMEROS;;26153A;0;0
16;LA RIOJA;26;LA RIOJA;154;154;TORREMONTALBO;;26154A;0;0
16;LA RIOJA;26;LA RIOJA;155;155;TREVIANA;;26155A;0;0
16;LA RIOJA;26;LA RIOJA;157;157;TRICIO;;26157A;0;0
16;LA RIOJA;26;LA RIOJA;158;158;TUDELILLA;;26158A;0;0
16;LA RIOJA;26;LA RIOJA;160;160;URUÑUELA;;26160A;0;0
16;LA RIOJA;26;LA RIOJA;161;161;VALDEMADERA;;26161A;0;0
16;LA RIOJA;26;LA RIOJA;162;162;VALGAÑON;;26162A;0;0
16;LA RIOJA;26;LA RIOJA;163;163;VENTOSA;;26163A;0;0
16;LA RIOJA;26;LA RIOJA;164;164;VENTROSA;;26164A;0;0
16;LA RIOJA;26;LA RIOJA;165;165;VIGUERA;;26165A;0;0
16;LA RIOJA;26;LA RIOJA;166;167;VILLALBA DE RIOJA;;26167A;0;0
16;LA RIOJA;26;LA RIOJA;167;168;VILLALOBAR DE RIOJA;;26168A;0;0
16;LA RIOJA;26;LA RIOJA;168;169;VILLAMEDIANA DE IREGUA;;26169A;0;0
16;LA RIOJA;26;LA RIOJA;169;170;VILLANUEVA DE CAMEROS;;26170A;0;0
16;LA RIOJA;26;LA RIOJA;170;171;EL VILLAR DE ARNEDO;;26171A;0;0
16;LA RIOJA;26;LA RIOJA;171;172;VILLAR DE TORRE;;26172A;0;0
16;LA RIOJA;26;LA RIOJA;171;172;VILLAR DE TORRE;;26172B;0;1
16;LA RIOJA;26;LA RIOJA;172;173;VILLAREJO;;26173A;0;0
16;LA RIOJA;26;LA RIOJA;172;173;VILLAREJO;;26173B;0;1
16;LA RIOJA;26;LA RIOJA;173;174;VILLARROYA;;26174A;0;0
16;LA RIOJA;26;LA RIOJA;174;175;VILLARTA-QUINTANA;;26175A;0;0
16;LA RIOJA;26;LA RIOJA;175;176;VILLAVELAYO;;26176A;0;0
16;LA RIOJA;26;LA RIOJA;176;177;VILLAVERDE DE RIOJA;;26177A;0;0
16;LA RIOJA;26;LA RIOJA;176;177;VILLAVERDE DE RIOJA;;26177B;0;1
16;LA RIOJA;26;LA RIOJA;177;178;VILLOSLADA DE CAMEROS;;26178A;0;0
16;LA RIOJA;26;LA RIOJA;178;179;VINIEGRA DE ABAJO;;26179A;0;0
16;LA RIOJA;26;LA RIOJA;179;180;VINIEGRA DE ARRIBA;;26180A;0;0
16;LA RIOJA;26;LA RIOJA;180;181;ZARRATON;;26181A;0;0
16;LA RIOJA;26;LA RIOJA;181;182;ZARZOSA;;26182A;0;0
16;LA RIOJA;26;LA RIOJA;183;184;ZORRAQUIN;;26184A;0;0
17;COMUNIDAD VALENCIANA;3;ALICANTE;1;1;ADSUBIA;;03001A;0;0
17;COMUNIDAD VALENCIANA;3;ALICANTE;2;2;AGOST;;03002A;0;0
17;COMUNIDAD VALENCIANA;3;ALICANTE;3;3;AGRES;;03003A;0;0
17;COMUNIDAD VALENCIANA;3;ALICANTE;4;4;AIGUES;;03004A;0;0
17;COMUNIDAD VALENCIANA;3;ALICANTE;5;5;ALBATERA;;03005A;0;0
17;COMUNIDAD VALENCIANA;3;ALICANTE;6;6;ALCALALI;;03006A;0;0
17;COMUNIDAD VALENCIANA;3;ALICANTE;7;7;ALCOCER DE PLANES;;03007A;0;0
17;COMUNIDAD VALENCIANA;3;ALICANTE;8;8;ALCOLEJA;;03008A;0;0
17;COMUNIDAD VALENCIANA;3;ALICANTE;9;9;ALCOY/ALCOI;;03009A;0;0
17;COMUNIDAD VALENCIANA;3;ALICANTE;10;10;ALFAFARA;;03010A;0;0
17;COMUNIDAD VALENCIANA;3;ALICANTE;11;11;L`ALFAS DEL PI;;03011A;0;0
17;COMUNIDAD VALENCIANA;3;ALICANTE;12;12;ALGORFA;;03012A;0;0
17;COMUNIDAD VALENCIANA;3;ALICANTE;13;13;ALGUEÑA;;03013A;0;0
17;COMUNIDAD VALENCIANA;3;ALICANTE;14;900;ALICANTE/ALACANT;;03900A;0;0
17;COMUNIDAD VALENCIANA;3;ALICANTE;15;15;ALMORADI;;03015A;0;0
17;COMUNIDAD VALENCIANA;3;ALICANTE;16;16;ALMUDAINA;;03016A;0;0
17;COMUNIDAD VALENCIANA;3;ALICANTE;17;17;L'ALQUERIA D'ASNAR;;03017A;0;0
17;COMUNIDAD VALENCIANA;3;ALICANTE;18;18;ALTEA;;03018A;0;0
17;COMUNIDAD VALENCIANA;3;ALICANTE;19;19;ASPE;;03019A;0;0
17;COMUNIDAD VALENCIANA;3;ALICANTE;20;20;BALONES;;03020A;0;0
17;COMUNIDAD VALENCIANA;3;ALICANTE;21;21;BANYERES DE MARIOLA;;03021A;0;0
17;COMUNIDAD VALENCIANA;3;ALICANTE;22;22;BENASAU;;03022A;0;0
17;COMUNIDAD VALENCIANA;3;ALICANTE;23;23;BENEIXAMA;;03023A;0;0
17;COMUNIDAD VALENCIANA;3;ALICANTE;24;24;BENEJUZAR;;03024A;0;0
17;COMUNIDAD VALENCIANA;3;ALICANTE;25;25;BENFERRI;;03025A;0;0
17;COMUNIDAD VALENCIANA;3;ALICANTE;26;26;BENIARBEIG;;03026A;0;0
17;COMUNIDAD VALENCIANA;3;ALICANTE;27;27;BENIARDA;;03027A;0;0
17;COMUNIDAD VALENCIANA;3;ALICANTE;28;28;BENIARRES;;03028A;0;0
17;COMUNIDAD VALENCIANA;3;ALICANTE;29;29;BENIGEMBLA;;03029A;0;0
17;COMUNIDAD VALENCIANA;3;ALICANTE;30;30;BENIDOLEIG;;03030A;0;0
17;COMUNIDAD VALENCIANA;3;ALICANTE;31;31;BENIDORM;;03031A;0;0
17;COMUNIDAD VALENCIANA;3;ALICANTE;32;32;BENIFALLIM;;03032A;0;0
17;COMUNIDAD VALENCIANA;3;ALICANTE;33;33;BENIFATO;;03033A;0;0
17;COMUNIDAD VALENCIANA;3;ALICANTE;34;34;BENIJOFAR;;03034A;0;0
17;COMUNIDAD VALENCIANA;3;ALICANTE;35;35;BENILLOBA;;03035A;0;0
17;COMUNIDAD VALENCIANA;3;ALICANTE;36;36;BENILLUP;;03036A;0;0
17;COMUNIDAD VALENCIANA;3;ALICANTE;37;37;BENIMANTELL;;03037A;0;0
17;COMUNIDAD VALENCIANA;3;ALICANTE;38;38;BENIMARFULL;;03038A;0;0
17;COMUNIDAD VALENCIANA;3;ALICANTE;39;39;BENIMASSOT;;03039A;0;0
17;COMUNIDAD VALENCIANA;3;ALICANTE;40;40;BENIMELI;;03040A;0;0
17;COMUNIDAD VALENCIANA;3;ALICANTE;41;41;BENISSA;;03041A;0;0
17;COMUNIDAD VALENCIANA;3;ALICANTE;42;42;BENITACHELL / EL POBLE NOU;;03042A;0;0
17;COMUNIDAD VALENCIANA;3;ALICANTE;43;43;BIAR;;03043A;0;0
17;COMUNIDAD VALENCIANA;3;ALICANTE;44;44;BIGASTRO;;03044A;0;0
17;COMUNIDAD VALENCIANA;3;ALICANTE;45;45;BOLULLA;;03045A;0;0
17;COMUNIDAD VALENCIANA;3;ALICANTE;46;46;BUSOT;;03046A;0;0
17;COMUNIDAD VALENCIANA;3;ALICANTE;47;47;CALP;;03047A;0;0
17;COMUNIDAD VALENCIANA;3;ALICANTE;48;48;CALLOSA D'EN SARRIA;;03048A;0;0
17;COMUNIDAD VALENCIANA;3;ALICANTE;49;49;CALLOSA DE SEGURA;;03049A;0;0
17;COMUNIDAD VALENCIANA;3;ALICANTE;50;50;EL CAMPELLO;;03050A;0;0
17;COMUNIDAD VALENCIANA;3;ALICANTE;51;51;CAMPO DE MIRRA / EL CAMP DE MI;;03051A;0;0
17;COMUNIDAD VALENCIANA;3;ALICANTE;52;52;CAÑADA;;03052A;0;0
17;COMUNIDAD VALENCIANA;3;ALICANTE;53;53;CASTALLA;;03053A;0;0
17;COMUNIDAD VALENCIANA;3;ALICANTE;54;54;CASTELL DE CASTELLS;;03054A;0;0
17;COMUNIDAD VALENCIANA;3;ALICANTE;55;55;CATRAL;;03055A;0;0
17;COMUNIDAD VALENCIANA;3;ALICANTE;56;56;COCENTAINA;;03056A;0;0
17;COMUNIDAD VALENCIANA;3;ALICANTE;57;57;CONFRIDES;;03057A;0;0
17;COMUNIDAD VALENCIANA;3;ALICANTE;58;58;COX;;03058A;0;0
17;COMUNIDAD VALENCIANA;3;ALICANTE;59;59;CREVILLENT;;03059A;0;0
17;COMUNIDAD VALENCIANA;3;ALICANTE;60;60;QUATRETONDETA;;03060A;0;0
17;COMUNIDAD VALENCIANA;3;ALICANTE;61;61;DAYA NUEVA;;03061A;0;0
17;COMUNIDAD VALENCIANA;3;ALICANTE;62;62;DAYA VIEJA;;03062A;0;0
17;COMUNIDAD VALENCIANA;3;ALICANTE;63;63;DENIA;;03063A;0;0
17;COMUNIDAD VALENCIANA;3;ALICANTE;64;64;DOLORES;;03064A;0;0
17;COMUNIDAD VALENCIANA;3;ALICANTE;65;65;ELCHE/ELX;;03065A;0;0
17;COMUNIDAD VALENCIANA;3;ALICANTE;66;66;ELDA;;03066A;0;0
17;COMUNIDAD VALENCIANA;3;ALICANTE;67;67;FACHECA;;03067A;0;0
17;COMUNIDAD VALENCIANA;3;ALICANTE;68;68;FAMORCA;;03068A;0;0
17;COMUNIDAD VALENCIANA;3;ALICANTE;69;69;FINESTRAT;;03069A;0;0
17;COMUNIDAD VALENCIANA;3;ALICANTE;70;70;FORMENTERA DEL SEGURA;;03070A;0;0
17;COMUNIDAD VALENCIANA;3;ALICANTE;71;71;GATA DE GORGOS;;03071A;0;0
17;COMUNIDAD VALENCIANA;3;ALICANTE;72;72;GAIANES;;03072A;0;0
17;COMUNIDAD VALENCIANA;3;ALICANTE;73;73;GORGA;;03073A;0;0
17;COMUNIDAD VALENCIANA;3;ALICANTE;74;74;GRANJA DE ROCAMORA;;03074A;0;0
17;COMUNIDAD VALENCIANA;3;ALICANTE;75;75;EL CASTELL DE GUADALEST;;03075A;0;0
17;COMUNIDAD VALENCIANA;3;ALICANTE;76;76;GUARDAMAR DEL SEGURA;;03076A;0;0
17;COMUNIDAD VALENCIANA;3;ALICANTE;77;77;EL FONDO DE LES NEUS / HONDON;;03077A;0;0
17;COMUNIDAD VALENCIANA;3;ALICANTE;78;78;HONDON DE LOS FRAILES;;03078A;0;0
17;COMUNIDAD VALENCIANA;3;ALICANTE;79;79;IBI;;03079A;0;0
17;COMUNIDAD VALENCIANA;3;ALICANTE;80;80;JACARILLA;;03080A;0;0
17;COMUNIDAD VALENCIANA;3;ALICANTE;81;81;XALO;;03081A;0;0
17;COMUNIDAD VALENCIANA;3;ALICANTE;82;82;JAVEA/XABIA;;03082A;0;0
17;COMUNIDAD VALENCIANA;3;ALICANTE;83;83;JIJONA/XIXONA;;03083A;0;0
17;COMUNIDAD VALENCIANA;3;ALICANTE;84;84;LORCHA/L'ORXA;;03084A;0;0
17;COMUNIDAD VALENCIANA;3;ALICANTE;85;85;LLIBER;;03085A;0;0
17;COMUNIDAD VALENCIANA;3;ALICANTE;86;86;MILLENA;;03086A;0;0
17;COMUNIDAD VALENCIANA;3;ALICANTE;88;88;MONFORTE DEL CID;;03088A;0;0
17;COMUNIDAD VALENCIANA;3;ALICANTE;89;89;MONOVAR/MONOVER;;03089A;0;0
17;COMUNIDAD VALENCIANA;3;ALICANTE;90;90;MUTXAMEL;;03090A;0;0
17;COMUNIDAD VALENCIANA;3;ALICANTE;91;91;MURLA;;03091A;0;0
17;COMUNIDAD VALENCIANA;3;ALICANTE;92;92;MURO DE ALCOY;;03092A;0;0
17;COMUNIDAD VALENCIANA;3;ALICANTE;93;93;NOVELDA;;03093A;0;0
17;COMUNIDAD VALENCIANA;3;ALICANTE;94;94;LA NUCIA;;03094A;0;0
17;COMUNIDAD VALENCIANA;3;ALICANTE;95;95;ONDARA;;03095A;0;0
17;COMUNIDAD VALENCIANA;3;ALICANTE;96;96;ONIL;;03096A;0;0
17;COMUNIDAD VALENCIANA;3;ALICANTE;97;97;ORBA;;03097A;0;0
17;COMUNIDAD VALENCIANA;3;ALICANTE;98;98;ORXETA;;03098A;0;0
17;COMUNIDAD VALENCIANA;3;ALICANTE;99;99;ORIHUELA;;03099A;0;0
17;COMUNIDAD VALENCIANA;3;ALICANTE;100;100;PARCENT;;03100A;0;0
17;COMUNIDAD VALENCIANA;3;ALICANTE;101;101;PEDREGUER;;03101A;0;0
17;COMUNIDAD VALENCIANA;3;ALICANTE;102;102;PEGO;;03102A;0;0
17;COMUNIDAD VALENCIANA;3;ALICANTE;103;103;PENAGUILA;;03103A;0;0
17;COMUNIDAD VALENCIANA;3;ALICANTE;104;104;PETRER;;03104A;0;0
17;COMUNIDAD VALENCIANA;3;ALICANTE;105;105;EL PINOS / PINOSO;;03105A;0;0
17;COMUNIDAD VALENCIANA;3;ALICANTE;106;106;PLANES;;03106A;0;0
17;COMUNIDAD VALENCIANA;3;ALICANTE;107;107;POLOP;;03107A;0;0
17;COMUNIDAD VALENCIANA;3;ALICANTE;109;109;RAFAL;;03109A;0;0
17;COMUNIDAD VALENCIANA;3;ALICANTE;110;110;EL RAFOL D'ALMUNIA;;03110A;0;0
17;COMUNIDAD VALENCIANA;3;ALICANTE;111;111;REDOVAN;;03111A;0;0
17;COMUNIDAD VALENCIANA;3;ALICANTE;112;112;RELLEU;;03112A;0;0
17;COMUNIDAD VALENCIANA;3;ALICANTE;113;113;ROJALES;;03113A;0;0
17;COMUNIDAD VALENCIANA;3;ALICANTE;114;114;LA ROMANA;;03114A;0;0
17;COMUNIDAD VALENCIANA;3;ALICANTE;115;115;SAGRA;;03115A;0;0
17;COMUNIDAD VALENCIANA;3;ALICANTE;116;116;SALINAS;;03116A;0;0
17;COMUNIDAD VALENCIANA;3;ALICANTE;117;117;SANET Y NEGRALS;;03117A;0;0
17;COMUNIDAD VALENCIANA;3;ALICANTE;118;118;SAN FULGENCIO;;03118A;0;0
17;COMUNIDAD VALENCIANA;3;ALICANTE;119;119;SANT JOAN D'ALACANT;;03119A;0;0
17;COMUNIDAD VALENCIANA;3;ALICANTE;120;120;SAN MIGUEL DE SALINAS;;03120A;0;0
17;COMUNIDAD VALENCIANA;3;ALICANTE;121;121;SANTA POLA;;03121A;0;0
17;COMUNIDAD VALENCIANA;3;ALICANTE;122;122;SAN VICENTE DEL RASPEIG / SANT;;03122A;0;0
17;COMUNIDAD VALENCIANA;3;ALICANTE;123;123;SAX;;03123A;0;0
17;COMUNIDAD VALENCIANA;3;ALICANTE;124;124;SELLA;;03124A;0;0
17;COMUNIDAD VALENCIANA;3;ALICANTE;125;125;SENIJA;;03125A;0;0
17;COMUNIDAD VALENCIANA;3;ALICANTE;127;127;TARBENA;;03127A;0;0
17;COMUNIDAD VALENCIANA;3;ALICANTE;128;128;TEULADA;;03128A;0;0
17;COMUNIDAD VALENCIANA;3;ALICANTE;129;129;TIBI;;03129A;0;0
17;COMUNIDAD VALENCIANA;3;ALICANTE;130;130;TOLLOS;;03130A;0;0
17;COMUNIDAD VALENCIANA;3;ALICANTE;131;131;TORMOS;;03131A;0;0
17;COMUNIDAD VALENCIANA;3;ALICANTE;132;132;TORREMANZANAS / LA TORRE DE;;03132A;0;0
17;COMUNIDAD VALENCIANA;3;ALICANTE;133;133;TORREVIEJA;;03133A;0;0
17;COMUNIDAD VALENCIANA;3;ALICANTE;134;134;LA VALL D' ALCALA;;03134A;0;0
17;COMUNIDAD VALENCIANA;3;ALICANTE;135;135;LA VALL D' EBO;;03135A;0;0
17;COMUNIDAD VALENCIANA;3;ALICANTE;136;136;VALL DE GALLINERA;;03136A;0;0
17;COMUNIDAD VALENCIANA;3;ALICANTE;137;137;LA VALL DE LAGUAR;;03137A;0;0
17;COMUNIDAD VALENCIANA;3;ALICANTE;138;138;EL VERGER;;03138A;0;0
17;COMUNIDAD VALENCIANA;3;ALICANTE;139;139;VILLAJOYOSA / LA VILA JOIOSA;;03139A;0;0
17;COMUNIDAD VALENCIANA;3;ALICANTE;140;140;VILLENA;;03140A;0;0
17;COMUNIDAD VALENCIANA;3;ALICANTE;901;126;ELS POBLETS;;03126A;0;0
17;COMUNIDAD VALENCIANA;3;ALICANTE;902;142;PILAR DE LA HORADADA;;03142A;0;0
17;COMUNIDAD VALENCIANA;3;ALICANTE;903;141;LOS MONTESINOS;;03141A;0;0
17;COMUNIDAD VALENCIANA;3;ALICANTE;904;143;SAN ISIDRO;;03143A;0;0
17;COMUNIDAD VALENCIANA;12;CASTELLÓN;1;1;ATZENETA DEL MAESTRAT;;12001A;0;0
17;COMUNIDAD VALENCIANA;12;CASTELLÓN;2;2;AIN;;12002A;0;0
17;COMUNIDAD VALENCIANA;12;CASTELLÓN;3;3;ALBOCASSER;;12003A;0;0
17;COMUNIDAD VALENCIANA;12;CASTELLÓN;4;4;ALCALA DE XIVERT;;12004A;0;0
17;COMUNIDAD VALENCIANA;12;CASTELLÓN;5;5;L'ALCORA;;12005A;0;0
17;COMUNIDAD VALENCIANA;12;CASTELLÓN;6;6;ALCUDIA DE VEO;;12006A;0;0
17;COMUNIDAD VALENCIANA;12;CASTELLÓN;7;7;ALFONDEGUILLA;;12007A;0;0
17;COMUNIDAD VALENCIANA;12;CASTELLÓN;8;8;ALGIMIA DE ALMONACID;;12008A;0;0
17;COMUNIDAD VALENCIANA;12;CASTELLÓN;9;9;ALMAZORA / ALMASSORA;;12009A;0;0
17;COMUNIDAD VALENCIANA;12;CASTELLÓN;10;10;ALMEDIJAR;;12010A;0;0
17;COMUNIDAD VALENCIANA;12;CASTELLÓN;11;11;ALMENARA;;12011A;0;0
17;COMUNIDAD VALENCIANA;12;CASTELLÓN;12;12;ALTURA;;12012A;0;0
17;COMUNIDAD VALENCIANA;12;CASTELLÓN;13;13;ARAÑUEL;;12013A;0;0
17;COMUNIDAD VALENCIANA;12;CASTELLÓN;14;14;ARES DEL MAESTRAT;;12014A;0;0
17;COMUNIDAD VALENCIANA;12;CASTELLÓN;15;15;ARGELITA;;12015A;0;0
17;COMUNIDAD VALENCIANA;12;CASTELLÓN;16;16;ARTANA;;12016A;0;0
17;COMUNIDAD VALENCIANA;12;CASTELLÓN;17;17;AYODAR;;12017A;0;0
17;COMUNIDAD VALENCIANA;12;CASTELLÓN;18;18;AZUEBAR;;12018A;0;0
17;COMUNIDAD VALENCIANA;12;CASTELLÓN;20;20;BARRACAS;;12020A;0;0
17;COMUNIDAD VALENCIANA;12;CASTELLÓN;21;21;BETXI;;12021A;0;0
17;COMUNIDAD VALENCIANA;12;CASTELLÓN;22;22;BEJIS;;12022A;0;0
17;COMUNIDAD VALENCIANA;12;CASTELLÓN;24;24;BENAFER;;12024A;0;0
17;COMUNIDAD VALENCIANA;12;CASTELLÓN;25;25;BENAFIGOS;;12025A;0;0
17;COMUNIDAD VALENCIANA;12;CASTELLÓN;26;26;BENASAL;;12026A;0;0
17;COMUNIDAD VALENCIANA;12;CASTELLÓN;27;27;BENICARLO;;12027A;0;0
17;COMUNIDAD VALENCIANA;12;CASTELLÓN;28;28;BENICASIM / BENICASSIM;;12028A;0;0
17;COMUNIDAD VALENCIANA;12;CASTELLÓN;29;29;BENLLOCH;;12029A;0;0
17;COMUNIDAD VALENCIANA;12;CASTELLÓN;31;31;BORRIOL;;12031A;0;0
17;COMUNIDAD VALENCIANA;12;CASTELLÓN;32;32;BORRIANA / BURRIANA;;12032A;0;0
17;COMUNIDAD VALENCIANA;12;CASTELLÓN;33;33;CABANES;;12033A;0;0
17;COMUNIDAD VALENCIANA;12;CASTELLÓN;34;34;CALIG;;12034A;0;0
17;COMUNIDAD VALENCIANA;12;CASTELLÓN;36;36;CANET LO ROIG;;12036A;0;0
17;COMUNIDAD VALENCIANA;12;CASTELLÓN;37;37;CASTELL DE CABRES;;12037A;0;0
17;COMUNIDAD VALENCIANA;12;CASTELLÓN;38;38;CASTELLFORT;;12038A;0;0
17;COMUNIDAD VALENCIANA;12;CASTELLÓN;39;39;CASTELLNOVO;;12039A;0;0
17;COMUNIDAD VALENCIANA;12;CASTELLÓN;40;900;CASTELLO DE LA PLANA;;12900A;0;0
17;COMUNIDAD VALENCIANA;12;CASTELLÓN;41;41;CASTILLO DE VILLAMALEFA;;12041A;0;0
17;COMUNIDAD VALENCIANA;12;CASTELLÓN;42;42;CATI;;12042A;0;0
17;COMUNIDAD VALENCIANA;12;CASTELLÓN;43;43;CAUDIEL;;12043A;0;0
17;COMUNIDAD VALENCIANA;12;CASTELLÓN;44;44;CERVERA DEL MAESTRE;;12044A;0;0
17;COMUNIDAD VALENCIANA;12;CASTELLÓN;45;45;CINCTORRES;;12045A;0;0
17;COMUNIDAD VALENCIANA;12;CASTELLÓN;46;46;CIRAT;;12046A;0;0
17;COMUNIDAD VALENCIANA;12;CASTELLÓN;48;48;CORTES DE ARENOSO;;12048A;0;0
17;COMUNIDAD VALENCIANA;12;CASTELLÓN;49;49;COSTUR;;12049A;0;0
17;COMUNIDAD VALENCIANA;12;CASTELLÓN;50;50;COVES DE VINROMA LES;;12050A;0;0
17;COMUNIDAD VALENCIANA;12;CASTELLÓN;51;51;CULLA;;12051A;0;0
17;COMUNIDAD VALENCIANA;12;CASTELLÓN;52;52;CHERT / XERT;;12052A;0;0
17;COMUNIDAD VALENCIANA;12;CASTELLÓN;53;53;CHILCHES/XILXES;;12053A;0;0
17;COMUNIDAD VALENCIANA;12;CASTELLÓN;55;55;CHODOS / XODOS;;12055A;0;0
17;COMUNIDAD VALENCIANA;12;CASTELLÓN;56;56;CHOVAR;;12056A;0;0
17;COMUNIDAD VALENCIANA;12;CASTELLÓN;57;57;ESLIDA;;12057A;0;0
17;COMUNIDAD VALENCIANA;12;CASTELLÓN;58;58;ESPADILLA;;12058A;0;0
17;COMUNIDAD VALENCIANA;12;CASTELLÓN;59;59;FANZARA;;12059A;0;0
17;COMUNIDAD VALENCIANA;12;CASTELLÓN;60;60;FIGUEROLES;;12060A;0;0
17;COMUNIDAD VALENCIANA;12;CASTELLÓN;61;61;FORCALL;;12061A;0;0
17;COMUNIDAD VALENCIANA;12;CASTELLÓN;63;63;FUENTE LA REINA;;12063A;0;0
17;COMUNIDAD VALENCIANA;12;CASTELLÓN;64;64;FUENTES DE AYODAR;;12064A;0;0
17;COMUNIDAD VALENCIANA;12;CASTELLÓN;65;65;GAIBIEL;;12065A;0;0
17;COMUNIDAD VALENCIANA;12;CASTELLÓN;67;67;GELDO;;12067A;0;0
17;COMUNIDAD VALENCIANA;12;CASTELLÓN;68;68;HERBES;;12068A;0;0
17;COMUNIDAD VALENCIANA;12;CASTELLÓN;69;69;HIGUERAS;;12069A;0;0
17;COMUNIDAD VALENCIANA;12;CASTELLÓN;70;70;LA JANA;;12070A;0;0
17;COMUNIDAD VALENCIANA;12;CASTELLÓN;71;71;JERICA;;12071A;0;0
17;COMUNIDAD VALENCIANA;12;CASTELLÓN;72;72;LUCENA DEL CID;;12072A;0;0
17;COMUNIDAD VALENCIANA;12;CASTELLÓN;73;73;LUDIENTE;;12073A;0;0
17;COMUNIDAD VALENCIANA;12;CASTELLÓN;74;74;LA LLOSA;;12074A;0;0
17;COMUNIDAD VALENCIANA;12;CASTELLÓN;75;75;LA MATA;;12075A;0;0
17;COMUNIDAD VALENCIANA;12;CASTELLÓN;76;76;MATET;;12076A;0;0
17;COMUNIDAD VALENCIANA;12;CASTELLÓN;77;77;MONCOFA;;12077A;0;0
17;COMUNIDAD VALENCIANA;12;CASTELLÓN;78;78;MONTAN;;12078A;0;0
17;COMUNIDAD VALENCIANA;12;CASTELLÓN;79;79;MONTANEJOS;;12079A;0;0
17;COMUNIDAD VALENCIANA;12;CASTELLÓN;80;80;MORELLA;;12080A;0;0
17;COMUNIDAD VALENCIANA;12;CASTELLÓN;81;81;NAVAJAS;;12081A;0;0
17;COMUNIDAD VALENCIANA;12;CASTELLÓN;82;82;NULES;;12082A;0;0
17;COMUNIDAD VALENCIANA;12;CASTELLÓN;83;83;OLOCAU DEL REY;;12083A;0;0
17;COMUNIDAD VALENCIANA;12;CASTELLÓN;84;84;ONDA;;12084A;0;0
17;COMUNIDAD VALENCIANA;12;CASTELLÓN;85;85;ORPESA/OROPESA DEL MAR;;12085A;0;0
17;COMUNIDAD VALENCIANA;12;CASTELLÓN;87;87;PALANQUES;;12087A;0;0
17;COMUNIDAD VALENCIANA;12;CASTELLÓN;88;88;PAVIAS;;12088A;0;0
17;COMUNIDAD VALENCIANA;12;CASTELLÓN;89;89;PENISCOLA / PEÑISCOLA;;12089A;0;0
17;COMUNIDAD VALENCIANA;12;CASTELLÓN;90;90;PINA DE MONTALGRAO;;12090A;0;0
17;COMUNIDAD VALENCIANA;12;CASTELLÓN;91;91;PORTELL DE MORELLA;;12091A;0;0
17;COMUNIDAD VALENCIANA;12;CASTELLÓN;92;92;PUEBLA DE ARENOSO;;12092A;0;0
17;COMUNIDAD VALENCIANA;12;CASTELLÓN;93;93;LA POBLA DE BENIFASSA;;12093A;0;0
17;COMUNIDAD VALENCIANA;12;CASTELLÓN;94;94;LA POBLA TORNESA;;12094A;0;0
17;COMUNIDAD VALENCIANA;12;CASTELLÓN;95;95;RIBESALBES;;12095A;0;0
17;COMUNIDAD VALENCIANA;12;CASTELLÓN;96;96;ROSSELL;;12096A;0;0
17;COMUNIDAD VALENCIANA;12;CASTELLÓN;97;97;SACAÑET;;12097A;0;0
17;COMUNIDAD VALENCIANA;12;CASTELLÓN;98;98;LA SALZADELLA;;12098A;0;0
17;COMUNIDAD VALENCIANA;12;CASTELLÓN;99;99;SANT JORDI/SAN JORGE;;12099A;0;0
17;COMUNIDAD VALENCIANA;12;CASTELLÓN;100;100;SANT MATEU;;12100A;0;0
17;COMUNIDAD VALENCIANA;12;CASTELLÓN;101;101;SAN RAFAEL DEL RIO;;12101A;0;0
17;COMUNIDAD VALENCIANA;12;CASTELLÓN;102;102;SANTA MAGDALENA DE PULPIS;;12102A;0;0
17;COMUNIDAD VALENCIANA;12;CASTELLÓN;103;103;LA SERRATELLA;;12103A;0;0
17;COMUNIDAD VALENCIANA;12;CASTELLÓN;104;104;SEGORBE;;12104A;0;0
17;COMUNIDAD VALENCIANA;12;CASTELLÓN;105;105;SIERRA-ENGARCERAN;;12105A;0;0
17;COMUNIDAD VALENCIANA;12;CASTELLÓN;106;106;SONEJA;;12106A;0;0
17;COMUNIDAD VALENCIANA;12;CASTELLÓN;107;107;SOT DE FERRER;;12107A;0;0
17;COMUNIDAD VALENCIANA;12;CASTELLÓN;108;108;SUERAS;;12108A;0;0
17;COMUNIDAD VALENCIANA;12;CASTELLÓN;109;109;TALES;;12109A;0;0
17;COMUNIDAD VALENCIANA;12;CASTELLÓN;110;110;TERESA;;12110A;0;0
17;COMUNIDAD VALENCIANA;12;CASTELLÓN;111;111;TIRIG;;12111A;0;0
17;COMUNIDAD VALENCIANA;12;CASTELLÓN;112;112;TODOLELLA;;12112A;0;0
17;COMUNIDAD VALENCIANA;12;CASTELLÓN;113;113;TOGA;;12113A;0;0
17;COMUNIDAD VALENCIANA;12;CASTELLÓN;114;114;TORAS;;12114A;0;0
17;COMUNIDAD VALENCIANA;12;CASTELLÓN;115;115;EL TORO;;12115A;0;0
17;COMUNIDAD VALENCIANA;12;CASTELLÓN;116;116;TORRALBA DEL PINAR;;12116A;0;0
17;COMUNIDAD VALENCIANA;12;CASTELLÓN;117;117;TORREBLANCA;;12117A;0;0
17;COMUNIDAD VALENCIANA;12;CASTELLÓN;118;118;TORRECHIVA;;12118A;0;0
17;COMUNIDAD VALENCIANA;12;CASTELLÓN;119;119;LA TORRE D'EN BESORA;;12119A;0;0
17;COMUNIDAD VALENCIANA;12;CASTELLÓN;120;120;TORRE D'EN DOMENEC;;12120A;0;0
17;COMUNIDAD VALENCIANA;12;CASTELLÓN;121;121;TRAIGUERA;;12121A;0;0
17;COMUNIDAD VALENCIANA;12;CASTELLÓN;122;122;USERAS / LES USERES;;12122A;0;0
17;COMUNIDAD VALENCIANA;12;CASTELLÓN;123;123;VALLAT;;12123A;0;0
17;COMUNIDAD VALENCIANA;12;CASTELLÓN;124;124;VALL D'ALBA;;12124A;0;0
17;COMUNIDAD VALENCIANA;12;CASTELLÓN;125;125;VALL DE ALMONACID;;12125A;0;0
17;COMUNIDAD VALENCIANA;12;CASTELLÓN;126;126;LA VALL D'UIXO;;12126A;0;0
17;COMUNIDAD VALENCIANA;12;CASTELLÓN;127;127;VALLIBONA;;12127A;0;0
17;COMUNIDAD VALENCIANA;12;CASTELLÓN;128;128;VILAFAMES;;12128A;0;0
17;COMUNIDAD VALENCIANA;12;CASTELLÓN;129;129;VILAFRANCA/VILLAFRANCA DEL CID;;12129A;0;0
17;COMUNIDAD VALENCIANA;12;CASTELLÓN;130;130;VILLAHERMOSA DEL RIO;;12130A;0;0
17;COMUNIDAD VALENCIANA;12;CASTELLÓN;131;131;VILLAMALUR;;12131A;0;0
17;COMUNIDAD VALENCIANA;12;CASTELLÓN;132;132;VILANOVA D'ALCOLEA;;12132A;0;0
17;COMUNIDAD VALENCIANA;12;CASTELLÓN;133;133;VILLANUEVA DE VIVER;;12133A;0;0
17;COMUNIDAD VALENCIANA;12;CASTELLÓN;134;134;VILAR DE CANES;;12134A;0;0
17;COMUNIDAD VALENCIANA;12;CASTELLÓN;135;135;VILA-REAL;;12135A;0;0
17;COMUNIDAD VALENCIANA;12;CASTELLÓN;136;136;LA VILAVELLA;;12136A;0;0
17;COMUNIDAD VALENCIANA;12;CASTELLÓN;137;137;VILLORES;;12137A;0;0
17;COMUNIDAD VALENCIANA;12;CASTELLÓN;138;138;VINAROS;;12138A;0;0
17;COMUNIDAD VALENCIANA;12;CASTELLÓN;139;139;VISTABELLA DEL MAESTRAZGO;;12139A;0;0
17;COMUNIDAD VALENCIANA;12;CASTELLÓN;140;140;VIVER;;12140A;0;0
17;COMUNIDAD VALENCIANA;12;CASTELLÓN;141;141;ZORITA DEL MAESTRAZGO;;12141A;0;0
17;COMUNIDAD VALENCIANA;12;CASTELLÓN;142;142;ZUCAINA;;12142A;0;0
17;COMUNIDAD VALENCIANA;12;CASTELLÓN;901;143;ALQUERIAS DEL NIÑO PERDIDO;;12143A;0;0
17;COMUNIDAD VALENCIANA;12;CASTELLÓN;902;144;SANT JOAN DE MORO;;12144A;0;0
17;COMUNIDAD VALENCIANA;46;VALENCIA;1;1;ADEMUZ;;46001A;0;0
17;COMUNIDAD VALENCIANA;46;VALENCIA;2;2;ADOR;;46002A;0;0
17;COMUNIDAD VALENCIANA;46;VALENCIA;3;3;ATZENETA D'ALBAIDA;;46003A;0;0
17;COMUNIDAD VALENCIANA;46;VALENCIA;4;4;AGULLENT;;46004A;0;0
17;COMUNIDAD VALENCIANA;46;VALENCIA;5;5;ALAQUAS;;46005A;0;0
17;COMUNIDAD VALENCIANA;46;VALENCIA;6;6;ALBAIDA;;46006A;0;0
17;COMUNIDAD VALENCIANA;46;VALENCIA;7;7;ALBAL;;46007A;0;0
17;COMUNIDAD VALENCIANA;46;VALENCIA;8;8;ALBALAT DE LA RIBERA;;46008A;0;0
17;COMUNIDAD VALENCIANA;46;VALENCIA;9;9;ALBALAT DELS SORELLS;;46009A;0;0
17;COMUNIDAD VALENCIANA;46;VALENCIA;10;10;ALBALAT DELS TARONGERS;;46010A;0;0
17;COMUNIDAD VALENCIANA;46;VALENCIA;11;11;ALBERIC;;46011A;0;0
17;COMUNIDAD VALENCIANA;46;VALENCIA;12;12;ALBORACHE;;46012A;0;0
17;COMUNIDAD VALENCIANA;46;VALENCIA;13;13;ALBORAYA;;46013A;0;0
17;COMUNIDAD VALENCIANA;46;VALENCIA;14;14;ALBUIXECH;;46014A;0;0
17;COMUNIDAD VALENCIANA;46;VALENCIA;15;15;ALCASSER;;46015A;0;0
17;COMUNIDAD VALENCIANA;46;VALENCIA;16;16;ALCANTERA DE XUQUER;;46016A;0;0
17;COMUNIDAD VALENCIANA;46;VALENCIA;17;17;ALZIRA;;46017A;0;0
17;COMUNIDAD VALENCIANA;46;VALENCIA;18;18;ALCUBLAS;;46018A;0;0
17;COMUNIDAD VALENCIANA;46;VALENCIA;19;19;L'ALCUDIA;;46019A;0;0
17;COMUNIDAD VALENCIANA;46;VALENCIA;20;20;L'ALCUDIA DE CRESPINS;;46020A;0;0
17;COMUNIDAD VALENCIANA;46;VALENCIA;21;21;ALDAIA;;46021A;0;0
17;COMUNIDAD VALENCIANA;46;VALENCIA;22;22;ALFAFAR;;46022A;0;0
17;COMUNIDAD VALENCIANA;46;VALENCIA;23;23;ALFAUIR;;46023A;0;0
17;COMUNIDAD VALENCIANA;46;VALENCIA;24;24;ALFARA DE LA BARONIA;;46024A;0;0
17;COMUNIDAD VALENCIANA;46;VALENCIA;25;25;ALFARA DEL PATRIARCA;;46025A;0;0
17;COMUNIDAD VALENCIANA;46;VALENCIA;26;26;ALFARP;;46026A;0;0
17;COMUNIDAD VALENCIANA;46;VALENCIA;27;27;ALFARRASI;;46027A;0;0
17;COMUNIDAD VALENCIANA;46;VALENCIA;28;28;ALGAR DE PALANCIA;;46028A;0;0
17;COMUNIDAD VALENCIANA;46;VALENCIA;29;29;ALGEMESI;;46029A;0;0
17;COMUNIDAD VALENCIANA;46;VALENCIA;30;30;ALGIMIA DE ALFARA;;46030A;0;0
17;COMUNIDAD VALENCIANA;46;VALENCIA;31;31;ALGINET;;46031A;0;0
17;COMUNIDAD VALENCIANA;46;VALENCIA;32;32;ALMASSERA;;46032A;0;0
17;COMUNIDAD VALENCIANA;46;VALENCIA;33;33;ALMISERA;;46033A;0;0
17;COMUNIDAD VALENCIANA;46;VALENCIA;34;34;ALMOINES;;46034A;0;0
17;COMUNIDAD VALENCIANA;46;VALENCIA;35;35;ALMUSSAFES;;46035A;0;0
17;COMUNIDAD VALENCIANA;46;VALENCIA;36;36;ALPUENTE;;46036A;0;0
17;COMUNIDAD VALENCIANA;46;VALENCIA;37;37;L'ALQUERIA DE LA COMTESSA;;46037A;0;0
17;COMUNIDAD VALENCIANA;46;VALENCIA;38;38;ANDILLA;;46038A;0;0
17;COMUNIDAD VALENCIANA;46;VALENCIA;39;39;ANNA;;46039A;0;0
17;COMUNIDAD VALENCIANA;46;VALENCIA;40;40;ANTELLA;;46040A;0;0
17;COMUNIDAD VALENCIANA;46;VALENCIA;41;41;ARAS DE LOS OLMOS;;46041A;0;0
17;COMUNIDAD VALENCIANA;46;VALENCIA;42;42;AIELO DE MALFERIT;;46042A;0;0
17;COMUNIDAD VALENCIANA;46;VALENCIA;43;43;AIELO DE RUGAT;;46043A;0;0
17;COMUNIDAD VALENCIANA;46;VALENCIA;44;44;AYORA;;46044A;0;0
17;COMUNIDAD VALENCIANA;46;VALENCIA;45;45;BARXETA;;46045A;0;0
17;COMUNIDAD VALENCIANA;46;VALENCIA;46;46;BARX;;46046A;0;0
17;COMUNIDAD VALENCIANA;46;VALENCIA;47;47;BELGIDA;;46047A;0;0
17;COMUNIDAD VALENCIANA;46;VALENCIA;48;48;BELLREGUARD;;46048A;0;0
17;COMUNIDAD VALENCIANA;46;VALENCIA;49;49;BELLUS;;46049A;0;0
17;COMUNIDAD VALENCIANA;46;VALENCIA;50;50;BENAGEBER;;46050A;0;0
17;COMUNIDAD VALENCIANA;46;VALENCIA;51;51;BENAGUASIL;;46051A;0;0
17;COMUNIDAD VALENCIANA;46;VALENCIA;52;52;BENAVITES;;46052A;0;0
17;COMUNIDAD VALENCIANA;46;VALENCIA;53;53;BENEIXIDA;;46053A;0;0
17;COMUNIDAD VALENCIANA;46;VALENCIA;54;54;BENETUSSER;;46054A;0;0
17;COMUNIDAD VALENCIANA;46;VALENCIA;55;55;BENIARJO;;46055A;0;0
17;COMUNIDAD VALENCIANA;46;VALENCIA;56;56;BENIATJAR;;46056A;0;0
17;COMUNIDAD VALENCIANA;46;VALENCIA;57;57;BENICOLET;;46057A;0;0
17;COMUNIDAD VALENCIANA;46;VALENCIA;58;58;BENIFAIRO DE LES VALLS;;46058A;0;0
17;COMUNIDAD VALENCIANA;46;VALENCIA;59;59;BENIFAIRO DE LA VALLDIGNA;;46059A;0;0
17;COMUNIDAD VALENCIANA;46;VALENCIA;60;60;BENIFAIO;;46060A;0;0
17;COMUNIDAD VALENCIANA;46;VALENCIA;61;61;BENIFLA;;46061A;0;0
17;COMUNIDAD VALENCIANA;46;VALENCIA;62;62;BENIGANIM;;46062A;0;0
17;COMUNIDAD VALENCIANA;46;VALENCIA;63;63;BENIMODO;;46063A;0;0
17;COMUNIDAD VALENCIANA;46;VALENCIA;64;64;BENIMUSLEM;;46064A;0;0
17;COMUNIDAD VALENCIANA;46;VALENCIA;65;66;BENIPARRELL;;46066A;0;0
17;COMUNIDAD VALENCIANA;46;VALENCIA;66;68;BENIRREDRA;;46068A;0;0
17;COMUNIDAD VALENCIANA;46;VALENCIA;67;69;BENISANO;;46069A;0;0
17;COMUNIDAD VALENCIANA;46;VALENCIA;68;70;BENISSODA;;46070A;0;0
17;COMUNIDAD VALENCIANA;46;VALENCIA;69;71;BENISUERA;;46071A;0;0
17;COMUNIDAD VALENCIANA;46;VALENCIA;70;72;BETERA;;46072A;0;0
17;COMUNIDAD VALENCIANA;46;VALENCIA;71;73;BICORP;;46073A;0;0
17;COMUNIDAD VALENCIANA;46;VALENCIA;72;74;BOCAIRENT;;46074A;0;0
17;COMUNIDAD VALENCIANA;46;VALENCIA;73;75;BOLBAITE;;46075A;0;0
17;COMUNIDAD VALENCIANA;46;VALENCIA;74;76;BONREPOS I MIRAMBELL;;46076A;0;0
17;COMUNIDAD VALENCIANA;46;VALENCIA;75;77;BUFALI;;46077A;0;0
17;COMUNIDAD VALENCIANA;46;VALENCIA;76;78;BUGARRA;;46078A;0;0
17;COMUNIDAD VALENCIANA;46;VALENCIA;77;79;BUÑOL;;46079A;0;0
17;COMUNIDAD VALENCIANA;46;VALENCIA;78;80;BURJASSOT;;46080A;0;0
17;COMUNIDAD VALENCIANA;46;VALENCIA;79;81;CALLES;;46081A;0;0
17;COMUNIDAD VALENCIANA;46;VALENCIA;80;82;CAMPORROBLES;;46082A;0;0
17;COMUNIDAD VALENCIANA;46;VALENCIA;81;83;CANALS;;46083A;0;0
17;COMUNIDAD VALENCIANA;46;VALENCIA;82;84;CANET D'EN BERENGUER;;46084A;0;0
17;COMUNIDAD VALENCIANA;46;VALENCIA;83;85;CARCAIXENT;;46085A;0;0
17;COMUNIDAD VALENCIANA;46;VALENCIA;84;86;CARCER;;46086A;0;0
17;COMUNIDAD VALENCIANA;46;VALENCIA;85;87;CARLET;;46087A;0;0
17;COMUNIDAD VALENCIANA;46;VALENCIA;86;88;CARRICOLA;;46088A;0;0
17;COMUNIDAD VALENCIANA;46;VALENCIA;87;89;CASAS ALTAS;;46089A;0;0
17;COMUNIDAD VALENCIANA;46;VALENCIA;88;90;CASAS BAJAS;;46090A;0;0
17;COMUNIDAD VALENCIANA;46;VALENCIA;89;91;CASINOS;;46091A;0;0
17;COMUNIDAD VALENCIANA;46;VALENCIA;90;92;CASTELLO DE RUGAT;;46092A;0;0
17;COMUNIDAD VALENCIANA;46;VALENCIA;91;93;CASTELLONET DE LA CONQUESTA;;46093A;0;0
17;COMUNIDAD VALENCIANA;46;VALENCIA;92;94;CASTIELFABIB;;46094A;0;0
17;COMUNIDAD VALENCIANA;46;VALENCIA;93;95;CATADAU;;46095A;0;0
17;COMUNIDAD VALENCIANA;46;VALENCIA;94;96;CATARROJA;;46096A;0;0
17;COMUNIDAD VALENCIANA;46;VALENCIA;95;97;CAUDETE DE LAS FUENTES;;46097A;0;0
17;COMUNIDAD VALENCIANA;46;VALENCIA;96;98;CERDA;;46098A;0;0
17;COMUNIDAD VALENCIANA;46;VALENCIA;97;99;COFRENTES;;46099A;0;0
17;COMUNIDAD VALENCIANA;46;VALENCIA;98;100;CORBERA;;46100A;0;0
17;COMUNIDAD VALENCIANA;46;VALENCIA;99;101;CORTES DE PALLAS;;46101A;0;0
17;COMUNIDAD VALENCIANA;46;VALENCIA;100;102;COTES;;46102A;0;0
17;COMUNIDAD VALENCIANA;46;VALENCIA;101;103;QUART DE LES VALLS;;46103A;0;0
17;COMUNIDAD VALENCIANA;46;VALENCIA;102;104;QUART DE POBLET;;46104A;0;0
17;COMUNIDAD VALENCIANA;46;VALENCIA;103;105;QUARTELL;;46105A;0;0
17;COMUNIDAD VALENCIANA;46;VALENCIA;104;106;QUATRETONDA;;46106A;0;0
17;COMUNIDAD VALENCIANA;46;VALENCIA;105;107;CULLERA;;46107A;0;0
17;COMUNIDAD VALENCIANA;46;VALENCIA;106;108;CHELVA;;46108A;0;0
17;COMUNIDAD VALENCIANA;46;VALENCIA;107;109;CHELLA;;46109A;0;0
17;COMUNIDAD VALENCIANA;46;VALENCIA;108;110;CHERA;;46110A;0;0
17;COMUNIDAD VALENCIANA;46;VALENCIA;109;111;CHESTE;;46111A;0;0
17;COMUNIDAD VALENCIANA;46;VALENCIA;110;112;XIRIVELLA;;46112A;0;0
17;COMUNIDAD VALENCIANA;46;VALENCIA;111;113;CHIVA;;46113A;0;0
17;COMUNIDAD VALENCIANA;46;VALENCIA;112;114;CHULILLA;;46114A;0;0
17;COMUNIDAD VALENCIANA;46;VALENCIA;113;115;DAIMUS;;46115A;0;0
17;COMUNIDAD VALENCIANA;46;VALENCIA;114;116;DOMEÑO;;46116A;0;0
17;COMUNIDAD VALENCIANA;46;VALENCIA;115;117;DOS AGUAS;;46117A;0;0
17;COMUNIDAD VALENCIANA;46;VALENCIA;116;118;L'ELIANA;;46118A;0;0
17;COMUNIDAD VALENCIANA;46;VALENCIA;117;119;EMPERADOR;;46119A;0;0
17;COMUNIDAD VALENCIANA;46;VALENCIA;118;120;ENGUERA;;46120A;0;0
17;COMUNIDAD VALENCIANA;46;VALENCIA;119;121;L'ENOVA;;46121A;0;0
17;COMUNIDAD VALENCIANA;46;VALENCIA;120;122;ESTIVELLA;;46122A;0;0
17;COMUNIDAD VALENCIANA;46;VALENCIA;121;123;ESTUBENY;;46123A;0;0
17;COMUNIDAD VALENCIANA;46;VALENCIA;122;124;FAURA;;46124A;0;0
17;COMUNIDAD VALENCIANA;46;VALENCIA;123;125;FAVARA;;46125A;0;0
17;COMUNIDAD VALENCIANA;46;VALENCIA;124;126;FONTANARS DELS ALFORINS;;46126A;0;0
17;COMUNIDAD VALENCIANA;46;VALENCIA;125;127;FORTALENY;;46127A;0;0
17;COMUNIDAD VALENCIANA;46;VALENCIA;126;128;FOIOS;;46128A;0;0
17;COMUNIDAD VALENCIANA;46;VALENCIA;127;129;LA FONT D'EN CARROS;;46129A;0;0
17;COMUNIDAD VALENCIANA;46;VALENCIA;128;130;LA FONT DE LA FIGUERA;;46130A;0;0
17;COMUNIDAD VALENCIANA;46;VALENCIA;129;131;FUENTERROBLES;;46131A;0;0
17;COMUNIDAD VALENCIANA;46;VALENCIA;130;132;GAVARDA;;46132A;0;0
17;COMUNIDAD VALENCIANA;46;VALENCIA;131;133;GANDIA;;46133A;0;0
17;COMUNIDAD VALENCIANA;46;VALENCIA;132;134;GENOVES;;46134A;0;0
17;COMUNIDAD VALENCIANA;46;VALENCIA;133;135;GESTALGAR;;46135A;0;0
17;COMUNIDAD VALENCIANA;46;VALENCIA;134;136;GILET;;46136A;0;0
17;COMUNIDAD VALENCIANA;46;VALENCIA;135;137;GODELLA;;46137A;0;0
17;COMUNIDAD VALENCIANA;46;VALENCIA;136;138;GODELLETA;;46138A;0;0
17;COMUNIDAD VALENCIANA;46;VALENCIA;137;139;LA GRANJA DE LA COSTERA;;46139A;0;0
17;COMUNIDAD VALENCIANA;46;VALENCIA;138;140;GUADASSEQUIES;;46140A;0;0
17;COMUNIDAD VALENCIANA;46;VALENCIA;139;141;GUADASSUAR;;46141A;0;0
17;COMUNIDAD VALENCIANA;46;VALENCIA;140;142;GUARDAMAR DE LA SAFOR;;46142A;0;0
17;COMUNIDAD VALENCIANA;46;VALENCIA;141;143;HIGUERUELAS;;46143A;0;0
17;COMUNIDAD VALENCIANA;46;VALENCIA;142;144;JALANCE;;46144A;0;0
17;COMUNIDAD VALENCIANA;46;VALENCIA;143;145;XERACO;;46145A;0;0
17;COMUNIDAD VALENCIANA;46;VALENCIA;144;146;JARAFUEL;;46146A;0;0
17;COMUNIDAD VALENCIANA;46;VALENCIA;145;147;XATIVA;;46147A;0;0
17;COMUNIDAD VALENCIANA;46;VALENCIA;146;148;XERESA;;46148A;0;0
17;COMUNIDAD VALENCIANA;46;VALENCIA;147;149;LLIRIA;;46149A;0;0
17;COMUNIDAD VALENCIANA;46;VALENCIA;148;150;LORIGUILLA;;46150A;0;0
17;COMUNIDAD VALENCIANA;46;VALENCIA;149;151;LOSA DEL OBISPO;;46151A;0;0
17;COMUNIDAD VALENCIANA;46;VALENCIA;150;152;LLUTXENT;;46152A;0;0
17;COMUNIDAD VALENCIANA;46;VALENCIA;151;153;LLOCNOU D'EN FENOLLET;;46153A;0;0
17;COMUNIDAD VALENCIANA;46;VALENCIA;152;154;LLOCNOU DE LA CORONA;;46154A;0;0
17;COMUNIDAD VALENCIANA;46;VALENCIA;153;155;LLOCNOU DE SANT JERONI;;46155A;0;0
17;COMUNIDAD VALENCIANA;46;VALENCIA;154;156;LLANERA DE RANES;;46156A;0;0
17;COMUNIDAD VALENCIANA;46;VALENCIA;155;157;LLAURI;;46157A;0;0
17;COMUNIDAD VALENCIANA;46;VALENCIA;156;158;LLOMBAI;;46158A;0;0
17;COMUNIDAD VALENCIANA;46;VALENCIA;157;159;LA LLOSA DE RANES;;46159A;0;0
17;COMUNIDAD VALENCIANA;46;VALENCIA;158;160;MACASTRE;;46160A;0;0
17;COMUNIDAD VALENCIANA;46;VALENCIA;159;161;MANISES;;46161A;0;0
17;COMUNIDAD VALENCIANA;46;VALENCIA;160;162;MANUEL;;46162A;0;0
17;COMUNIDAD VALENCIANA;46;VALENCIA;161;163;MARINES;;46163A;0;0
17;COMUNIDAD VALENCIANA;46;VALENCIA;162;164;MASSALAVES;;46164A;0;0
17;COMUNIDAD VALENCIANA;46;VALENCIA;163;165;MASSALFASSAR;;46165A;0;0
17;COMUNIDAD VALENCIANA;46;VALENCIA;164;166;MASSAMAGRELL;;46166A;0;0
17;COMUNIDAD VALENCIANA;46;VALENCIA;165;167;MASSANASSA;;46167A;0;0
17;COMUNIDAD VALENCIANA;46;VALENCIA;166;168;MELIANA;;46168A;0;0
17;COMUNIDAD VALENCIANA;46;VALENCIA;167;169;MILLARES;;46169A;0;0
17;COMUNIDAD VALENCIANA;46;VALENCIA;168;170;MIRAMAR;;46170A;0;0
17;COMUNIDAD VALENCIANA;46;VALENCIA;169;171;MISLATA;;46171A;0;0
17;COMUNIDAD VALENCIANA;46;VALENCIA;170;172;MOIXENT / MOGENTE;;46172A;0;0
17;COMUNIDAD VALENCIANA;46;VALENCIA;171;173;MONCADA;;46173A;0;0
17;COMUNIDAD VALENCIANA;46;VALENCIA;172;174;MONTSERRAT;;46174A;0;0
17;COMUNIDAD VALENCIANA;46;VALENCIA;173;175;MONTAVERNER;;46175A;0;0
17;COMUNIDAD VALENCIANA;46;VALENCIA;174;176;MONTESA;;46176A;0;0
17;COMUNIDAD VALENCIANA;46;VALENCIA;175;177;MONTITXELVO/MONTICHELVO;;46177A;0;0
17;COMUNIDAD VALENCIANA;46;VALENCIA;176;178;MONTROI/MONTROY;;46178A;0;0
17;COMUNIDAD VALENCIANA;46;VALENCIA;177;179;MUSEROS;;46179A;0;0
17;COMUNIDAD VALENCIANA;46;VALENCIA;178;180;NAQUERA;;46180A;0;0
17;COMUNIDAD VALENCIANA;46;VALENCIA;179;181;NAVARRES;;46181A;0;0
17;COMUNIDAD VALENCIANA;46;VALENCIA;180;182;NOVELE / NOVETLE;;46182A;0;0
17;COMUNIDAD VALENCIANA;46;VALENCIA;181;183;OLIVA;;46183A;0;0
17;COMUNIDAD VALENCIANA;46;VALENCIA;182;184;OLOCAU;;46184A;0;0
17;COMUNIDAD VALENCIANA;46;VALENCIA;183;185;L'OLLERIA;;46185A;0;0
17;COMUNIDAD VALENCIANA;46;VALENCIA;184;186;ONTINYENT;;46186A;0;0
17;COMUNIDAD VALENCIANA;46;VALENCIA;185;187;OTOS;;46187A;0;0
17;COMUNIDAD VALENCIANA;46;VALENCIA;186;188;PAIPORTA;;46188A;0;0
17;COMUNIDAD VALENCIANA;46;VALENCIA;187;189;PALMA DE GANDIA;;46189A;0;0
17;COMUNIDAD VALENCIANA;46;VALENCIA;188;190;PALMERA;;46190A;0;0
17;COMUNIDAD VALENCIANA;46;VALENCIA;189;191;EL PALOMAR;;46191A;0;0
17;COMUNIDAD VALENCIANA;46;VALENCIA;190;192;PATERNA;;46192A;0;0
17;COMUNIDAD VALENCIANA;46;VALENCIA;191;193;PEDRALBA;;46193A;0;0
17;COMUNIDAD VALENCIANA;46;VALENCIA;192;194;PETRES;;46194A;0;0
17;COMUNIDAD VALENCIANA;46;VALENCIA;193;195;PICANYA;;46195A;0;0
17;COMUNIDAD VALENCIANA;46;VALENCIA;194;196;PICASSENT;;46196A;0;0
17;COMUNIDAD VALENCIANA;46;VALENCIA;195;197;PILES;;46197A;0;0
17;COMUNIDAD VALENCIANA;46;VALENCIA;196;198;PINET;;46198A;0;0
17;COMUNIDAD VALENCIANA;46;VALENCIA;197;199;POLINYA DE XUQUER;;46199A;0;0
17;COMUNIDAD VALENCIANA;46;VALENCIA;198;200;POTRIES;;46200A;0;0
17;COMUNIDAD VALENCIANA;46;VALENCIA;199;201;LA POBLA DE FARNALS;;46201A;0;0
17;COMUNIDAD VALENCIANA;46;VALENCIA;200;202;LA POBLA DEL DUC;;46202A;0;0
17;COMUNIDAD VALENCIANA;46;VALENCIA;201;203;PUEBLA DE SAN MIGUEL;;46203A;0;0
17;COMUNIDAD VALENCIANA;46;VALENCIA;202;204;LA POBLA DE VALLBONA;;46204A;0;0
17;COMUNIDAD VALENCIANA;46;VALENCIA;203;205;LA POBLA LLARGA;;46205A;0;0
17;COMUNIDAD VALENCIANA;46;VALENCIA;204;206;EL PUIG DE SANTA MARIA;;46206A;0;0
17;COMUNIDAD VALENCIANA;46;VALENCIA;205;207;PUÇOL;;46207A;0;0
17;COMUNIDAD VALENCIANA;46;VALENCIA;206;208;QUESA;;46208A;0;0
17;COMUNIDAD VALENCIANA;46;VALENCIA;207;209;RAFELBUNYOL;;46209A;0;0
17;COMUNIDAD VALENCIANA;46;VALENCIA;208;210;RAFELCOFER;;46210A;0;0
17;COMUNIDAD VALENCIANA;46;VALENCIA;209;211;RAFELGUARAF;;46211A;0;0
17;COMUNIDAD VALENCIANA;46;VALENCIA;210;212;RAFOL DE SALEM;;46212A;0;0
17;COMUNIDAD VALENCIANA;46;VALENCIA;211;213;REAL DE GANDIA;;46213A;0;0
17;COMUNIDAD VALENCIANA;46;VALENCIA;212;214;REAL;;46214A;0;0
17;COMUNIDAD VALENCIANA;46;VALENCIA;213;215;REQUENA;;46215A;0;0
17;COMUNIDAD VALENCIANA;46;VALENCIA;214;216;RIBA-ROJA DE TURIA;;46216A;0;0
17;COMUNIDAD VALENCIANA;46;VALENCIA;215;217;RIOLA;;46217A;0;0
17;COMUNIDAD VALENCIANA;46;VALENCIA;216;218;ROCAFORT;;46218A;0;0
17;COMUNIDAD VALENCIANA;46;VALENCIA;217;219;ROTGLA I CORBERA;;46219A;0;0
17;COMUNIDAD VALENCIANA;46;VALENCIA;218;220;ROTOVA;;46220A;0;0
17;COMUNIDAD VALENCIANA;46;VALENCIA;219;221;RUGAT;;46221A;0;0
17;COMUNIDAD VALENCIANA;46;VALENCIA;220;222;SAGUNTO / SAGUNT;;46222A;0;0
17;COMUNIDAD VALENCIANA;46;VALENCIA;221;223;SALEM;;46223A;0;0
17;COMUNIDAD VALENCIANA;46;VALENCIA;222;224;SANT JOANET;;46224A;0;0
17;COMUNIDAD VALENCIANA;46;VALENCIA;223;225;SEDAVI;;46225A;0;0
17;COMUNIDAD VALENCIANA;46;VALENCIA;224;226;SEGART;;46226A;0;0
17;COMUNIDAD VALENCIANA;46;VALENCIA;225;227;SELLENT;;46227A;0;0
17;COMUNIDAD VALENCIANA;46;VALENCIA;226;228;SEMPERE;;46228A;0;0
17;COMUNIDAD VALENCIANA;46;VALENCIA;227;229;SENYERA;;46229A;0;0
17;COMUNIDAD VALENCIANA;46;VALENCIA;228;230;SERRA;;46230A;0;0
17;COMUNIDAD VALENCIANA;46;VALENCIA;229;231;SIETE AGUAS;;46231A;0;0
17;COMUNIDAD VALENCIANA;46;VALENCIA;230;232;SILLA;;46232A;0;0
17;COMUNIDAD VALENCIANA;46;VALENCIA;231;233;SIMAT DE LA VALLDIGNA;;46233A;0;0
17;COMUNIDAD VALENCIANA;46;VALENCIA;232;234;SINARCAS;;46234A;0;0
17;COMUNIDAD VALENCIANA;46;VALENCIA;233;235;SOLLANA;;46235A;0;0
17;COMUNIDAD VALENCIANA;46;VALENCIA;234;236;SOT DE CHERA;;46236A;0;0
17;COMUNIDAD VALENCIANA;46;VALENCIA;235;237;SUECA;;46237A;0;0
17;COMUNIDAD VALENCIANA;46;VALENCIA;236;238;SUMACARCER;;46238A;0;0
17;COMUNIDAD VALENCIANA;46;VALENCIA;237;239;TAVERNES BLANQUES;;46239A;0;0
17;COMUNIDAD VALENCIANA;46;VALENCIA;238;240;TAVERNES DE LA VALLDIGNA;;46240A;0;0
17;COMUNIDAD VALENCIANA;46;VALENCIA;239;241;TERESA DE COFRENTES;;46241A;0;0
17;COMUNIDAD VALENCIANA;46;VALENCIA;240;242;TERRATEIG;;46242A;0;0
17;COMUNIDAD VALENCIANA;46;VALENCIA;241;243;TITAGUAS;;46243A;0;0
17;COMUNIDAD VALENCIANA;46;VALENCIA;242;244;TORREBAJA;;46244A;0;0
17;COMUNIDAD VALENCIANA;46;VALENCIA;243;245;TORRELLA;;46245A;0;0
17;COMUNIDAD VALENCIANA;46;VALENCIA;244;246;TORRENT;;46246A;0;0
17;COMUNIDAD VALENCIANA;46;VALENCIA;245;247;TORRES TORRES;;46247A;0;0
17;COMUNIDAD VALENCIANA;46;VALENCIA;246;248;TOUS;;46248A;0;0
17;COMUNIDAD VALENCIANA;46;VALENCIA;247;249;TUEJAR;;46249A;0;0
17;COMUNIDAD VALENCIANA;46;VALENCIA;248;250;TURIS;;46250A;0;0
17;COMUNIDAD VALENCIANA;46;VALENCIA;249;251;UTIEL;;46251A;0;0
17;COMUNIDAD VALENCIANA;46;VALENCIA;250;900;VALENCIA;;46900A;0;0
17;COMUNIDAD VALENCIANA;46;VALENCIA;251;253;VALLADA;;46253A;0;0
17;COMUNIDAD VALENCIANA;46;VALENCIA;252;254;VALLANCA;;46254A;0;0
17;COMUNIDAD VALENCIANA;46;VALENCIA;253;255;VALLES;;46255A;0;0
17;COMUNIDAD VALENCIANA;46;VALENCIA;254;256;VENTA DEL MORO;;46256A;0;0
17;COMUNIDAD VALENCIANA;46;VALENCIA;255;257;VILALLONGA/VILLALONGA;;46257A;0;0
17;COMUNIDAD VALENCIANA;46;VALENCIA;256;258;VILAMARXANT;;46258A;0;0
17;COMUNIDAD VALENCIANA;46;VALENCIA;257;259;VILLANUEVA DE CASTELLON;;46259A;0;0
17;COMUNIDAD VALENCIANA;46;VALENCIA;258;260;VILLAR DEL ARZOBISPO;;46260A;0;0
17;COMUNIDAD VALENCIANA;46;VALENCIA;259;261;VILLARGORDO DEL CABRIEL;;46261A;0;0
17;COMUNIDAD VALENCIANA;46;VALENCIA;260;262;VINALESA;;46262A;0;0
17;COMUNIDAD VALENCIANA;46;VALENCIA;261;263;YATOVA;;46263A;0;0
17;COMUNIDAD VALENCIANA;46;VALENCIA;262;264;LA YESA;;46264A;0;0
17;COMUNIDAD VALENCIANA;46;VALENCIA;263;265;ZARRA;;46265A;0;0
17;COMUNIDAD VALENCIANA;46;VALENCIA;902;266;GATOVA;;46266A;0;0
17;COMUNIDAD VALENCIANA;46;VALENCIA;903;267;SAN ANTONIO DE BENAGEBER;;46267A;0;0
17;COMUNIDAD VALENCIANA;46;VALENCIA;904;268;BENICULL DE XUQUER;;46268A;0;0
